core_ID,drive_ID,top_sam_#,bot_sam_#,top_cm,bot_cm,top_age,bot_age,d15N,%N,d13C,%C,C:N_atomic_ratio,bulk_density,C_acc,  MS_SI
CH07,sh,1,4,0.8,2.9,-60,-54,0.08,2,-27.33,19.07,11.12,0.41,2.57,NaN
CH07,sh,5,8,2.9,5.1,-54,-44,-0.13,1.4,-26.89,15.15,12.59,0.03,0.11,NaN
CH07,sh,9,13,5.1,7.8,-44,-37,-0.23,1.43,-25.73,16.67,13.59,0.29,1.8,NaN
CH07,sh,14,18,7.8,10.5,-37,-28,-0.3,1.28,-26.03,14.01,12.76,0.34,1.44,8.90E-06
CH07,sh,19,22,10.5,12.7,-28,-21,-0.19,1.19,-25.91,12.72,12.47,0.39,1.43,1.17E-05
CH07,sh,23,26,12.7,14.8,-21,-13,0.04,1.15,-26.78,12.94,13.12,0.45,1.55,1.39E-05
CH07,sh,27,29,14.8,16.5,-13,-5,0.19,1.1,-26.82,13.23,14.03,0.4,1.25,1.38E-05
CH07,sh,30,32,16.5,18.1,-5,2,0.41,1.19,-28.21,14.61,14.32,0.4,1.19,1.42E-05
CH07,sh,33,34,18.1,19.2,2,9,0.4,1.33,-28.24,16.16,14.17,0.41,1.13,1.44E-05
CH07,sh,35,36,19.2,20.2,9,16,-0.08,1.41,-27.65,16.64,13.76,0.33,0.84,2.30E-05
CH07,sh,37,38,20.2,21.3,16,23,-0.31,1.55,-27.96,17.33,13.04,0.34,0.88,2.53E-05
CH07,sh,39,40,21.3,22.4,23,30,-0.35,1.53,-27.14,18.05,13.76,0.37,0.99,1.93E-05
CH07,sh,41,42,22.4,23.5,30,38,-0.34,1.9,-27.54,21.06,12.93,0.24,0.73,1.44E-05
CH07,sh,43,44,23.5,24.6,38,46,-0.38,1.97,-27.64,22.69,13.43,0.17,0.56,9.80E-06
CH07,sh,45,46,24.6,25.6,46,52,-0.22,1.64,-27.19,19.17,13.63,0.3,1.61,3.40E-06
CH07,sh,47,48,25.6,26.7,52,59,-0.31,1.59,-27.37,19.09,14,0.3,0.94,1.30E-06
CH07,sh,49,50,26.7,27.8,59,62,-0.35,1.46,-28.06,15.2,12.14,0.2,0.51,2.00E-06
CH07,sh,51,52,27.8,28.9,62,69,-0.16,1.69,-27.57,20.31,14.01,0.18,0.59,5.00E-07
CH07,sh,53,54,28.9,30,69,78,0.09,1.71,-26.5,22.31,15.22,0.27,1.01,1.60E-06
CH07,sh,55,56,30,31.1,78,85,-0.06,1.17,-28.92,12.18,12.14,0.29,0.59,1.30E-06
CH07,sh,57,58,31.1,32.1,85,90,0.21,1.71,-26.92,20.13,13.73,0.24,0.8,-1.70E-06
CH07,sh,59,60,32.1,33.2,90,97,0.55,1.66,-26.52,19.1,13.42,0.2,0.65,-1.90E-06
CH07,sh,61,62,33.2,34.3,97,103,0.85,1.8,-26.74,18.02,11.67,0.26,0.8,-2.30E-06
CH07,sh,63,64,34.3,35.4,103,109,0.26,1.75,-27.29,19.12,12.74,0.32,1.03,-4.40E-06
CH07,sh,65,66,35.4,36.5,109,116,0.26,1.69,-27.16,17.51,12.08,0.27,0.82,-1.00E-07
CH07,sh,67,68,36.5,37.5,116,128,0.51,1.68,-27.08,18.15,12.6,0.32,1.02,5.00E-07
CH07,sh,71,71,38.6,39.2,128,131,0.43,1.28,-26.68,14.07,12.82,0.3,0.76,3.80E-06
CH07,sh,72,72,39.2,39.7,131,134,0.32,1.3,-27.09,13.62,12.22,0.29,0.7,5.10E-06
CH07,sh,73,73,39.7,40.3,134,137,0.2,1.36,-27.09,13.44,11.52,0.26,0.62,1.44E-05
CH07,sh,74,74,40.3,40.8,137,140,0.19,1.29,-27.13,13.99,12.65,0.36,0.92,8.61E-05
CH07,sh,75,75,40.8,41.3,140,142,0.25,1.28,-27.11,14.29,13.02,0.34,0.89,7.70E-05
CH07,sh,76,76,41.3,41.9,142,146,-0.07,1.36,-27.25,14.62,12.54,0.24,0.65,4.25E-05
CH07,sh,77,77,41.9,42.4,146,148,-0.04,1.26,-27.35,13.12,12.14,0.29,0.72,4.30E-05
CH07,sh,78,78,42.4,43,148,152,-0.08,1,-26.97,10.16,11.85,0.11,0.22,5.29E-05
CH07,sh,79,79,43,43.5,152,154,0.62,0.49,-26.33,5.48,13.04,0.73,0.77,7.15E-05
CH07,sh,80,80,43.5,44,154,157,0.9,0.49,-26.45,6.11,14.54,0.71,0.83,9.59E-05
CH07,sh,81,81,44,44.5,157,159,-0.13,0.92,-28.59,9.71,12.31,0.51,0.97,8.73E-05
CH07,sh,82,82,44.5,45,159,162,-0.44,1.67,-29.64,17.42,12.16,0.22,0.75,6.37E-05
CH07,sh,83,83,45,45.4,162,164,0.25,1.74,-29.32,20.44,13.7,0.28,1.13,4.86E-05
CH07,sh,84,84,45.4,45.9,164,167,0.48,2.09,-28.98,25.33,14.13,0.18,0.9,2.86E-05
CH07,sh,85,85,45.9,46.4,167,169,0.47,2.12,-29,25.47,14.01,0.18,0.91,1.57E-05
CH07,sh,86,86,46.4,46.9,169,172,0.6,2.03,-29.21,25.81,14.83,0.16,0.81,1.10E-05
CH07,sh,87,87,46.9,47.4,172,174,0.29,1.96,-29.18,23.55,14.01,0.19,0.93,3.30E-06
CH07,sh,88,88,47.4,47.9,174,177,0.36,1.99,-28.86,24.29,14.23,0.2,0.98,8.00E-07
CH07,sh,89,89,47.9,48.3,177,179,0.58,1.97,-28.53,26.43,15.65,0.16,0.86,-1.30E-06
CH07,sh,90,90,48.3,48.8,179,181,0.46,2,-28.42,25.95,15.13,0.16,0.85,-2.80E-06
CH07,sh,91,91,48.8,49.3,181,184,0.51,1.84,-28,24.11,15.28,0.33,1.62,1.00E-06
CH07,sh,92,92,49.3,49.8,184,186,0.56,1.75,-27.99,23.36,15.57,0.32,1.54,-5.60E-06
CH07,sh,94,95,50.3,51.2,189,193,0.89,1.9,-27.85,26.16,16.06,0.26,1.42,-4.80E-06
CH07,sh,96,97,51.2,52.2,193,198,0.83,1.73,-27.8,24.69,16.64,0.27,1.38,-2.10E-06
CH07,sh,98,99,52.2,53.2,198,203,0.74,1.86,-28.04,24.2,15.17,0.21,1.05,-1.00E-06
CH10,2A,16,16,53.2,53.7,203,206,0.98,1.79,-27.93,22.8,14.85,0.17,0.81,-3.50E-06
CH10,2A,17,17,53.7,54.1,206,208,0.94,1.81,-27.99,22.94,14.78,0.14,0.66,-5.00E-07
CH10,2A,18,18,54.1,54.6,208,211,0.91,1.88,-27.84,22.34,13.86,0.16,0.73,8.00E-07
CH10,2A,19,19,54.6,55.1,211,213,1.15,1.6,-27,20.98,15.29,0.17,0.73,-2.20E-06
CH10,2A,20,20,55.1,55.6,213,216,1.26,1.56,-27.11,21.38,15.98,0.18,0.77,-3.60E-06
CH10,2A,21,21,55.6,56.1,216,218,1.35,1.41,-27.75,16.7,13.81,0.2,0.69,1.90E-06
CH10,2A,22,22,56.1,56.6,218,221,1.27,1.43,-28.42,16.26,13.26,0.21,0.67,1.30E-06
CH10,2A,23,23,56.6,57,221,223,1.27,1.41,-27.66,16.14,13.35,0.21,0.67,-5.00E-07
CH10,2A,24,24,57,57.5,223,226,1.18,1.39,-27.69,15.99,13.42,0.21,0.65,2.40E-06
CH10,2A,25,25,57.5,58,226,228,1.27,1.33,-27.81,15.16,13.29,0.23,0.67,1.60E-06
CH10,2A,26,26,58,58.5,228,231,1.05,1.6,-28.12,19.64,14.31,0.2,0.74,0.00E+00
CH10,2A,27,27,58.5,59,231,234,1,1.65,-28.36,20.22,14.29,0.2,0.77,-1.20E-06
CH10,2A,28,28,59,59.5,234,237,0.92,1.55,-28.52,18.39,13.84,0.19,0.68,6.00E-07
CH10,2A,29,29,59.5,60,237,239,0.77,1.56,-28.53,18.15,13.57,0.19,0.63,-4.00E-07
CH10,2A,30,30,60,60.5,239,242,0.59,1.69,-28.88,19.21,13.26,0.19,0.68,-1.60E-06
CH10,2A,31,31,60.5,61.1,242,246,0.83,1.52,-28.52,17.43,13.37,0.2,0.65,0.00E+00
CH10,2A,32,32,61.1,61.6,246,249,0.88,1.69,-29.28,19.72,13.61,0.2,0.7,4.00E-07
CH10,2A,33,33,61.6,62.1,249,251,0.88,1.79,-29.34,23.28,15.17,0.16,0.68,-1.40E-06
CH10,2A,34,34,62.1,62.6,251,254,1.12,1.95,-29.84,26.17,15.65,0.17,0.79,-7.00E-07
CH10,2A,35,35,62.6,63.1,254,257,1.05,1.85,-29.26,24.46,15.42,0.17,0.73,-4.00E-06
CH10,2A,36,36,63.1,63.6,257,260,0.98,1.85,-29.49,23.54,14.84,0.16,0.65,-2.80E-06
CH10,2A,38,39,64.1,65.1,263,270,0.74,1.73,-28.84,21.24,14.32,0.19,0.69,-1.50E-06
CH10,2A,42,43,66.2,67.2,276,283,0.74,1.95,-26.9,27.79,16.62,0.19,0.82,-1.30E-06
CH10,2A,46,47,68.2,69.2,286,293,0.58,1.68,-27.21,21.75,15.1,0.19,0.64,-3.50E-06
CH10,2A,50,51,70.3,71.3,303,310,0.86,1.86,-28.71,21.57,13.52,0.2,0.65,-2.40E-06
CH10,2A,54,55,72.3,73.3,317,324,0.9,1.81,-28.88,21.08,13.58,0.2,0.6,0.00E+00
CH10,2A,58,59,74.3,75.4,331,339,0.55,1.92,-28.37,22.37,13.59,0.16,0.52,-2.00E-07
CH10,2A,62,63,76.4,77.4,346,353,0.79,1.95,-28.68,23.05,13.78,0.17,0.54,-1.20E-06
CH10,2A,66,67,78.4,79.5,360,368,0.39,1.95,-28.61,23.39,13.99,0.17,0.54,-1.80E-06
CH10,2A,70,71,80.5,81.5,376,383,0.38,1.86,-28.91,23.12,14.5,0.16,0.49,-2.40E-06
CH10,2A,74,75,82.5,83.5,391,398,0.76,1.98,-29.07,25.28,14.89,0.16,0.53,-2.00E-06
CH10,2A,78,79,84.5,85.5,406,414,0.7,1.96,-28.68,24.65,14.67,0.13,0.41,-8.00E-07
CH10,2A,82,83,86.5,87.5,421,429,0.66,1.65,-28.5,22.71,16.05,0.15,0.43,-2.20E-06
CH10,2A,86,87,88.5,89.5,437,445,1.12,1.59,-27.96,21.67,15.89,0.14,0.38,7.00E-07
CH10,2A,90,91,90.5,91.5,452,460,1.44,1.61,-28.58,22.72,16.46,0.1,0.28,-1.50E-06
CH10,2A,94,95,92.5,93.5,468,476,1.1,1.44,-27.98,19.22,15.57,0.13,0.31,-3.40E-06
CH10,2A,97,97,94,94.5,480,484,0.89,1.42,-27.73,16.7,13.77,0.2,0.41,4.20E-06
CH10,2A,98,98,94.5,95,484,488,1.14,1.22,-26.91,13.33,12.75,0.22,0.35,2.40E-06
CH10,2A,99,99,95,95.5,488,492,0.93,1.29,-27.96,14.89,13.44,0.21,0.39,3.10E-06
CH10,2A,100,100,95.5,96,492,496,0.53,1.31,-27.77,15.17,13.5,0.19,0.36,3.00E-06
CH10,2A,101,101,96,96.5,496,499,1.14,1.3,-27.44,14.45,12.99,0.22,0.38,3.70E-06
CH10,2A,102,102,96.5,97,499,503,1.01,1.22,-27.32,13.62,13.04,0.23,0.37,2.00E-06
CH10,2A,103,103,97,97.5,503,507,0.94,1.27,-27.11,14.42,13.27,0.2,0.35,2.30E-06
CH10,2A,104,104,97.5,98,507,511,1.06,1.27,-27.28,14.6,13.37,0.2,0.35,1.20E-06
CH10,2A,105,105,98,98.5,511,515,0.84,1.29,-27.48,15.5,14.04,0.22,0.41,5.00E-07
CH10,2A,106,106,98.5,99,515,519,1.28,1.42,-27.83,18.1,14.86,0.21,0.46,1.40E-06
CH10,2A,107,107,99,99.5,519,523,0.98,1.58,-28.21,20.35,15.05,0.19,0.47,2.00E-06
CH10,2A,108,108,99.5,100,523,527,0.62,1.56,-28.16,19.97,14.96,0.17,0.42,2.70E-06
CH10,2A,109,109,100,100.5,527,531,0.17,1.65,-28.86,20.79,14.68,0.19,0.47,7.00E-07
CH10,2A,110,110,100.5,101,531,535,0.56,1.8,-28.68,23.54,15.29,0.16,0.46,-2.00E-07
CH10,2A,111,111,101,101.5,535,539,0.67,1.87,-28.77,24.33,15.2,0.15,0.45,-2.10E-06
CH10,2A,112,112,101.5,102,539,543,0.68,1.94,-28.86,24.74,14.84,0.16,0.47,-1.80E-06
CH10,2A,113,113,102,102.5,543,547,0.86,1.63,-28.02,21.53,15.44,0.16,0.42,-5.00E-07
CH10,2A,114,114,102.5,103,547,551,0.86,1.68,-28.19,21.88,15.18,0.12,0.31,1.70E-06
CH10,2A,115,115,103,103.5,551,555,1.05,1.61,-27.64,21.39,15.5,0.19,0.48,3.80E-06
CH10,2A,116,116,103.5,104,555,559,0.89,1.7,-28.15,22.27,15.32,0.17,0.47,8.00E-07
CH10,2A,117,117,104,104.5,559,563,1.01,1.75,-28.44,23.25,15.49,0.18,0.52,3.20E-06
CH10,2A,118,119,104.5,105.5,563,571,1.25,1.59,-28.15,20.94,15.36,0.16,0.41,3.00E-06
CH10,2A,122,123,106.5,107.5,579,586,0.8,1.57,-27.6,21.79,16.19,0.16,0.43,2.50E-06
CH10,2A,124,124,107.5,108,586,590,0.89,1.48,-26.3,22.18,17.5,0.19,0.51,4.00E-06
CH10,2A,125,125,108,108.5,590,594,0.8,1.46,-26.54,19.17,15.32,0.2,0.48,4.80E-06
CH10,2A,126,126,108.5,109,594,598,0.52,1.41,-27.09,16.72,13.81,0.19,0.39,5.70E-06
CH10,2A,127,127,109,109.5,598,602,0.15,1.19,-26.29,13.26,13,0.19,0.31,8.50E-06
CH10,2A,128,128,109.5,110,602,606,-0.02,1,-26.4,10.57,12.31,0.25,0.32,1.87E-05
CH10,2A,129,129,110,110.5,606,610,-0.16,0.56,-26.65,5.09,10.55,0.47,0.29,5.34E-05
CH10,2A,130,130,110.5,111,610,614,0.79,1.36,-26.95,16.4,14.1,0.23,0.47,9.50E-06
CH10,2A,131,131,111,111.5,614,618,1.14,1.57,-26.67,19.45,14.49,0.19,0.46,2.30E-06
CH10,2A,132,132,111.5,112,618,622,1.18,1.65,-27.3,20.38,14.37,0.16,0.42,-2.90E-06
CH10,2A,133,133,112,112.5,622,626,1.03,1.68,-27.72,20.92,14.56,0.17,0.45,1.10E-06
CH10,2A,134,134,112.5,113,626,630,1.24,1.75,-27.5,21.35,14.27,0.16,0.42,-3.00E-06
CH10,2A,138,139,114.5,115.5,641,649,1.28,1.71,-28.53,21.43,14.61,0.14,0.38,-2.60E-06
CH10,2A,142,143,116.5,117.5,657,664,1.02,1.53,-28.57,21.32,16.25,0.16,0.45,8.00E-07
CH10,2A,146,147,118.5,119.5,672,680,1.15,1.45,-28.28,19.02,15.3,0.17,0.43,1.80E-06
CH10,2A,150,151,120.5,121.5,687,695,1.16,1.32,-28.08,16.74,14.79,0.2,0.44,3.60E-06
CH10,2A,154,155,122.5,123.5,702,710,1.05,1.31,-27.24,16.75,14.91,0.19,0.43,2.30E-06
CH10,2A,158,159,124.5,125.5,717,725,1.09,1.4,-27.49,17.34,14.44,0.2,0.46,2.80E-06
CH10,2A,162,163,126.5,127.5,732,739,0.88,1.48,-27.46,20.06,15.81,0.17,0.48,1.30E-06
CH10,2A,166,167,128.5,129.5,747,754,1.06,1.5,-27.73,19.48,15.14,0.2,0.55,1.80E-06
CH10,2A,170,171,130.5,131.5,761,768,1.21,1.51,-27.76,20.26,15.65,0.2,0.57,8.00E-07
CH10,2A,174,175,132.5,133.5,775,782,0.85,1.45,-27.13,17.71,14.24,0.19,0.49,3.60E-06
CH10,2A,178,179,134.5,135.5,789,797,0.95,1.2,-27.05,13.81,13.42,0.18,0.36,3.30E-06
CH10,2A,182,183,136.5,137.5,804,811,1.25,1.21,-27.05,14.17,13.66,0.22,0.46,3.50E-06
CH10,2A,186,187,138.5,139.5,818,825,1.31,1.37,-27.66,18.07,15.38,0.22,0.59,2.50E-06
CH10,2A,190,191,140.5,141.5,832,839,1.19,1.23,-26.75,17.35,16.45,0.2,0.51,3.00E-06
CH10,2A,194,195,142.5,143.5,846,853,0.83,1.2,-26.11,16.22,15.76,0.23,0.55,7.00E-06
CH10,1A,97,98,145,146,864,871,0.86,1.22,-25.29,18.45,17.64,0.22,0.6,6.80E-06
CH10,1A,101,102,147,148,878,885,1.05,1.36,-26.58,15.91,13.64,0.21,0.48,9.00E-06
CH10,2B,7,8,149.5,150.5,896,903,0.83,1.56,-27.94,21.93,16.39,0.2,0.62,2.60E-06
CH10 ,2B,11,12,151.5,152.5,910,917,0.79,1.7,-28,22.45,15.4,0.14,0.43,3.40E-06
CH10 ,2B,13,13,152.5,153,917,921,0.86,1.61,-27.62,22.86,16.57,0.19,0.61,5.60E-06
CH10,2B,14,14,153,153.5,921,925,1.34,1.52,-27,22.06,16.96,0.16,0.51,5.70E-06
CH10,2B,15,15,153.5,154,925,928,1.17,1.36,-27.88,17.43,14.9,0.2,0.49,8.60E-06
CH10,2B,16,16,154,154.5,928,932,1.15,1.44,-27.41,19.29,15.59,0.2,0.54,8.80E-06
CH10,2B,17,17,154.5,155,932,936,0.97,1.3,-27.56,16.08,14.48,0.24,0.53,6.50E-06
CH10,2B,18,18,155,155.5,936,939,1.24,1.37,-27.42,16.88,14.41,0.22,0.51,7.60E-06
CH10,2B,19,19,155.5,156,939,943,0.97,1.45,-27.82,18.84,15.2,0.19,0.5,6.20E-06
CH10,2B,20,20,156,156.5,943,947,1.07,1.46,-28.01,19.16,15.3,0.19,0.51,8.20E-06
CH10,2B,21,21,156.5,157,947,951,0.83,1.5,-28.18,20.26,15.79,0.19,0.54,5.53E-05
CH10,2B,22,22,157,157.5,951,954,0.39,1.45,-28.24,18.72,15.02,0.22,0.57,9.40E-06
CH10,2B,23,23,157.5,158,954,958,0.52,1.46,-28.07,18.91,15.06,0.21,0.54,7.40E-06
CH10,2B,24,24,158,158.5,958,962,0.65,1.71,-28.74,20.91,14.28,0.19,0.54,4.90E-06
CH10,2B,25,25,158.5,159,962,966,0.77,1.51,-28.12,19.5,15.09,0.22,0.57,3.00E-06
CH10,2B,26,26,159,159.5,966,969,0.71,1.54,-28.17,19.25,14.61,0.2,0.53,4.60E-06
CH10,2B,27,27,159.5,160,969,973,0.68,1.55,-28.76,19.61,14.77,0.21,0.54,4.60E-06
CH10,2B,28,28,160,160.5,973,977,0.73,1.55,-28.7,19.73,14.83,0.19,0.49,3.50E-06
CH10,2B,29,29,160.5,161,977,981,1.01,1.88,-29.49,27.47,17.01,0.15,0.53,6.00E-07
CH10,2B,30,30,161,161.5,981,985,1.04,1.85,-29.41,26.77,16.86,0.17,0.62,-1.80E-06
CH10,2B,31,31,161.5,162,985,989,1.14,1.84,-29.31,25.59,16.18,0.17,0.58,-3.00E-07
CH10,2B,32,32,162,162.5,989,992,0.92,1.75,-29.11,23.52,15.67,0.17,0.53,-4.00E-07
CH10,2B,35,36,163.5,164.5,1000,1008,0.79,1.66,-29.22,21.76,15.29,0.13,0.36,2.90E-06
CH10,2B,39,40,165.5,166.5,1016,1024,0.68,1.62,-27.79,21.73,15.64,0.13,0.37,4.60E-06
CH10,2B,43,44,167.5,168.5,1032,1040,1.05,1.39,-26.96,17.98,15.08,0.17,0.38,2.00E-06
CH10,2B,47,48,169.5,170.5,1048,1056,0.95,1.14,-26.95,13.71,14.02,0.18,0.3,-4.00E-07
CH10,2B,51,52,171.5,172.5,1064,1072,1.19,1.32,-26.22,15.6,13.78,0.18,0.35,4.00E-07
CH10,2B,55,56,173.5,174.5,1081,1089,0.86,1.18,-25.83,13.4,13.24,0.19,0.31,-1.30E-06
CH10,2B,59,60,175.5,176.5,1097,1106,0.76,1.08,-25.3,11.53,12.45,0.2,0.28,-2.10E-06
CH10,2B,63,64,177.5,178.5,1114,1123,0.91,0.79,-25.99,7.92,11.69,0.13,0.12,-7.20E-06
CH10,2B,67,68,179.5,180.5,1132,1140,1.53,1.36,-26.03,16,13.72,0.19,0.35,6.50E-06
CH10,2B,71,72,181.5,182.5,1149,1158,1.18,1.32,-26.02,16.28,14.38,0.16,0.31,2.60E-06
CH10,2B,75,76,183.5,184.5,1167,1176,1.17,1.19,-26.41,14.72,14.43,0.18,0.3,4.90E-06
CH10,2B,79,79,185.5,186,1185,1189,0.81,0.9,-26.28,10.01,12.97,0.16,0.18,2.00E-06
CH10,2B,80,80,186,186.5,1189,1194,0.99,0.92,-26.73,10.34,13.11,0.16,0.18,3.40E-06
CH10,2B,81,81,186.5,187,1194,1198,1.34,0.76,-26.83,8.56,13.13,0.18,0.17,2.10E-06
CH10,2B,82,82,187,187.5,1198,1203,1.65,1.04,-26.75,11.79,13.22,0.21,0.28,7.10E-06
CH10,2B,83,83,187.5,188,1203,1208,1.62,1.07,-26.79,12.12,13.21,0.19,0.26,8.50E-06
CH10,2B,84,84,188,188.5,1208,1212,1.65,1.25,-27.08,14.02,13.08,0.21,0.32,9.30E-06
CH10,2B,85,85,188.5,189,1212,1217,1.82,1.13,-27.72,13.51,13.94,0.2,0.29,9.80E-06
CH10,2B,86,86,189,189.5,1217,1222,1.57,1.06,-26.36,11.9,13.09,0.2,0.25,9.50E-06
CH10,2B,87,87,189.5,190,1222,1226,1.9,1.03,-27.02,11.63,13.17,0.21,0.26,9.20E-06
CH10,2B,88,88,190,190.5,1226,1231,1.74,1.03,-26.88,11.69,13.24,0.21,0.27,1.23E-05
CH10,2B,89,89,190.5,191,1231,1236,1.71,0.57,-26.16,6.92,14.16,0.38,0.28,4.90E-05
CH10,2B,90,90,191,191.5,1236,1240,2.07,0.65,-26.24,8.41,15.09,0.38,0.34,3.73E-05
CH10,2B,91,91,191.5,192,1240,1245,1.74,1.1,-25.99,12.94,13.72,0.21,0.29,2.23E-05
CH10,2B,92,92,192,192.5,1245,1250,1.76,1.16,-25.9,13.64,13.71,0.16,0.24,5.90E-06
CH10,2B,93,93,192.5,193,1250,1254,1.64,1.21,-25.57,14.69,14.16,0.17,0.27,5.70E-06
CH10,2B,94,94,193,193.5,1254,1259,1.26,1.21,-25.43,14.68,14.15,0.19,0.3,6.90E-06
CH10,2B,95,95,193.5,194,1259,1264,0.89,1.15,-25.76,14.21,14.41,0.21,0.3,1.70E-06
CH10,2B,96,96,194,194.5,1264,1269,1.13,1.11,-25.72,13.38,14.06,0.2,0.27,0.00E+00
CH10,2B,97,97,194.5,195,1269,1274,1.03,1.22,-25.97,15.08,14.41,0.19,0.29,1.80E-06
CH10,2B,98,98,195,195.5,1274,1279,1.11,1.22,-26.01,15.04,14.38,0.19,0.29,1.70E-06
CH10,2B,99,99,195.5,196,1279,1283,1.04,1.23,-25.94,14.65,13.89,0.19,0.28,1.30E-06
CH10,2B,100,100,196,196.5,1283,1288,1.04,1.15,-25.84,13.55,13.74,0.21,0.3,2.40E-06
CH10,2B,101,101,196.5,197,1288,1293,0.71,1.17,-25.74,14.12,14.07,0.18,0.26,2.20E-06
CH10,2B,104,105,198,199,1303,1313,0.42,0.86,-25.72,9.21,12.49,0.14,0.13,4.00E-07
CH10,2B,108,109,200,201,1323,1332,1.07,1.19,-25.75,13.41,13.14,0.19,0.25,5.10E-06
CH10,2B,112,113,202,203,1342,1352,1.84,1.09,-26.59,12.22,13.07,0.2,0.24,4.10E-06
CH10,2B,116,117,204,205,1362,1372,0.88,1.23,-26.2,13.99,13.26,0.16,0.23,5.00E-06
CH10,2B,120,121,206,207,1382,1392,1.47,1.16,-26.85,13.92,13.99,0.2,0.28,5.70E-06
CH10,2B,124,125,208,209,1402,1412,1.07,1.35,-25.62,18.28,15.79,0.18,0.33,3.40E-06
CH10,2B,128,129,210,211,1422,1432,1.1,1.42,-26.18,17.24,14.16,0.17,0.3,2.50E-06
CH10,2B,132,133,212,213,1442,1451,1.24,1.35,-26.39,17.27,14.92,0.17,0.29,4.50E-06
CH10,2B,136,137,214,215,1461,1471,0.88,1.28,-26.24,15.79,14.39,0.16,0.26,2.70E-06
CH10,2B,140,141,216,217,1481,1491,1.51,1.24,-26.38,16.33,15.36,0.16,0.27,4.10E-06
CH10,2B,144,145,218,219,1495,1505,0.87,1.54,-26.16,20.42,15.46,0.15,0.32,-1.10E-06
CH10,2B,148,149,220,221,1519,1529,0.79,1.36,-25.99,19.93,17.09,0.17,0.35,5.00E-07
CH10,2B,152,153,222,223,1538,1547,1.18,1.21,-26.81,16.07,15.49,0.19,0.32,-4.00E-07
CH10,2B,156,157,224,225,1557,1566,1.2,1.28,-26.74,15.79,14.39,0.18,0.3,4.60E-06
CH10,2B,160,161,226,227,1575,1584,0.67,1.35,-26.13,19.59,16.92,0.16,0.35,1.10E-06
CH10,2B,164,164,228,228.5,1593,1597,0.66,1.55,-24.54,26.4,19.87,0.18,0.55,-1.80E-06
CH10,2B,165,165,228.5,229,1597,1601,0.74,1.57,-24.41,28.98,21.58,0.17,0.57,7.00E-07
CH10,2B,166,166,229,229.5,1601,1606,0.99,1.58,-23.97,31.78,23.46,0.16,0.58,-3.30E-06
CH10,2B,167,167,229.5,230,1606,1610,0.81,1.51,-24.38,24.73,19.06,0.19,0.54,-1.60E-06
CH10,2B,168,168,230,230.5,1610,1614,0.81,1.36,-25.81,17.57,15.02,0.23,0.47,3.80E-06
CH10,2B,169,169,230.5,231,1614,1618,1.53,1.42,-27.16,16.75,13.78,0.21,0.42,1.70E-06
CH10,2B,170,170,231,231.5,1618,1623,1.75,1.38,-27.37,17.02,14.36,0.24,0.48,2.80E-06
CH10 ,2B,171,171,231.5,232,1623,1627,1.15,1.39,-26.09,17.19,14.4,0.21,0.43,1.60E-06
CH10,2B,172,172,232,232.5,1627,1631,1.23,1.43,-26.52,18.79,15.28,0.22,0.5,2.00E-06
CH10,2B,173,173,232.5,233,1631,1635,1.06,1.45,-25.92,19.3,15.54,0.23,0.52,2.00E-07
CH10,2B,174,174,233,233.5,1635,1639,0.44,1.23,-25.08,16.16,15.32,0.17,0.33,-9.00E-07
CH10,2B,175,175,233.5,234,1639,1643,0.18,1.3,-24.99,20.38,18.31,0.18,0.44,-2.30E-06
CH10,2B,176,176,234,234.5,1643,1647,0.48,1.47,-24.5,27.41,21.75,0.17,0.59,-3.30E-06
CH10,2B,177,177,234.5,235,1647,1651,0.66,1.58,-23.9,35.73,26.4,0.14,0.62,-4.80E-06
CH10,2B,178,178,235,235.5,1651,1655,0.68,1.41,-24.52,26.49,21.89,0.18,0.6,-3.40E-06
CH10,2B,179,179,235.5,236,1655,1659,0.58,1.27,-24.9,18.96,17.35,0.21,0.49,-2.00E-06
CH10,2B,180,180,236,236.5,1659,1663,0.9,1.17,-25.9,14.68,14.66,0.19,0.36,-1.40E-06
CH10,2B,181,181,236.5,237,1663,1667,1.07,1.33,-26.44,16.63,14.61,0.22,0.47,1.90E-06
CH10,2B,182,182,237,237.5,1667,1671,1.29,1.41,-26.38,17.57,14.55,0.2,0.46,3.20E-06
CH10,2B,183,183,237.5,238,1671,1674,0.91,1.4,-26.36,17.52,14.57,0.2,0.47,2.70E-06
CH10,2B,184,184,238,238.5,1674,1678,1.35,1.39,-25.92,17.11,14.33,0.23,0.52,2.70E-06
CH10,2B,188,189,240,241,1689,1696,1.78,1.27,-26.66,15.71,14.43,0.21,0.46,4.60E-06
CH10,2B,192,193,242,243,1703,1710,1.87,1.19,-26.58,16.1,15.78,0.19,0.45,4.70E-06
CH10,1B,85,86,243.9,244.8,1716,1722,0.95,0.9,-25.57,9.93,12.87,0.2,0.31,1.06E-05
CH10,1B,89,90,245.7,246.6,1727,1733,0.81,0.98,-25.64,11.43,13.6,0.22,0.4,1.31E-05
CH10,1B,93,94,247.5,248.5,1739,1745,1.13,0.94,-26.22,10.72,13.3,0.21,0.36,8.90E-06
CH10,2C,7,8,249.5,250.5,1751,1756,0.82,0.88,-26.17,10.88,14.42,0.21,0.39,9.10E-06
CH10,2C,11,12,251.5,252.5,1762,1768,1.88,1.22,-25.88,15.71,15.02,0.22,0.61,1.48E-05
CH10,2C,15,16,253.5,254.5,1773,1779,1.96,1.13,-25.99,14.58,15.05,0.21,0.56,1.44E-05
CH10,2C,19,20,255.5,256.5,1784,1789,1.7,0.97,-27.45,11.7,14.07,0.26,0.57,5.80E-06
CH10,2C,23,24,257.5,258.5,1794,1800,0.91,1.23,-25.73,14.74,13.98,0.22,0.62,4.20E-06
CH10,2C,27,28,259.5,260.5,1805,1810,1.09,1.12,-25.76,14.31,14.9,0.26,0.72,5.00E-07
CH10,2C,31,32,261.5,262.5,1815,1820,1.3,0.91,-28.69,10.26,13.15,0.3,0.61,5.40E-06
CH10,2C,35,36,263.5,264.5,1825,1829,1.5,1.01,-26.16,12.21,14.1,0.2,0.5,-9.50E-06
CH10,2C,39,40,265.5,266.5,1834,1839,1.02,0.94,-26.75,10.64,13.2,0.21,0.45,-7.60E-06
CH10,2C,43,44,267.5,268.5,1844,1849,1.43,1.23,-25.89,16.51,15.65,0.18,0.61,-9.80E-06
CH10,2C,45,45,268.5,269,1849,1851,1.14,1.06,-26.09,13.19,14.51,0.21,0.56,-1.86E-05
CH10,2C,46,46,269,269.5,1851,1854,0.94,1.08,-25.79,12.37,13.36,0.2,0.51,-1.40E-05
CH10,2C,47,47,269.5,270,1854,1856,1.17,1.17,-25.89,13.78,13.74,0.2,0.55,-1.15E-05
CH10,2C,48,48,270,270.5,1856,1858,1.06,1.13,-25.76,12.87,13.28,0.2,0.52,-1.16E-05
CH10,2C,49,49,270.5,271,1858,1861,1.09,1.01,-26.03,11.12,12.84,0.19,0.43,-1.16E-05
CH10,2C,50,50,271,271.5,1861,1863,1.11,1.09,-25.81,12.63,13.51,0.18,0.45,-3.20E-06
CH10,2C,51,51,271.5,272,1863,1866,1.05,1.03,-25.94,12.14,13.75,0.21,0.5,-4.20E-06
CH10,2C,52,52,272,272.5,1866,1868,0.91,1.01,-26.04,12.1,13.97,0.23,0.57,-2.80E-06
CH10,2C,53,53,272.5,273,1868,1871,0.69,0.97,-25.92,11.59,13.93,0.2,0.46,-5.60E-06
CH10,2C,54,54,273,273.5,1871,1873,0.84,1.03,-25.98,12.26,13.88,0.16,0.4,-9.40E-06
CH10,2C,55,55,273.5,274,1873,1876,0.56,1.12,-26.38,13.09,13.63,0.15,0.39,-9.00E-06
CH10,2C,56,56,274,274.5,1876,1878,0.71,0.99,-26.46,11.72,13.81,0.19,0.45,-1.04E-05
CH10,2C,57,57,274.5,275,1878,1881,1.14,0.9,-26.27,10.07,13.05,0.16,0.31,-8.60E-06
CH10,2C,58,58,275,275.5,1881,1883,1.18,1.09,-26.38,13.06,13.97,0.16,0.42,-6.10E-06
CH10,2C,59,59,275.5,276,1883,1886,1.08,1.17,-26.24,13.41,13.37,0.22,0.58,-3.00E-06
CH10,2C,60,60,276,276.5,1886,1888,0.81,1.11,-26.34,12.31,12.93,0.19,0.45,-8.00E-06
CH10,2C,61,61,276.5,277,1888,1891,1.23,1.18,-25.96,13.79,13.63,0.19,0.5,-8.40E-06
CH10,2C,62,62,277,277.5,1891,1893,1.49,1.22,-26.13,14.84,14.19,0.19,0.55,-6.40E-06
CH10,2C,63,63,277.5,278,1893,1896,1.61,1.27,-26.13,15.19,13.95,0.18,0.52,-4.70E-06
CH10,2C,64,64,278,278.5,1896,1898,1.31,1.37,-25.94,15.8,13.45,0.18,0.53,-9.40E-06
CH10,2C,65,65,278.5,279,1898,1901,1.36,1.3,-25.78,14.82,13.29,0.17,0.46,-7.50E-06
CH10,2C,67,68,279.5,280.5,1904,1909,1.21,1.39,-26.04,16.13,13.53,0.19,0.56,-3.50E-06
CH10,2C,71,72,281.5,282.5,1914,1920,1.13,1.29,-26.24,14.56,13.16,0.18,0.46,-7.30E-06
CH10,2C,75,76,283.5,284.5,1925,1931,0.82,1.42,-26.05,16.77,13.77,0.17,0.49,-5.50E-06
CH10,2C,79,80,285.5,286.5,1936,1942,0.69,1.21,-25.95,14.1,13.59,0.19,0.46,-5.50E-06
CH10,2C,83,84,287.5,288.5,1948,1954,1.17,1.37,-25.99,16.77,14.28,0.17,0.47,-2.50E-06
CH10,2C,87,88,289.5,290.5,1960,1967,1.19,1.54,-25.1,19.9,15.07,0.16,0.5,-7.40E-06
CH10,2C,91,92,291.5,292.5,1973,1980,0.81,1.27,-25.64,16.6,15.24,0.16,0.41,-6.60E-06
CH10,2C,95,96,293.5,294.5,1986,1993,1.34,1.22,-25.81,14.72,14.07,0.18,0.39,-2.30E-06
CH10,2C,99,100,295.5,296.5,2000,2007,0.9,1.08,-26.01,11.88,12.83,0.2,0.33,-1.80E-06
CH10,2C,103,104,297.5,298.5,2014,2021,1.68,1.14,-25.65,13.54,13.85,0.22,0.41,1.70E-06
CH10,2C,107,108,299.5,300.5,2029,2036,1.41,1.36,-25.23,19.06,16.34,0.17,0.44,-2.30E-06
CH10,2C,111,112,301.5,302.5,2040,2051,2.05,1.24,-25.89,16.93,15.92,0.2,0.44,-2.30E-06
CH10,2C,115,115,303.5,304,2059,2063,1.53,1.2,-25.93,15.4,14.97,0.24,0.49,-1.20E-06
CH10,2C,116,116,304,304.5,2063,2066,1.52,1.29,-26.34,17.51,15.83,0.2,0.46,-1.50E-06
CH10,2C,117,117,304.5,305,2066,2070,1.7,1.28,-26.08,19.14,17.44,0.2,0.5,-4.30E-06
CH10,2C,118,118,305,305.5,2070,2074,1.92,1.24,-26.42,16.55,15.56,0.2,0.42,-6.00E-07
CH10,2C,119,119,305.5,306,2074,2078,1.85,1.18,-27.32,14.16,13.99,0.25,0.46,1.40E-06
CH10,2C,120,120,306,306.5,2078,2082,1.68,1.08,-27.22,12.31,13.29,0.22,0.34,3.20E-06
CH10,2C,121,121,306.5,307,2082,2086,1.59,1.1,-28.46,13.47,14.28,0.23,0.4,3.10E-06
CH10,2C,122,122,307,307.5,2086,2090,1.59,1.06,-27.62,13.09,14.4,0.24,0.39,6.70E-06
CH10,2C,123,123,307.5,308,2090,2094,1.52,0.84,-26.46,11.8,16.38,0.28,0.42,8.40E-06
CH10,2C,124,124,308,308.5,2094,2098,1.68,0.79,-26.21,9.82,14.5,0.29,0.36,9.80E-06
CH10,2C,125,125,308.5,309,2098,2102,1.63,0.67,-26.56,7.7,13.4,0.36,0.35,1.41E-05
CH10,2C,126,126,309,309.5,2102,2106,1.87,0.53,-26.2,4.68,10.3,0.41,0.24,3.54E-05
CH10,2C,127,127,309.5,310,2106,2110,1.9,0.25,-25.17,4.17,19.45,0.92,0.48,1.07E-04
CH10,2C,128,128,310,310.5,2110,2114,2.35,0.6,-27.19,7.36,14.31,0.5,0.46,7.88E-05
CH10,2C,129,129,310.5,311,2114,2118,2.28,0.43,-25.23,4.32,11.72,0.76,0.41,1.53E-04
CH10,2C,130,130,311,311.5,2118,2122,2.06,0.43,-25.31,5.83,15.81,0.68,0.49,2.01E-04
CH10,2C,131,131,311.5,312,2122,2126,1.52,0.5,-25.3,7.58,17.68,0.69,0.65,8.70E-05
CH10,2C,132,132,312,312.5,2126,2130,1.44,1.18,-25.64,13.95,13.79,0.19,0.32,1.50E-06
CH10,2C,133,133,312.5,313,2130,2134,1.5,1.14,-25.8,13.83,14.15,0.2,0.34,-2.90E-06
CH10,2C,134,134,313,313.5,2134,2138,1.56,1.2,-26.14,14.88,14.46,0.2,0.36,-1.80E-06
CH10,2C,135,135,313.5,314,2138,2142,1.2,1.14,-26.33,13.25,13.55,0.2,0.33,6.00E-07
CH10,2C,136,136,314,314.5,2142,2146,1.07,1.18,-26.28,13.94,13.78,0.21,0.36,-2.50E-06
CH10,2C,137,137,314.5,315,2146,2151,1.1,1.24,-25.41,15.24,14.33,0.19,0.36,-5.50E-06
CH10,2C,138,138,315,315.5,2151,2155,1.06,1.22,-26.11,15.03,14.37,0.19,0.35,-7.10E-06
CH10,2C,139,139,315.5,316,2155,2159,0.72,1.32,-27.47,16.62,14.68,0.2,0.41,-3.40E-06
CH10,2C,140,140,316,316.5,2159,2163,0.94,1.35,-26.32,18.11,15.64,0.2,0.44,-7.00E-06
CH10,2C,141,141,316.5,317,2163,2167,1.15,1.28,-25.62,17.41,15.86,0.16,0.34,-8.70E-06
CH10,2C,142,142,317,317.5,2167,2171,1.19,1.51,-25.88,21.84,16.87,0.17,0.44,-1.13E-05
CH10,2C,143,143,317.5,318,2171,2175,1.46,1.67,-26.47,25.8,18.02,0.15,0.47,-1.11E-05
CH10,2C,144,144,318,318.5,2175,2179,1.48,1.49,-25.9,23.14,18.11,0.2,0.56,-1.22E-05
CH10,2C,145,145,318.5,319,2179,2183,1.8,1.27,-25.72,17.42,16,0.22,0.46,-8.00E-06
CH10,2C,146,146,319,319.5,2183,2187,1.74,1.24,-25.82,16.35,15.38,0.22,0.43,-5.80E-06
CH10,2C,147,147,319.5,320,2187,2192,1.82,1.23,-25.86,16.13,15.29,0.24,0.46,-5.10E-06
CH10,2C,148,148,320,320.5,2192,2196,1.84,1.21,-26.14,15.94,15.36,0.21,0.41,-5.50E-06
CH10,2C,149,149,320.5,321,2196,2200,2.02,1.3,-25.77,18.2,16.33,0.24,0.52,-5.70E-06
CH10,2C,150,150,321,321.5,2200,2204,1.85,1.19,-25.42,15.2,14.9,0.2,0.37,-5.10E-06
CH10 ,2C,151,151,321.5,322,2204,2208,1.92,1.24,-25.64,16.12,15.16,0.22,0.43,-5.70E-06
CH10 ,2C,152,152,322,322.5,2208,2212,1.8,1.16,-25.41,14.71,14.79,0.21,0.38,-6.00E-06
CH10,2C,153,153,322.5,323,2212,2216,1.51,1.28,-25.88,15.81,14.4,0.22,0.42,-5.60E-06
CH10,2C,154,154,323,323.5,2216,2220,1.79,1.2,-26.31,14.75,14.33,0.2,0.37,-7.80E-06
CH10,2C,155,156,323.5,324.5,2220,2228,1.45,1.32,-26.94,17.24,15.23,0.21,0.44,-4.90E-06
CH10,2C,159,160,325.5,326.5,2237,2245,1.22,1.18,-26.43,16.33,16.14,0.23,0.46,-4.80E-06
CH10,2C,163,164,327.5,328.5,2253,2261,0.89,1.47,-26.02,20.31,16.11,0.18,0.45,-4.60E-06
CH10,2C,167,168,329.5,330.5,2269,2277,0.46,1.4,-25.45,18.93,15.77,0.16,0.39,-5.40E-06
CH10,2C,171,172,331.5,332.5,2285,2292,0.08,1.3,-25.16,18.17,16.3,0.15,0.35,-8.20E-06
CH10,2C,175,176,333.5,334.5,2300,2308,0.45,1.56,-24.94,22.56,16.86,0.17,0.51,-6.60E-06
CH10,2C,179,180,335.5,336.5,2316,2323,1.15,1.37,-25.91,19,16.17,0.21,0.54,-3.90E-06
CH10,2C,183,184,337.5,338.5,2331,2338,1.43,1.43,-26.1,18.69,15.24,0.21,0.54,-6.60E-06
CH10,2C,187,188,339.5,340.5,2345,2352,1.02,1.36,-25.16,17.6,15.09,0.17,0.42,-4.80E-06
CH10,2C,191,192,341.5,342.5,2360,2367,1.29,1.1,-25.22,14,14.84,0.2,0.41,-3.50E-06
CH10,2C,195,196,343.5,344.4,2373,2380,1.96,1.47,-25.91,20.27,16.08,0.23,0.7,-2.40E-06
CH10,1C,96,96,346.2,346.7,2392,2395,1.19,1.2,-24.7,16.62,16.19,0.23,0.6,3.70E-06
CH10,1C,97,97,346.7,347.1,2395,2397,1.16,1.22,-25.04,16.77,16.07,0.24,0.64,4.60E-06
CH10,1C,98,98,347.1,347.6,2397,2400,1.17,1.28,-24.89,18.62,16.91,0.24,0.69,7.70E-06
CH10,1C,99,99,347.6,348,2400,2403,1.67,1.21,-24.88,15.41,14.86,0.33,0.8,1.01E-05
CH10,1C,100,100,348,348.5,2403,2406,1.36,1.16,-25.83,15.18,15.25,0.29,0.7,1.18E-05
CH10,1C,101,101,348.5,348.9,2406,2409,1.3,1.1,-25.84,14.41,15.28,0.25,0.57,1.41E-05
CH10,1C,102,102,348.9,349.4,2409,2412,0.53,1.04,-25.7,14.02,15.66,0.26,0.59,1.41E-05
CH10,1C,103,103,349.4,349.8,2412,2415,0.43,1.02,-25.82,13.34,15.26,0.25,0.55,1.83E-05
CH10,1C,104,104,349.8,350.3,2415,2418,0.64,1.04,-25.84,13.31,14.91,0.26,0.57,1.65E-05
CH10,1C,105,105,350.3,350.7,2418,2420,0.47,1.05,-26.36,13.4,14.89,0.25,0.55,4.50E-06
CH10,1C,106,106,350.7,351.2,2420,2423,0.62,0.86,-27.88,10.44,14.09,0.31,0.54,2.30E-06
CH10,1C,107,107,351.2,351.6,2423,2426,0.78,0.98,-26.46,12.26,14.67,0.27,0.56,-2.00E-07
CH10,2D,11,12,351.6,352.5,2426,2431,1.02,1.18,-26.03,14.41,14.24,0.24,0.57,-2.30E-06
CH10,2D,15,16,353.5,354.5,2437,2443,0.21,1.09,-26.43,12.67,13.56,0.26,0.57,-2.30E-06
CH10,2D,19,20,355.5,356.5,2449,2455,0.68,1.18,-25.72,13.48,13.32,0.17,0.41,-3.00E-06
CH10,2D,23,24,357.5,358.5,2461,2466,0.84,1.3,-25.79,17.36,15.57,0.22,0.69,3.20E-06
CH10,2D,27,28,359.5,360.5,2472,2477,0.71,1.36,-26.45,18.96,16.26,0.18,0.63,3.10E-06
CH10,2D,30,30,361,361.5,2480,2483,1.15,1.25,-25.38,17.39,16.26,0.26,0.85,3.00E-06
CH10,2D,31,31,361.5,362,2483,2485,1.15,1.23,-24.96,17.82,16.95,0.23,0.77,1.00E-06
CH10,2D,32,32,362,362.5,2485,2488,0.42,1.15,-25.87,14.61,14.83,0.26,0.72,3.40E-06
CH10,2D,33,33,362.5,363,2488,2491,0.53,1.24,-25.94,15.97,15.08,0.24,0.72,3.10E-06
CH10,2D,34,34,363,363.5,2491,2493,0.55,1.19,-25.76,15.99,15.7,0.23,0.71,4.50E-06
CH10,2D,35,35,363.5,364,2493,2496,0.63,1.18,-25.47,17.04,16.91,0.21,0.69,2.70E-06
CH11,2D,36,36,364,364.5,2496,2499,0.64,1.18,-25.5,18.33,18.09,0.23,0.83,2.30E-06
CH10,2D,37,37,364.5,365,2499,2501,0.63,1.22,-25.68,17.51,16.75,0.24,0.8,3.90E-06
CH10,2D,38,38,365,365.5,2501,2504,0.61,1.18,-25.04,17.03,16.83,0.24,0.8,2.50E-06
CH10,2D,39,39,365.5,366,2504,2506,0.38,1.28,-25.58,18.76,17.05,0.21,0.79,-1.50E-06
CH10,2D,40,40,366,366.5,2506,2509,0.49,1.47,-24.7,26.96,21.36,0.18,0.95,-2.80E-06
CH10,2D,41,41,366.5,367,2509,2511,0.68,1.41,-24.72,28.64,23.72,0.18,1.04,-2.90E-06
CH10,2D,42,42,367,367.5,2511,2514,0.87,1.29,-25.76,20.13,18.26,0.19,0.78,-1.00E-07
CH10,2D,43,43,367.5,368,2514,2516,0.9,1.11,-26.72,13.72,14.36,0.2,0.56,-8.00E-07
CH10,2D,44,44,368,368.5,2516,2519,1.2,1.2,-26.06,15.56,15.08,0.26,0.8,2.90E-06
CH10,2D,45,45,368.5,369,2519,2521,1.39,1.21,-26.07,16.05,15.49,0.26,0.85,4.70E-06
CH10,2D,46,46,369,369.5,2521,2524,1.52,1.2,-26.18,16.13,15.72,0.28,0.91,4.30E-06
CH10,2D,47,47,369.5,370,2524,2526,1.26,1.2,-25.98,16.35,15.83,0.26,0.86,4.10E-06
CH10,2D,48,48,370,370.5,2526,2528,1.28,1.21,-25.88,17.12,16.46,0.25,0.88,5.00E-06
CH10,2D,49,49,370.5,371,2528,2531,1.31,1.25,-25.64,17.28,16.16,0.24,0.86,4.30E-06
CH10,2D,50,50,371,371.5,2531,2533,1.17,1.21,-25.84,16.16,15.59,0.27,0.9,2.90E-06
CH10,2D,51,52,371.5,372.5,2533,2538,0.95,1.2,-26.24,13.85,13.46,0.22,0.64,4.70E-06
CH10,2D,55,56,373.5,374.5,2543,2547,1.15,1.21,-26.15,15.25,14.7,0.23,0.76,4.90E-06
CH10,2D,59,60,375.5,376.5,2552,2556,0.95,1.23,-25.95,15.2,14.41,0.22,0.75,7.70E-06
CH10,2D,63,64,377.5,378.5,2561,2565,1.08,1.18,-25.74,15.08,14.9,0.21,0.71,5.50E-06
CH10,2D,67,68,379.5,380.5,2570,2574,0.54,1.12,-25.54,15.89,16.55,0.2,0.74,7.20E-06
CH10,2D,71,72,381.5,382.5,2578,2582,0.51,1.26,-24.4,17.09,15.82,0.17,0.71,-3.60E-06
CH10,2D,75,76,383.5,384.5,2587,2591,0.86,1.37,-25.57,15.74,13.4,0.2,0.74,-6.00E-07
CH10,2D,79,80,385.5,386.5,2595,2599,0.66,1.47,-25.52,18.4,14.6,0.15,0.67,-2.00E-07
CH10,2D,83,84,387.5,388.5,2603,2607,0.5,1.07,-25.08,11.77,12.83,0.16,0.47,-9.00E-07
CH10,2D,87,88,389.5,390.5,2611,2615,0.72,1.51,-25.66,18.13,14,0.18,0.82,-1.00E-06
CH10,2D,91,92,391.5,392.5,2619,2623,0.59,1.31,-26.16,15.63,13.91,0.17,0.66,-1.50E-06
CH10,2D,95,96,393.5,394.5,2627,2631,0.36,1.02,-25.76,12.57,14.37,0.2,0.63,6.00E-06
CH10,2D,99,100,395.5,396.5,2635,2638,1.27,0.87,-25.74,10.13,13.58,0.22,0.58,5.10E-06
CH10,2D,103,104,397.5,398.5,2642,2646,0.83,1.08,-26.4,12.5,13.5,0.25,0.8,9.60E-06
CH10,2D,106,106,399,399.5,2648,2650,0.52,0.87,-27.14,9.11,12.21,0.24,0.56,9.80E-06
CH10,2D,107,107,399.5,400,2650,2652,0.91,0.85,-27.1,8.75,12,0.29,0.65,1.28E-05
CH10,2D,108,108,400,400.5,2652,2654,0.68,0.79,-27,8.04,11.87,0.27,0.56,9.90E-06
CH10,2D,109,109,400.5,401,2654,2656,0.97,0.92,-26.6,9.38,11.89,0.24,0.57,1.54E-05
CH10,2D,110,110,401,401.5,2656,2658,0.78,0.87,-26.43,8.71,11.68,0.27,0.6,2.15E-05
CH10,2D,111,111,401.5,402,2658,2660,0.71,0.47,-25.9,4.31,10.69,0.42,0.46,4.15E-05
CH10,2D,112,112,402,402.5,2660,2662,0.66,1.06,-26.21,12.01,13.21,0.18,0.55,6.90E-06
CH10,2D,113,113,402.5,403,2662,2663,0.84,1.11,-25.98,12.83,13.48,0.21,0.7,7.30E-06
CH10,2D,114,114,403,403.5,2663,2665,0.89,1.25,-26.45,15.31,14.28,0.22,0.86,5.80E-06
CH10,2D,115,115,403.5,404,2665,2667,0.89,1.22,-26.62,15.36,14.68,0.2,0.79,1.70E-06
CH10,2D,116,116,404,404.5,2667,2669,0.57,1.11,-26.27,13.98,14.69,0.26,0.94,5.70E-06
CH10,2D,117,117,404.5,405,2669,2671,0.72,1.05,-25.49,15.81,17.56,0.24,0.98,5.50E-06
CH10,2D,118,118,405,405.5,2671,2673,0.23,1.39,-24.55,24.8,20.81,0.18,1.13,-2.20E-06
CH10,2D,119,119,405.5,406,2673,2675,0.38,1.38,-24.52,24.93,21.07,0.16,1,-2.80E-06
CH10,2D,120,120,406,406.5,2675,2677,0.52,1.27,-24.5,21.47,19.72,0.19,1.04,-9.00E-07
CH10,2D,121,121,406.5,407,2677,2679,0.68,1.22,-24.84,17.32,16.56,0.18,0.79,-1.60E-06
CH10,2D,122,122,407,407.5,2679,2681,0.55,1.34,-24.73,21.09,18.35,0.18,0.96,-3.20E-06
CH10,2D,123,123,407.5,408,2681,2683,0.36,1.31,-24.41,23.6,21.01,0.16,0.97,-3.30E-06
CH10,2D,124,124,408,408.5,2683,2685,0.43,1.31,-24.84,16.55,14.73,0.24,1.01,-1.10E-06
CH10,2D,125,125,408.5,409,2685,2687,0.19,1.44,-24.57,21.02,17.02,0.16,0.83,-1.70E-06
CH10,2D,126,126,409,409.5,2687,2689,0.5,1.35,-24.68,17.79,15.37,0.18,0.82,-6.00E-07
CH10,2D,127,127,409.5,410,2689,2691,0.86,1.17,-25.58,13.59,13.55,0.2,0.67,3.90E-06
CH10,2D,130,131,411,412,2695,2699,0.84,1.38,-25.34,18.41,15.56,0.2,0.89,3.10E-06
CH10,2D,134,135,413,414,2703,2707,0.97,1.51,-24.44,23.3,17.99,0.19,1.08,4.00E-07
CH10,2D,138,139,415,416,2711,2715,0.6,1.14,-25.21,13.72,14.04,0.24,0.79,3.20E-06
CH10,2D,142,143,417,418,2719,2723,0.82,1.36,-26.8,17.23,14.77,0.19,0.78,6.70E-06
CH10,2D,146,146,419,419.5,2727,2729,0.55,1.3,-26.91,16.14,14.48,0.23,0.87,8.30E-06
CH10,2D,147,147,419.5,420,2729,2731,0.66,1.31,-26.67,16.11,14.34,0.22,0.83,6.50E-06
CH10,2D,148,148,420,420.5,2731,2733,0.56,1.21,-25.77,14.68,14.15,0.26,0.89,6.40E-06
CH10 ,2D,149,149,420.5,421,2733,2735,0.5,0.99,-26.78,11.06,13.03,0.26,0.67,5.30E-06
CH10,2D,150,150,421,421.5,2735,2738,0.79,1.04,-25.79,12.7,14.24,0.24,0.71,1.30E-06
CH10,2D,151,151,421.5,422,2738,2740,1.35,0.89,-27.34,9.43,12.36,0.21,0.46,6.60E-06
CH10,2D,152,152,422,422.5,2740,2742,1.91,1.12,-29.35,13.04,13.58,0.22,0.66,1.35E-05
CH10,2D,153,153,422.5,423,2742,2744,1.46,1.08,-28.59,12.25,13.23,0.28,0.79,1.63E-05
CH10,2D,154,154,423,423.5,2744,2746,1.04,1.05,-28.94,12.54,13.93,0.27,0.76,1.52E-05
CH10,2D,155,155,423.5,424,2746,2748,0.85,1.1,-28.36,13.48,14.29,0.26,0.78,1.49E-05
CH10,2D,156,156,424,424.5,2748,2751,1.16,0.81,-26.92,10.4,14.97,0.41,0.96,2.75E-05
CH10,2D,157,157,424.5,425,2751,2753,0.94,0.94,-26.71,11.32,14.04,0.35,0.87,1.76E-05
CH10,2D,158,158,425,425.5,2753,2755,0.76,1.05,-26.61,12.15,13.49,0.26,0.7,9.70E-06
CH10,2D,159,159,425.5,426,2755,2757,0.85,1.18,-26.14,14.64,14.47,0.24,0.78,2.30E-06
CH10,2D,160,160,426,426.5,2757,2760,0.44,1.46,-26.29,19.43,15.52,0.23,0.97,2.00E-06
CH10,2D,161,161,426.5,427,2760,2762,0.66,1.49,-26.47,20.27,15.86,0.24,1.03,5.90E-06
CH10,2D,162,162,427,427.5,2762,2764,0.67,1.49,-25.47,20.93,16.38,0.17,0.78,-6.00E-07
CH10,2D,163,163,427.5,428,2764,2766,0.78,1.51,-25.88,21.43,16.55,0.22,0.98,-6.00E-07
CH10,2D,164,164,428,428.5,2766,2769,0.47,1.48,-25.84,19.99,15.75,0.19,0.8,1.20E-06
CH10,2D,165,165,428.5,429,2769,2771,0.27,1.29,-25.6,15.43,13.95,0.19,0.62,1.00E-06
CH10,2D,166,166,429,429.5,2771,2774,0.32,1.39,-25.88,18.46,15.49,0.22,0.84,2.20E-06
CH10,2D,167,167,429.5,430,2774,2776,0.47,1.38,-26.38,18.54,15.67,0.24,0.92,2.40E-06
CH10,2D,170,171,431,432,2781,2786,0.94,1.29,-26.67,17.05,15.41,0.23,0.79,8.20E-06
CH10,2D,174,175,433,434,2791,2796,0.7,1.22,-25.56,14.66,14.01,0.2,0.56,2.10E-06
CH10,2D,178,179,435,436,2801,2806,0.9,1.43,-26.03,17.93,14.62,0.21,0.71,2.90E-06
CH10,2D,182,183,437,438,2811,2817,0.86,1.46,-25.91,18.65,14.9,0.21,0.71,5.30E-06
CH10,2D,186,187,439,440,2822,2828,0.54,1.3,-25.43,17.28,15.5,0.22,0.66,4.90E-06
CH10,2D,190,191,441,442,2834,2839,0.66,1.69,-25.61,22.1,15.25,0.22,0.79,4.30E-06
CH10,2D,194,195,443,444.3,2845,2853,0.64,1.32,-25.77,18.34,16.2,0.31,0.91,7.90E-06
CH10,1D,91,92,445.8,447.3,2862,2872,0.38,1.14,-25.36,13.5,13.81,0.26,0.54,6.80E-06
CH10,1D,95,95,448.8,449.5,2882,2887,0.62,1.32,-25.7,15.5,13.69,0.22,0.5,1.17E-05
CH10,2E,7,7,449.5,450,2887,2890,0.8,1.31,-25.65,15.81,14.07,0.25,0.56,9.80E-06
CH10,2E,8,8,450,450.5,2890,2894,0.76,1.29,-25.96,15.43,13.95,0.26,0.57,9.60E-06
CH10,2E,9,9,450.5,451,2894,2897,0.72,1.31,-25.81,15.63,13.91,0.25,0.57,1.09E-05
CH10,2E,10,10,451,451.5,2897,2901,0.53,1.32,-25.93,16.32,14.42,0.26,0.6,1.10E-05
CH10,2E,11,11,451.5,452,2901,2904,0.55,1.17,-25.83,15.62,15.57,0.3,0.64,8.70E-06
CH10,2E,12,12,452,452.5,2904,2908,0.57,1.05,-25.4,14.59,16.2,0.32,0.64,1.13E-05
CH10,2E,13,13,452.5,453,2908,2911,0.57,1.36,-25.59,18.54,15.9,0.24,0.61,5.90E-06
CH10,2E,14,14,453,453.5,2911,2915,0.7,1.3,-26.04,16.41,14.72,0.27,0.59,7.70E-06
CH10,2E,15,15,453.5,454,2915,2919,0.88,1.2,-26.47,15.74,15.3,0.28,0.59,6.90E-06
CH10,2E,16,16,454,454.5,2919,2923,0.7,1.19,-26.43,15.56,15.25,0.26,0.55,6.40E-06
CH10,2E,17,17,454.5,455,2923,2926,0.47,1.19,-26.33,14.67,14.38,0.3,0.59,5.70E-06
CH10,2E,18,18,455,455.5,2926,2930,0.76,1.31,-26.2,16.73,14.89,0.27,0.59,5.00E-06
CH10,2E,19,19,455.5,456,2930,2934,0.6,1.21,-26.1,15.57,15.01,0.27,0.55,3.00E-06
CH10,2E,20,20,456,456.5,2934,2938,0.78,1.32,-26.24,18.1,15.99,0.31,0.72,3.90E-06
CH10,2E,21,21,456.5,457,2938,2942,0.87,1.2,-26,15.77,15.33,0.28,0.56,4.60E-06
CH10,2E,22,22,457,457.5,2942,2946,0.96,1.28,-26.17,16.36,14.91,0.27,0.55,7.00E-06
CH10,2E,23,23,457.5,458,2946,2950,0.96,1.3,-26.01,17.19,15.42,0.28,0.6,5.60E-06
CH10,2E,26,27,459,460,2958,2966,0.83,1.24,-26.26,16.07,15.11,0.35,0.69,4.80E-06
CH10,2E,30,31,461,462,2974,2982,1.21,1.15,-26.34,15.09,15.3,0.31,0.57,4.30E-06
CH10,2E,34,35,463,464,2991,2999,1.37,1.17,-26.27,16.17,16.12,0.28,0.53,7.30E-06
CH10,2E,38,39,465,466,3008,3017,1.05,1.1,-27.24,13.95,14.79,0.31,0.49,1.11E-05
CH10,2E,42,43,467,468,3025,3034,0.81,1.19,-26.91,15.22,14.92,0.32,0.56,5.00E-06
CH10,2E,46,47,469,470,3043,3052,0.64,1.19,-26.04,15.78,15.46,0.3,0.53,4.90E-06
CH10,2E,51,51,471.5,472,3066,3071,1.05,1.2,-25.38,15.94,15.53,0.3,0.53,7.00E-06
CH10,2E,52,52,472,472.5,3071,3075,0.92,1.33,-25.76,17.93,15.72,0.28,0.56,6.30E-06
CH10,2E,53,53,472.5,473,3075,3080,1.1,1.25,-25.38,16.91,15.72,0.26,0.48,7.40E-06
CH10,2E,54,54,473,473.5,3080,3085,0.84,1.2,-25.51,15.8,15.31,0.27,0.46,5.30E-06
CH10,2E,55,55,473.5,474,3085,3089,0.49,1.13,-26.05,13.44,13.82,0.26,0.37,4.60E-06
CH10,2E,56,56,474,474.5,3089,3094,1,1.19,-26.12,14.93,14.6,0.3,0.48,5.40E-06
CH10,2E,57,57,474.5,475,3094,3099,0.92,1.22,-26.42,16.28,15.6,0.29,0.51,5.00E-06
CH10,2E,58,58,475,475.5,3099,3104,0.95,1.1,-26.07,15.04,15.88,0.29,0.47,2.70E-06
CH10,2E,59,59,475.5,476,3104,3108,1.1,0.98,-25.37,12.07,14.31,0.29,0.37,4.30E-06
CH10,2E,60,60,476,476.5,3108,3113,1.21,1.07,-25.51,13.05,14.18,0.29,0.41,3.90E-06
CH10,2E,61,61,476.5,477,3113,3118,1.21,1.08,-25.72,13.78,14.92,0.3,0.44,5.00E-06
CH10,2E,62,62,477,477.5,3118,3123,1.62,1.09,-25.53,13.64,14.59,0.29,0.42,5.60E-06
CH10,2E,63,63,477.5,478,3123,3127,1.48,1.11,-25.61,13.78,14.42,0.23,0.34,3.60E-06
CH10,2E,64,64,478,478.5,3127,3132,1.87,1.25,-26.28,16.75,15.68,0.3,0.53,6.60E-06
CH10,2E,65,65,478.5,479,3132,3137,1.84,1.25,-25.53,17.01,15.82,0.29,0.52,7.00E-06
CH10,2E,66,66,479,479.5,3137,3142,1.62,1.24,-25.4,16.83,15.81,0.29,0.52,5.30E-06
CH10,2E,67,67,479.5,480,3142,3147,1.45,1.16,-27.18,14.96,15.04,0.28,0.43,7.30E-06
CH10,2E,68,68,480,480.5,3147,3151,1.34,1.26,-27.48,15.61,14.47,0.29,0.47,6.90E-06
CH10,2E,69,69,480.5,481,3151,3156,1.03,1.16,-25.84,15.71,15.75,0.3,0.48,6.60E-06
CH10,2E,70,70,481,481.5,3156,3161,0.9,1.08,-25.48,14.1,15.23,0.28,0.41,5.80E-06
CH10,2E,71,71,481.5,482,3161,3166,0.68,1.04,-25.52,13.1,14.72,0.26,0.36,4.20E-06
CH10,2E,74,75,483,484,3176,3186,0.6,1,-25.6,11.56,13.48,0.28,0.34,5.80E-06
CH10,2E,78,79,485,486,3195,3205,0.55,1,-25.72,11.54,13.46,0.31,0.37,8.90E-06
CH10,2E,80,80,486,486.5,3205,3210,0.44,1.13,-26.17,14.86,15.34,0.33,0.51,9.20E-06
CH10,2E,81,81,486.5,487,3210,3215,0.27,1.16,-26,14.87,14.95,0.15,0.23,7.00E-06
CH10,2E,82,82,487,487.5,3215,3220,0.23,1.14,-25.88,14.27,14.6,0.3,0.44,5.30E-06
CH10,2E,83,83,487.5,488,3220,3225,0.29,1.15,-25.98,14.01,14.21,0.31,0.45,8.00E-06
CH10,2E,84,84,488,488.5,3225,3230,0.49,1.12,-25.94,13.23,13.78,0.3,0.41,9.90E-06
CH10,2E,85,85,488.5,489,3230,3234,0.46,1.08,-26.02,12.94,13.97,0.3,0.4,8.70E-06
CH10,2E,86,86,489,489.5,3234,3239,0.44,1.08,-26.31,12.82,13.84,0.31,0.41,1.35E-05
CH10,2E,87,87,489.5,490,3239,3244,0.52,1,-26.11,11.32,13.2,0.34,0.4,4.50E-06
CH10,2E,88,88,490,490.5,3244,3249,0.7,0.99,-26.18,11.94,14.06,0.33,0.41,1.03E-05
CH10,2E,89,89,490.5,491,3249,3254,1.47,0.48,-25.6,5.28,12.83,0.58,0.31,2.52E-05
CH10,2E,90,90,491,491.5,3254,3259,1.24,0.74,-24.85,11.42,18,0.41,0.48,3.41E-05
CH10,2E,91,91,491.5,492,3259,3264,1.38,1.17,-25.42,18.22,18.16,0.25,0.47,3.00E-06
CH10,2E,92,92,492,492.5,3264,3269,1.28,1.21,-26.21,16.7,16.1,0.29,0.49,5.30E-06
CH10,2E,93,93,492.5,493,3269,3274,1.33,1.21,-26.16,17.03,16.41,0.28,0.49,4.70E-06
CH10,2E,94,94,493,493.5,3274,3279,1.1,1.17,-25.55,19.29,19.23,0.27,0.53,6.60E-06
CH10,2E,95,95,493.5,494,3279,3283,1.38,1.12,-26.3,15.95,16.61,0.33,0.54,8.70E-06
CH10,2E,96,96,494,494.5,3283,3288,1.32,1.06,-27.52,13.32,14.65,0.32,0.44,1.15E-05
CH10,2E,97,97,494.5,495,3288,3293,1.04,1.05,-27.43,13.69,15.2,0.31,0.44,1.39E-05
CH10,2E,98,98,495,495.5,3293,3298,1.16,0.96,-27.86,11.92,14.48,0.33,0.41,1.72E-05
CH10,2E,99,99,495.5,496,3298,3303,1.57,1.04,-27.47,12.75,14.3,0.32,0.41,5.10E-06
CH10,2E,100,100,496,496.5,3303,3308,1.52,1.31,-28.29,17.44,15.53,0.29,0.52,5.00E-06
CH10,2E,101,101,496.5,497,3308,3313,1.68,1.39,-27.06,19.36,16.24,0.29,0.57,4.60E-06
CH10,2E,104,105,498,499,3323,3333,1.12,1.33,-25.84,18.96,16.62,0.29,0.56,4.30E-06
CH10,2E,108,108,500,500.5,3343,3348,1.22,1.33,-27,19.2,16.8,0.26,0.5,4.60E-06
CH10,2E,109,109,500.5,501,3348,3353,1.22,1.36,-26.58,18.96,16.25,0.28,0.55,6.70E-06
CH10,2E,110,110,501,501.5,3353,3358,1.03,1.33,-25.76,18.86,16.5,0.3,0.57,1.00E-06
CH10,2E,111,111,501.5,502,3358,3363,1.09,1.37,-25.42,19.18,16.37,0.26,0.5,3.00E-06
CH10,2E,112,112,502,502.5,3363,3368,1.18,1.36,-26.93,19.09,16.41,0.26,0.51,4.20E-06
CH10,2E,113,113,502.5,503,3368,3373,1.1,1.34,-26.74,18.98,16.56,0.28,0.54,3.00E-06
CH10,2E,114,114,503,503.5,3373,3377,0.27,1.3,-25.95,17.49,15.74,0.25,0.44,5.90E-06
CH10,2E,115,115,503.5,504,3377,3383,0.47,1.2,-25.48,16.72,16.25,0.26,0.44,5.30E-06
CH10,2E,116,116,504,504.5,3383,3388,0.46,1.08,-26.2,14.82,16,0.31,0.46,7.30E-06
CH10,2E,117,117,504.5,505,3388,3393,0.42,1.04,-26.42,13.43,15.12,0.3,0.41,3.30E-06
CH10,2E,118,118,505,505.5,3393,3398,0.43,1.12,-26.25,14.24,14.83,0.25,0.36,3.70E-06
CH10,2E,119,119,505.5,506,3398,3403,0.61,1.12,-25.79,13.69,14.26,0.26,0.36,-3.00E-06
CH10,2E,120,120,506,506.5,3403,3408,0.68,1.11,-26.07,13.47,14.14,0.24,0.33,1.40E-06
CH10,2E,121,121,506.5,507,3408,3413,0.6,1.2,-26.6,15.47,15.08,0.28,0.43,1.90E-06
CH10,2E,122,122,507,507.5,3413,3418,0.79,1.35,-25.8,18.29,15.85,0.28,0.51,-3.00E-07
CH10,2E,123,123,507.5,508,3418,3423,0.31,1.28,-26.08,17.44,15.86,0.28,0.49,3.30E-06
CH10,2E,124,124,508,508.5,3423,3428,0.77,1.31,-25.9,18.7,16.65,0.27,0.51,3.40E-06
CH10,2E,125,125,508.5,509,3428,3433,0.47,1.25,-26.36,18.5,17.24,0.25,0.45,1.70E-06
CH10,2E,126,126,509,509.5,3433,3438,0.57,1.35,-26.26,18.74,16.23,0.27,0.49,2.40E-06
CH10,2E,127,127,509.5,510,3438,3443,0.7,1.31,-25.68,18.29,16.34,0.27,0.48,2.40E-06
CH10,2E,128,128,510,510.5,3443,3448,0.34,1.26,-26.76,15.7,14.52,0.24,0.37,3.80E-06
CH10,2E,128,129,510.5,511,3448,3453,0.55,1.31,-27.06,15.9,14.15,0.3,0.47,4.00E-06
CH10,2E,132,133,512,513,3464,3474,0.46,1.28,-26.33,15.89,14.48,0.29,0.44,5.00E-06
CH10,2E,136,137,514,515,3484,3495,1.27,1.35,-26.14,16.86,14.56,0.28,0.45,5.70E-06
CH10,2E,140,141,516,517,3505,3516,0.88,1.3,-26.66,16.07,14.42,0.28,0.43,5.00E-06
CH10,2E,144,145,518,519,3526,3537,0.74,1.25,-26.62,14.88,13.88,0.27,0.38,5.80E-06
CH10,2E,148,149,520,521,3548,3558,1.16,1.19,-26.37,13.64,13.37,0.31,0.39,3.10E-06
CH10,2E,152,153,522,523,3569,3580,1.92,1.07,-26.12,13.47,14.68,0.29,0.36,7.50E-06
CH10,2E,156,157,524,525,3591,3602,1.06,1.12,-26.38,13.05,13.59,0.32,0.38,8.80E-06
CH10,2E,160,161,526,527,3613,3624,1.66,1.14,-27.63,14.25,14.58,0.34,0.44,1.09E-05
CH10,2E,164,164,528,528.5,3635,3641,1.33,1.19,-27.49,15.09,14.79,0.31,0.42,6.30E-06
CH10,2E,165,165,528.5,529,3641,3647,0.86,1.2,-26.36,15.49,15.05,0.31,0.42,7.00E-06
CH10,2E,166,166,529,529.5,3647,3652,0.83,1.2,-27.36,15.09,14.66,0.29,0.38,7.30E-06
CH10,2E,167,167,529.5,530,3652,3658,0.96,1.2,-28.1,14.3,13.9,0.27,0.34,1.00E-05
CH10,2E,168,168,530,530.5,3658,3664,0.55,1.08,-27.79,13.86,14.97,0.3,0.36,1.62E-05
CH10,2E,169,169,530.5,531,3664,3669,0.61,0.9,-27.26,10.57,13.7,0.39,0.36,2.28E-05
CH10,2E,170,170,531,531.5,3669,3675,0.66,0.87,-26.82,10.03,13.44,0.36,0.31,1.65E-05
CH10,2E,171,171,531.5,532,3675,3681,0.61,1.08,-26.62,12.43,13.42,0.29,0.32,1.06E-05
CH10,2E,172,172,532,532.5,3681,3687,0.62,1.06,-26.81,11.98,13.18,0.32,0.33,1.92E-05
CH10,2E,173,173,532.5,533,3687,3693,0.88,0.77,-26.75,7.61,11.53,0.33,0.22,2.22E-05
CH10,2E,174,174,533,533.5,3693,3698,1.76,0.47,-26.29,4.55,11.29,0.53,0.21,3.08E-05
CH10,2E,175,175,533.5,534,3698,3704,1.72,0.35,-25.47,3.42,11.4,0.65,0.19,9.28E-05
CH10,2E,176,176,534,534.5,3704,3710,2.06,0.32,-24.96,3.55,12.94,0.93,0.28,1.76E-04
CH10,2E,177,177,534.5,535,3710,3716,1.8,0.41,-25.2,6.9,19.63,0.84,0.49,1.53E-04
CH10,2E,178,180,535,535.5,3716,3722,1.51,0.63,-25.23,14.6,27.03,0.74,0.92,5.73E-05
CH10,2E,181,181,535.5,536,3722,3728,0.91,1.19,-27.56,16.56,16.23,0.33,0.46,1.02E-05
CH10,2E,182,182,536,536.5,3728,3734,0.82,1.28,-28.24,17.53,15.97,0.28,0.41,4.70E-06
CH10,2E,183,183,536.5,537,3734,3740,0.41,1.25,-27.94,16.79,15.66,0.27,0.39,6.20E-06
CH10,2E,184,184,537,537.5,3740,3746,0.67,1.23,-26.93,17.01,16.13,0.27,0.38,2.30E-06
CH10,2E,185,185,537.5,538,3746,3751,0.5,1.07,-25.99,14.35,15.64,0.27,0.33,6.30E-06
CH10,2E,186,186,538,538.5,3751,3757,0.55,1.05,-26.05,13.72,15.24,0.25,0.29,5.30E-06
CH10,2E,187,187,538.5,539,3757,3763,0.69,0.97,-25.72,11.96,14.38,0.28,0.28,5.70E-06
CH10,2E,188,188,539,539.5,3763,3769,0.62,0.98,-26.38,12.43,14.79,0.31,0.32,8.60E-06
CH10,2E,189,189,539.5,540,3769,3775,1.18,0.9,-26.1,11.13,14.42,0.29,0.27,1.02E-05
CH10,2E,190,190,540,540.5,3775,3781,1.32,0.74,-25.91,8.61,13.57,0.29,0.2,1.13E-05
CH10,2E,191,191,540.5,541,3781,3787,1.4,0.53,-26.18,6.72,14.79,0.54,0.3,3.62E-05
CH10,2E,192,192,541,541.5,3787,3793,1.8,0.53,-25.47,7.48,16.46,0.68,0.42,7.06E-05
CH10,2E,193,193,541.5,542,3793,3800,1.59,0.82,-26.51,11.95,17,0.47,0.47,3.27E-05
CH10,2E,194,194,542,542.5,3800,3806,1.54,1.12,-26.95,16.95,17.65,0.31,0.44,1.09E-05
CH10,2E,195,195,542.5,542.9,3806,3810,1.26,1.14,-26.37,17.54,17.94,0.33,0.48,7.60E-06
CH10,1E,89,89,542.9,543.5,3810,3818,1.1,1.09,-26.54,17.33,18.54,0.3,0.43,1.60E-05
CH10,1E,90,90,543.5,544.1,3818,3825,1.07,1.13,-26.24,17.36,17.92,0.26,0.37,1.72E-05
CH10,1E,91,91,544.1,544.7,3825,3832,1,1.14,-26.15,17.43,17.83,0.16,0.23,1.77E-05
CH10,1E,92,92,544.7,545.3,3832,3840,1.18,1.21,-26.37,17.21,16.59,0.17,0.23,1.50E-05
CH10,1E,93,93,545.3,545.9,3840,3847,1.62,1.19,-26.42,18.73,18.36,0.16,0.24,1.45E-05
CH10,1E,94,94,545.9,546.5,3847,3854,1.46,1.12,-26.41,19.28,20.08,0.26,0.41,1.72E-05
CH10,1E,95,95,546.5,547,3854,3860,1.18,1.13,-26.91,16.8,17.34,0.28,0.38,1.65E-05
CH10,2F,5,5,547,547.5,3860,3866,1.21,1.12,-26.63,16.56,17.24,0.35,0.47,1.09E-05
CH10,2F,6,6,547.5,548,3866,3872,1.16,1.18,-26.84,17.79,17.58,0.28,0.41,5.50E-06
CH10,2F,7,7,548,548.5,3872,3879,0.7,1.22,-26.69,17.36,16.59,0.3,0.42,8.40E-06
CH10,2F,8,8,548.5,549,3879,3885,0.69,1.21,-26.44,17.94,17.29,0.32,0.47,5.60E-06
CH10,2F,9,9,549,549.5,3885,3891,0.72,1.1,-25.8,16.8,17.81,0.28,0.39,8.50E-06
CH10,2F,10,10,549.5,550,3891,3897,0.56,1.09,-25.74,16.19,17.32,0.3,0.4,7.10E-06
CH10,2F,11,11,550,550.5,3897,3903,0.71,1.05,-25.77,14.87,16.52,0.31,0.37,5.30E-06
CH10,2F,12,12,550.5,551,3903,3909,0.72,1.07,-25.63,15.39,16.77,0.35,0.44,2.40E-06
CH10,2F,13,13,551,551.5,3909,3915,0.65,1.19,-25.95,18.11,17.75,0.28,0.41,7.00E-06
CH10,2F,14,14,551.5,552,3915,3921,1.1,1.13,-26.41,16.46,16.99,0.28,0.38,6.00E-06
CH10,2F,15,15,552,552.5,3921,3927,1.13,1.19,-26.59,17.82,17.46,0.31,0.46,6.00E-06
CH10,2F,19,20,554,555,3946,3958,1.32,1.35,-25.85,17.1,14.77,0.28,0.4,2.00E-06
CH10,2F,23,24,556,557,3970,3982,1.04,1.28,-27.31,15.37,14,0.26,0.34,9.20E-06
CH10,2F,27,28,558,559,3994,4006,1.09,1.26,-26.62,16.03,14.84,0.27,0.36,8.90E-06
CH10,2F,31,32,560,561,4018,4030,1.24,1.19,-26.69,14.61,14.32,0.3,0.36,1.01E-05
CH10,2F,35,36,562,563,4042,4054,1.03,1.13,-26.22,14.17,14.62,0.29,0.35,1.16E-05
CH10,2F,39,40,564,565,4066,4078,1.56,1.17,-27.8,13.92,13.87,0.31,0.36,1.61E-05
CH10,2F,41,41,565,565.5,4078,4084,1.09,1.13,-26.99,13.89,14.33,0.32,0.38,1.42E-05
CH10,2F,42,42,565.5,566,4084,4090,0.78,1.11,-28.18,13.53,14.21,0.29,0.34,1.30E-05
CH10,2F,43,43,566,566.5,4090,4096,0.71,0.95,-27.11,11.58,14.22,0.29,0.29,1.63E-05
CH10,2F,44,44,566.5,567,4096,4102,0.76,0.84,-27.71,10.45,14.51,0.34,0.31,1.95E-05
CH10,2F,45,45,567,567.5,4102,4107,1.18,0.8,-29.62,9.18,13.38,0.39,0.31,3.27E-05
CH10,2F,46,46,567.5,568,4107,4113,1.41,0.73,-29.56,7.81,12.48,0.41,0.28,2.84E-05
CH10,2F,47,47,568,568.5,4113,4119,1.9,1.08,-27.24,13.6,14.69,0.31,0.37,9.30E-06
CH10,2F,48,48,568.5,569,4119,4125,2.09,1.08,-27.16,14.25,15.39,0.28,0.35,9.50E-06
CH10,2F,49,49,569,569.5,4125,4131,1.96,1,-27.47,13.97,16.29,0.29,0.35,9.60E-06
CH10,2F,50,50,569.5,570,4131,4136,1.59,0.96,-26.99,12.76,15.5,0.31,0.35,1.23E-05
CH10,2F,51,51,570,570.5,4136,4142,1.96,0.85,-26.62,10.51,14.42,0.34,0.31,1.69E-05
CH10,2F,52,52,570.5,571,4142,4148,1.83,0.84,-25.9,11.51,15.98,0.33,0.34,2.35E-05
CH10,2F,53,53,571,571.5,4148,4153,1.33,0.65,-26.25,7.29,13.08,0.43,0.28,3.15E-05
CH10,2F,54,54,571.5,572,4153,4159,1.59,0.6,-26.43,6.29,12.23,0.49,0.28,2.06E-05
CH10,2F,55,55,572,572.5,4159,4165,0.94,0.93,-26.13,10.23,12.83,0.27,0.25,1.39E-05
CH10,2F,56,56,572.5,573,4165,4170,1.59,0.9,-26.14,10.5,13.61,0.29,0.28,1.26E-05
CH10,2F,57,57,573,573.5,4170,4176,2.16,0.94,-26.2,11.62,14.42,0.31,0.33,1.49E-05
CH10,2F,58,58,573.5,574,4176,4182,2.05,1.04,-25.71,13.5,15.14,0.31,0.38,1.12E-05
CH10,2F,59,59,574,574.5,4182,4187,2.24,1.14,-26.2,14.62,14.96,0.28,0.38,1.06E-05
CH10,2F,60,60,574.5,575,4187,4193,1.67,1.09,-26.1,14.14,15.13,0.26,0.34,8.20E-06
CH10,2F,61,61,575,575.5,4193,4198,1.51,1.12,-26.14,14.43,15.03,0.25,0.33,5.20E-06
CH10,2F,62,62,575.5,576,4198,4204,1.46,1.21,-26.14,15.13,14.58,0.27,0.37,7.50E-06
CH10,2F,63,63,576,576.5,4204,4209,1.17,1.21,-26.55,14.62,14.09,0.28,0.38,8.40E-06
CH10,2F,64,64,576.5,577,4209,4215,0.9,1.1,-26.31,13.38,14.19,0.26,0.32,1.43E-05
CH10,2F,65,65,577,577.5,4215,4220,1.01,0.99,-26.71,10.46,12.32,0.32,0.32,1.31E-05
CH10,2F,67,68,578,579,4226,4236,1.37,1.06,-26.33,12.8,14.08,0.33,0.4,1.38E-05
CH10,2F,71,72,580,581,4247,4258,2.14,1.16,-26.05,15.05,15.13,0.25,0.36,9.40E-06
CH10,2F,75,75,582,582.5,4269,4274,2.59,1.22,-27.71,15.13,14.46,0.32,0.47,1.16E-05
CH10,2F,76,76,582.5,583,4274,4279,2.35,1.11,-27.09,13.98,14.69,0.35,0.47,2.05E-05
CH10,2F,77,77,583,583.5,4279,4285,2.26,1.28,-26.99,17.14,15.62,0.32,0.53,1.40E-05
CH10,2F,78,78,583.5,584,4285,4290,2.06,1.1,-26.97,14.43,15.3,0.33,0.46,1.44E-05
CH10,2F,79,79,584,584.5,4290,4295,2.07,1.01,-26.53,13.15,15.18,0.33,0.43,1.43E-05
CH10,2F,80,80,584.5,585,4295,4300,2.1,0.99,-26.66,12.68,14.94,0.34,0.42,1.59E-05
CH10,2F,81,81,585,585.5,4300,4306,1.62,1.07,-27.43,13.85,15.1,0.34,0.47,2.19E-05
CH10,2F,82,82,585.5,586,4306,4311,1.89,0.86,-27.95,10.55,14.31,0.37,0.38,2.47E-05
CH10,2F,83,83,586,586.5,4311,4316,2.52,0.96,-25.86,12.81,15.56,0.36,0.45,9.40E-06
CH10,2F,84,84,586.5,587,4316,4321,2.28,1.15,-26.32,16.75,16.99,0.29,0.48,7.80E-06
CH10,2F,85,85,587,587.5,4321,4326,2.51,1.18,-26.51,16.77,16.57,0.3,0.5,9.10E-06
CH10,2F,86,86,587.5,588,4326,4332,2.24,1.25,-27.17,16.04,14.96,0.28,0.45,5.40E-06
CH10,2F,87,87,588,588.5,4332,4337,2.05,1.25,-27.49,16.86,15.73,0.29,0.49,8.60E-06
CH10,2F,88,88,588.5,589,4337,4342,2.06,1.27,-27.05,16.59,15.23,0.27,0.44,1.09E-05
CH10,2F,89,89,589,589.5,4342,4347,1.45,1.14,-26.38,14.87,15.21,0.29,0.43,1.39E-05
CH10,2F,90,90,589.5,590,4347,4352,1.14,1.13,-27.64,13.78,14.22,0.3,0.41,1.58E-05
