sampleCm,calAge,calAgeUci,calAgeLci,sedAcc,sedAccUci,sedAccLci,sampleRes,sampleResUci,sampleResLci
0.8,-60.09,-59.35,-60.82,0.387,0.547,0.302,1.29,1.66,0.91
1.3,-58.79,-58.18,-59.33,0.359,0.454,0.294,1.67,2.04,1.32
1.9,-57.11,-56.51,-57.73,0.314,0.356,0.279,1.59,1.79,1.4
2.4,-55.51,-54.9,-56.16,0.269,0.315,0.237,1.86,2.11,1.59
2.9,-53.66,-53.1,-54.22,0.236,0.271,0.209,2.54,2.88,2.21
3.5,-51.12,-50.54,-51.67,0.217,0.246,0.194,2.3,2.57,2.04
4,-48.82,-48.19,-49.41,0.226,0.258,0.203,2.65,2.95,2.33
4.6,-46.18,-45.52,-46.91,0.27,0.306,0.244,1.85,2.05,1.63
5.1,-44.33,-43.64,-45.03,0.322,0.388,0.277,1.55,1.81,1.29
5.6,-42.78,-42.05,-43.49,0.374,0.474,0.311,1.6,1.93,1.27
6.2,-41.18,-40.4,-41.95,0.406,0.504,0.339,1.23,1.47,0.99
6.7,-39.95,-39.11,-40.77,0.406,0.508,0.341,1.48,1.76,1.18
7.3,-38.47,-37.59,-39.26,0.39,0.501,0.317,1.28,1.58,1
7.8,-37.19,-36.34,-38.03,0.366,0.459,0.302,1.37,1.65,1.09
8.3,-35.82,-34.89,-36.7,0.332,0.396,0.287,1.81,2.09,1.52
8.9,-34.01,-33.04,-34.92,0.3,0.357,0.258,1.66,1.94,1.4
9.4,-32.33,-31.36,-33.28,0.281,0.342,0.237,2.14,2.53,1.75
10,-30.18,-29.22,-31.15,0.274,0.328,0.233,1.83,2.15,1.53
10.5,-28.35,-27.33,-29.37,0.276,0.324,0.238,1.81,2.1,1.54
11,-26.52,-25.44,-27.56,0.283,0.34,0.243,2.12,2.47,1.76
11.6,-24.4,-23.3,-25.41,0.289,0.365,0.237,1.73,2.11,1.37
12.1,-22.67,-21.55,-23.69,0.287,0.363,0.236,2.09,2.55,1.65
12.7,-20.58,-19.36,-21.74,0.278,0.339,0.237,1.8,2.11,1.47
13.2,-18.79,-17.54,-20.01,0.267,0.331,0.224,2.25,2.68,1.81
13.8,-16.53,-15.27,-17.8,0.257,0.332,0.211,1.95,2.37,1.51
14.3,-14.58,-13.31,-15.89,0.249,0.322,0.204,2.01,2.45,1.55
14.8,-12.56,-11.15,-14,0.242,0.301,0.206,2.48,2.92,1.99
15.4,-10.08,-8.46,-11.76,0.236,0.283,0.202,2.12,2.48,1.76
15.9,-7.97,-6.35,-9.74,0.228,0.282,0.194,2.63,3.1,2.13
16.5,-5.35,-3.72,-7.14,0.217,0.273,0.181,2.3,2.76,1.83
17,-3.06,-1.39,-4.93,0.205,0.252,0.173,2.44,2.89,1.98
17.5,-0.64,1.19,-2.58,0.191,0.225,0.165,3.14,3.65,2.66
18.1,2.48,4.38,0.46,0.177,0.205,0.156,2.82,3.21,2.44
18.6,5.3,7.22,3.23,0.163,0.195,0.141,3.67,4.27,3.07
19.2,8.97,10.77,6.95,0.155,0.192,0.131,3.23,3.82,2.61
19.7,12.22,14.09,10.16,0.15,0.185,0.127,3.33,3.93,2.71
20.2,15.57,17.57,13.32,0.148,0.181,0.124,4.07,4.83,3.32
20.8,19.64,21.9,17.28,0.148,0.188,0.121,3.37,4.13,2.65
21.3,23.04,25.46,20.49,0.148,0.19,0.12,4.06,4.98,3.17
21.9,27.1,29.91,24.24,0.148,0.183,0.122,3.39,4.1,2.74
22.4,30.5,33.59,27.56,0.146,0.186,0.12,3.42,4.18,2.69
22.9,33.91,37.21,30.78,0.146,0.197,0.115,4.1,5.2,3.04
23.5,38.01,41.53,34.46,0.146,0.213,0.111,3.43,4.52,2.34
24,41.43,45.36,37.3,0.145,0.221,0.107,4.13,5.61,2.72
24.6,45.55,50.51,40.34,0.145,0.225,0.105,3.44,4.75,2.22
25.1,48.98,54.83,42.84,0.146,0.181,0.122,3.42,4.1,2.76
25.6,52.3,58.08,46.46,0.17,0.19,0.151,3.54,3.96,3.15
26.2,55.84,61.52,50.22,0.17,0.19,0.152,2.95,3.3,2.63
26.7,58.8,64.42,53.43,0.17,0.19,0.152,3.53,3.96,3.15
27.3,62.33,67.76,57.15,0.17,0.191,0.152,2.94,3.29,2.62
27.8,65.28,70.9,60.2,0.17,0.191,0.152,3.53,3.95,3.14
28.4,68.82,74.38,63.81,0.17,0.191,0.152,2.93,3.29,2.61
28.9,71.76,77.36,66.69,0.171,0.192,0.152,2.93,3.28,2.61
29.4,74.69,80.38,69.52,0.171,0.192,0.152,3.51,3.94,3.12
30,78.21,83.98,73.08,0.171,0.192,0.152,2.92,3.28,2.6
30.5,81.14,86.97,76.06,0.172,0.193,0.153,3.49,3.93,3.1
31.1,84.65,90.52,79.46,0.172,0.194,0.153,2.91,3.27,2.57
31.6,87.56,93.5,82.19,0.172,0.195,0.153,2.9,3.26,2.56
32.1,90.47,96.42,85.04,0.173,0.196,0.153,3.47,3.91,3.05
32.7,93.96,100.05,88.41,0.174,0.197,0.154,2.88,3.26,2.53
33.2,96.85,103.22,91.1,0.174,0.199,0.154,3.45,3.9,3.02
33.8,100.32,106.96,94.25,0.175,0.201,0.154,2.86,3.24,2.49
34.3,103.2,110.03,96.89,0.176,0.202,0.154,2.85,3.24,2.48
34.8,106.07,113.2,99.57,0.176,0.203,0.155,3.41,3.87,2.96
35.4,109.5,116.79,102.82,0.177,0.205,0.155,2.83,3.22,2.44
35.9,112.35,119.84,105.49,0.178,0.207,0.155,3.38,3.86,2.9
36.5,115.75,123.47,108.63,0.179,0.209,0.155,2.8,3.22,2.39
37,118.58,126.61,111.14,0.18,0.211,0.155,2.79,3.22,2.37
37.5,121.39,129.64,113.56,0.181,0.213,0.155,3.32,3.87,2.81
38.1,124.76,133.32,116.45,0.182,0.216,0.155,2.75,3.22,2.31
38.6,127.55,136.57,118.87,0.183,0.22,0.155,3.28,3.87,2.73
39.2,130.88,140.37,121.8,0.184,0.223,0.155,2.71,3.22,2.24
39.7,133.64,143.41,124.13,0.186,0.227,0.155,3.23,3.86,2.65
40.3,136.93,147.31,126.88,0.187,0.231,0.155,2.67,3.22,2.17
40.8,139.67,150.48,129.15,0.188,0.236,0.155,2.65,3.22,2.12
41.3,142.38,153.66,131.39,0.19,0.241,0.155,3.16,3.86,2.49
41.9,145.62,157.5,134.06,0.192,0.246,0.155,2.61,3.22,2.03
42.4,148.3,160.71,136.25,0.194,0.252,0.156,3.1,3.86,2.38
43,151.5,164.44,138.83,0.196,0.258,0.155,2.56,3.22,1.94
43.5,154.15,167.5,140.9,0.197,0.264,0.155,2.53,3.22,1.89
44,156.78,170.44,142.93,0.199,0.271,0.155,2.52,3.23,1.84
44.5,159.39,173.49,144.81,0.2,0.279,0.155,2.5,3.22,1.79
45,161.98,176.57,146.84,0.202,0.285,0.155,1.98,2.58,1.41
45.4,164.05,179.07,148.25,0.203,0.291,0.155,2.46,3.23,1.72
45.9,166.62,182.18,150.07,0.205,0.298,0.155,2.44,3.23,1.68
46.4,169.17,185.27,151.93,0.206,0.305,0.154,2.43,3.24,1.64
46.9,171.72,188.49,153.67,0.207,0.312,0.154,2.42,3.24,1.6
47.4,174.25,191.53,155.17,0.208,0.318,0.154,2.4,3.24,1.57
47.9,176.78,194.65,156.7,0.209,0.323,0.154,1.92,2.59,1.24
48.3,178.8,197.25,158.01,0.21,0.328,0.154,2.39,3.24,1.52
48.8,181.31,200.51,159.63,0.21,0.333,0.154,2.38,3.25,1.5
49.3,183.82,203.78,161.28,0.211,0.338,0.153,2.37,3.26,1.48
49.8,186.33,207.14,162.88,0.211,0.343,0.153,2.37,3.27,1.46
50.3,188.84,210.35,164.38,0.212,0.347,0.152,2.36,3.28,1.44
50.8,191.35,213.6,166.1,0.211,0.349,0.152,1.89,2.63,1.14
51.2,193.36,216.28,167.55,0.211,0.351,0.152,2.37,3.3,1.42
51.7,195.88,219.64,169.32,0.211,0.353,0.151,2.37,3.31,1.42
52.2,198.4,222.99,170.7,0.21,0.353,0.151,2.38,3.31,1.42
52.7,200.92,226.22,171.95,0.209,0.352,0.151,2.39,3.32,1.42
53.2,203.45,229.43,173.34,0.208,0.349,0.15,2.4,3.33,1.43
53.7,206,232.68,174.79,0.208,0.348,0.15,1.92,2.67,1.15
54.1,208.04,235.4,175.97,0.207,0.345,0.15,2.41,3.34,1.45
54.6,210.6,238.75,177.62,0.206,0.341,0.15,2.43,3.34,1.47
55.1,213.18,242.1,179.18,0.204,0.337,0.15,2.45,3.34,1.48
55.6,215.77,245.35,180.55,0.203,0.332,0.149,2.47,3.35,1.51
56.1,218.38,248.51,181.91,0.201,0.327,0.149,2.49,3.35,1.53
56.6,221.01,251.68,183.61,0.199,0.322,0.149,2.01,2.69,1.24
57,223.12,254.3,185.06,0.198,0.318,0.148,2.53,3.37,1.57
57.5,225.79,257.52,186.69,0.196,0.312,0.148,2.55,3.39,1.6
58,228.47,260.8,188.27,0.194,0.309,0.147,2.58,3.41,1.62
58.5,231.18,264.23,189.89,0.192,0.304,0.146,2.6,3.43,1.64
59,233.92,267.65,191.56,0.19,0.299,0.145,2.63,3.44,1.67
59.5,236.68,271.1,193.34,0.188,0.293,0.145,2.66,3.46,1.71
60,239.47,274.55,195.17,0.185,0.289,0.144,2.7,3.48,1.73
60.5,242.28,277.8,197.05,0.183,0.283,0.143,3.27,4.2,2.12
61.1,245.7,281.76,199.43,0.181,0.275,0.142,2.77,3.52,1.82
61.6,248.58,285.05,201.58,0.178,0.268,0.142,2.8,3.53,1.86
62.1,251.49,288.35,203.63,0.177,0.263,0.141,2.83,3.55,1.9
62.6,254.43,291.65,205.69,0.175,0.259,0.14,2.86,3.58,1.93
63.1,257.4,294.98,207.83,0.173,0.254,0.138,2.89,3.61,1.97
63.6,260.4,298.24,210.02,0.171,0.249,0.137,2.92,3.65,2.01
64.1,263.43,301.63,212.26,0.169,0.244,0.136,2.96,3.68,2.05
64.6,266.48,305.02,214.56,0.168,0.24,0.135,2.98,3.71,2.09
65.1,269.57,308.43,216.95,0.165,0.236,0.134,3.63,4.48,2.54
65.7,273.3,312.56,219.9,0.164,0.232,0.133,3.06,3.76,2.16
66.2,276.44,316.02,222.33,0.162,0.229,0.132,3.09,3.78,2.19
66.7,279.61,319.48,224.72,0.16,0.225,0.131,3.12,3.81,2.22
67.2,282.81,322.95,227.02,0.159,0.221,0.13,3.15,3.85,2.27
67.7,286.03,326.43,229.52,0.157,0.216,0.129,3.18,3.88,2.31
68.2,289.28,330.03,232.12,0.156,0.214,0.128,3.21,3.91,2.34
68.7,292.55,333.72,234.67,0.155,0.211,0.127,3.23,3.94,2.37
69.2,295.84,337.41,237.3,0.154,0.208,0.126,3.26,3.97,2.4
69.7,299.16,341.12,239.94,0.152,0.206,0.125,3.94,4.79,2.92
70.3,303.17,345.57,242.96,0.151,0.203,0.124,3.32,4.02,2.46
70.8,306.54,349.09,245.78,0.149,0.2,0.123,3.35,4.05,2.5
71.3,309.93,352.68,248.77,0.148,0.197,0.123,3.38,4.07,2.54
71.8,313.35,356.24,251.78,0.147,0.194,0.122,3.4,4.09,2.58
72.3,316.78,359.73,254.71,0.146,0.191,0.122,3.43,4.11,2.62
72.8,320.24,363.19,257.68,0.145,0.189,0.121,3.45,4.13,2.64
73.3,323.71,366.73,260.65,0.144,0.187,0.121,3.47,4.14,2.67
73.8,327.21,370.49,263.57,0.143,0.185,0.12,3.49,4.16,2.7
74.3,330.73,373.97,266.53,0.142,0.183,0.12,4.22,5.02,3.28
74.9,334.97,378.19,270.15,0.141,0.18,0.119,3.54,4.19,2.77
75.4,338.53,381.89,273.16,0.141,0.178,0.119,3.56,4.2,2.8
75.9,342.1,385.57,276.21,0.14,0.177,0.119,3.58,4.21,2.83
76.4,345.7,389.56,279.34,0.139,0.174,0.118,3.6,4.23,2.87
76.9,349.31,393.57,282.55,0.138,0.172,0.118,3.62,4.24,2.91
77.4,352.93,397.47,285.89,0.137,0.169,0.117,3.64,4.26,2.95
77.9,356.58,401.42,289.16,0.136,0.167,0.117,3.66,4.26,2.99
78.4,360.24,405.44,292.4,0.136,0.165,0.117,3.68,4.28,3.03
78.9,363.91,409.23,295.54,0.135,0.164,0.116,4.45,5.15,3.67
79.5,368.34,413.77,299.94,0.134,0.162,0.116,3.73,4.3,3.09
80,372.05,417.86,303.59,0.133,0.16,0.116,3.75,4.31,3.13
80.5,375.77,421.76,307.12,0.133,0.158,0.116,3.77,4.32,3.16
81,379.51,425.58,310.6,0.132,0.157,0.115,3.78,4.35,3.19
81.5,383.26,429.39,313.93,0.132,0.155,0.115,3.79,4.35,3.22
82,387.02,433.2,317.39,0.131,0.154,0.114,3.81,4.37,3.25
82.5,390.79,437,321,0.13,0.152,0.114,3.83,4.38,3.28
83,394.58,440.79,324.59,0.13,0.151,0.114,3.85,4.4,3.3
83.5,398.37,444.59,328.28,0.129,0.151,0.113,3.87,4.42,3.32
84,402.18,448.38,332.19,0.129,0.149,0.113,3.89,4.43,3.35
84.5,405.99,452.17,335.94,0.128,0.149,0.112,3.9,4.46,3.36
85,409.81,455.95,339.78,0.128,0.149,0.112,3.91,4.48,3.36
85.5,413.64,459.72,343.72,0.127,0.149,0.111,3.92,4.49,3.36
86,417.48,463.63,347.78,0.127,0.149,0.111,3.94,4.5,3.35
86.5,421.32,467.34,351.87,0.126,0.149,0.111,3.95,4.52,3.35
87,425.18,470.85,356.01,0.126,0.149,0.11,3.97,4.53,3.35
87.5,429.04,474.17,360.25,0.126,0.149,0.11,3.98,4.56,3.35
88,432.9,477.61,364.55,0.125,0.149,0.109,3.99,4.59,3.35
88.5,436.78,481.1,368.78,0.125,0.149,0.108,4,4.61,3.36
89,440.66,484.91,372.89,0.125,0.148,0.108,4.01,4.63,3.37
89.5,444.54,489.08,377.08,0.125,0.149,0.107,4.02,4.66,3.36
90,448.43,493.26,381.66,0.124,0.148,0.107,4.03,4.69,3.37
90.5,452.33,497.02,386.25,0.124,0.149,0.106,4.04,4.71,3.36
91,456.24,500.7,390.93,0.123,0.149,0.105,4.05,4.74,3.36
91.5,460.14,504.12,395.64,0.123,0.149,0.105,4.06,4.77,3.35
92,464.06,507.53,399.81,0.123,0.149,0.104,4.07,4.79,3.35
92.5,467.97,511.01,403.94,0.123,0.15,0.104,4.07,4.81,3.34
93,471.9,514.78,408.65,0.123,0.15,0.104,4.08,4.83,3.33
93.5,475.82,518.47,413.54,0.122,0.15,0.103,4.09,4.85,3.32
94,479.75,522.06,418.43,0.122,0.151,0.102,4.1,4.89,3.32
94.5,483.69,525.65,423.34,0.122,0.151,0.102,4.1,4.9,3.31
95,487.63,529.22,428.27,0.122,0.151,0.102,4.11,4.92,3.32
95.5,491.57,532.75,433.2,0.122,0.151,0.101,4.11,4.94,3.32
96,495.51,536.53,437.94,0.121,0.151,0.101,4.12,4.95,3.31
96.5,499.46,540.38,442.5,0.121,0.151,0.1,4.12,4.98,3.31
97,503.41,543.95,446.97,0.121,0.151,0.1,4.13,5,3.3
97.5,507.36,547.5,451.4,0.121,0.152,0.1,4.12,5.02,3.3
98,511.31,550.91,456.42,0.121,0.152,0.099,4.12,5.03,3.29
98.5,515.27,554.59,461.26,0.121,0.152,0.099,4.12,5.04,3.29
99,519.22,558.45,465.94,0.121,0.152,0.099,4.12,5.05,3.28
99.5,523.18,562.24,470.43,0.121,0.153,0.099,4.12,5.06,3.28
100,527.14,565.91,474.86,0.121,0.153,0.099,4.12,5.07,3.27
100.5,531.1,569.72,479.26,0.122,0.153,0.098,4.11,5.08,3.27
101,535.06,573.4,483.44,0.122,0.153,0.098,4.11,5.09,3.27
101.5,539.02,577.25,487.71,0.121,0.153,0.098,4.12,5.1,3.27
102,542.98,580.87,491.82,0.121,0.153,0.098,4.12,5.11,3.26
102.5,546.94,584.42,496.42,0.121,0.153,0.098,4.12,5.12,3.26
103,550.9,587.97,501.36,0.121,0.153,0.098,4.12,5.12,3.26
103.5,554.86,591.58,506.17,0.122,0.153,0.098,4.11,5.12,3.26
104,558.82,595.17,511.24,0.122,0.153,0.098,4.11,5.12,3.26
104.5,562.78,598.98,515.6,0.122,0.154,0.098,4.11,5.12,3.25
105,566.73,603.21,519.87,0.122,0.154,0.098,4.11,5.12,3.25
105.5,570.68,606.86,524.12,0.122,0.154,0.098,4.1,5.11,3.25
106,574.64,610.53,529.09,0.122,0.154,0.098,4.1,5.11,3.25
106.5,578.59,614.67,533.52,0.122,0.154,0.098,4.1,5.11,3.24
107,582.53,618.67,537.84,0.122,0.154,0.098,4.09,5.1,3.24
107.5,586.48,622.64,542.49,0.122,0.154,0.098,4.08,5.08,3.24
108,590.42,626.65,547.06,0.123,0.154,0.099,4.08,5.06,3.24
108.5,594.36,630.55,551.79,0.123,0.155,0.099,4.07,5.06,3.23
109,598.29,634.39,556.6,0.123,0.155,0.099,4.06,5.05,3.23
109.5,602.22,638.1,561.46,0.123,0.155,0.099,4.06,5.04,3.22
110,606.15,641.99,565.72,0.123,0.156,0.1,4.05,5.02,3.21
110.5,610.07,645.56,570.37,0.124,0.157,0.1,4.05,5.01,3.19
111,613.99,649.05,575.28,0.124,0.157,0.1,4.04,5.01,3.19
111.5,617.9,652.52,579.83,0.124,0.157,0.1,4.03,5.01,3.18
112,621.81,656.7,584.2,0.124,0.157,0.1,4.02,5,3.18
112.5,625.72,661.04,589.01,0.125,0.158,0.101,4.01,4.97,3.17
113,629.62,664.94,593.82,0.125,0.159,0.101,4.01,4.95,3.15
113.5,633.51,668.88,598.67,0.125,0.159,0.101,4,4.95,3.14
114,637.39,672.49,603.4,0.125,0.159,0.101,3.99,4.93,3.14
114.5,641.28,675.94,607.88,0.126,0.159,0.102,3.97,4.92,3.14
115,645.15,679.68,612,0.126,0.16,0.102,3.96,4.9,3.13
115.5,649.02,683.94,616.53,0.127,0.16,0.102,3.94,4.89,3.12
116,652.88,688.15,620.54,0.127,0.161,0.103,3.93,4.87,3.1
116.5,656.73,691.88,624.47,0.128,0.162,0.103,3.92,4.84,3.09
117,660.58,695.49,627.97,0.128,0.163,0.103,3.91,4.83,3.08
117.5,664.41,699.25,631.87,0.128,0.163,0.104,3.9,4.82,3.06
118,668.25,703.38,635.9,0.129,0.164,0.104,3.88,4.8,3.05
118.5,672.07,707.41,639.91,0.129,0.165,0.105,3.86,4.78,3.04
119,675.88,711.55,643.92,0.13,0.166,0.105,3.84,4.75,3.02
119.5,679.69,715.36,647.4,0.131,0.167,0.105,3.83,4.74,3
120,683.48,719.43,650.85,0.131,0.168,0.106,3.82,4.72,2.98
120.5,687.27,723.26,654.46,0.132,0.168,0.106,3.8,4.71,2.97
121,691.05,727.12,658.27,0.132,0.169,0.107,3.78,4.69,2.96
121.5,694.82,731.66,661.67,0.133,0.17,0.107,3.76,4.68,2.95
122,698.58,735.91,665.34,0.133,0.171,0.107,3.75,4.66,2.92
122.5,702.33,739.93,669.55,0.134,0.172,0.108,3.73,4.64,2.9
123,706.07,743.91,673.63,0.135,0.173,0.108,3.71,4.64,2.88
123.5,709.8,748.2,677.51,0.135,0.174,0.108,3.7,4.62,2.87
124,713.52,752.18,681.21,0.136,0.175,0.109,3.68,4.59,2.86
124.5,717.22,756.14,684.81,0.136,0.176,0.109,3.67,4.57,2.85
125,720.92,760.09,688.17,0.137,0.177,0.11,3.66,4.55,2.83
125.5,724.61,763.69,691.82,0.137,0.178,0.11,3.64,4.54,2.82
126,728.28,767.27,694.96,0.138,0.179,0.11,3.63,4.53,2.8
126.5,731.95,770.83,698.04,0.138,0.18,0.111,3.62,4.52,2.79
127,735.6,774.94,701.48,0.139,0.18,0.111,3.61,4.51,2.78
127.5,739.25,779.01,705.2,0.139,0.181,0.111,3.6,4.49,2.76
128,742.88,782.89,708.46,0.139,0.182,0.112,3.59,4.48,2.75
128.5,746.51,786.93,711.57,0.14,0.182,0.112,3.58,4.46,2.74
129,750.13,791.25,714.61,0.14,0.183,0.112,3.57,4.44,2.73
129.5,753.74,795.56,717.98,0.14,0.184,0.113,3.57,4.44,2.72
130,757.35,799.64,721.55,0.141,0.184,0.113,3.55,4.43,2.71
130.5,760.94,803.72,724.5,0.141,0.185,0.113,3.54,4.41,2.7
131,764.53,807.91,727.34,0.142,0.186,0.114,3.53,4.39,2.68
131.5,768.11,811.22,730.81,0.142,0.187,0.114,3.53,4.37,2.68
132,771.69,815.31,734.49,0.142,0.188,0.114,3.52,4.37,2.65
132.5,775.26,818.95,737.83,0.142,0.189,0.115,3.52,4.36,2.64
133,778.83,822.38,740.72,0.142,0.19,0.115,3.51,4.35,2.63
133.5,782.39,826.31,743.59,0.143,0.19,0.115,3.5,4.34,2.63
134,785.94,830.21,746.45,0.143,0.191,0.115,3.49,4.33,2.62
134.5,789.49,834.15,749.32,0.143,0.191,0.115,3.49,4.33,2.62
135,793.04,838.08,752.36,0.143,0.191,0.116,3.49,4.33,2.61
135.5,796.59,841.65,755.71,0.144,0.192,0.116,3.48,4.33,2.61
136,800.13,844.86,759.06,0.144,0.192,0.116,3.47,4.32,2.61
136.5,803.66,848.6,762.06,0.144,0.192,0.116,3.46,4.31,2.6
137,807.2,852.64,764.99,0.145,0.193,0.116,3.46,4.3,2.59
137.5,810.73,856.9,767.94,0.145,0.193,0.117,3.45,4.29,2.59
138,814.26,860.8,770.82,0.145,0.193,0.117,3.45,4.28,2.6
138.5,817.79,864.4,773.81,0.145,0.193,0.117,3.45,4.28,2.59
139,821.32,867.68,776.6,0.145,0.193,0.117,3.44,4.27,2.6
139.5,824.84,871.48,779.5,0.145,0.192,0.118,3.44,4.25,2.6
140,828.37,875.53,782.41,0.146,0.192,0.118,3.43,4.24,2.6
140.5,831.9,879.59,785.42,0.146,0.192,0.118,3.43,4.24,2.6
141,835.43,883.61,788.81,0.146,0.191,0.118,3.42,4.22,2.61
141.5,838.95,887.61,792.37,0.146,0.191,0.119,3.42,4.21,2.61
142,842.48,891.57,795.34,0.146,0.192,0.119,3.42,4.2,2.61
142.5,846.01,895.17,798.25,0.146,0.191,0.119,3.42,4.19,2.62
143,849.54,898.8,801.39,0.146,0.191,0.12,3.42,4.18,2.62
143.5,853.08,902.72,804.72,0.146,0.191,0.12,3.42,4.16,2.62
144,856.62,906.52,807.74,0.146,0.191,0.12,3.42,4.16,2.62
144.5,860.16,910.32,811.11,0.146,0.191,0.12,3.43,4.15,2.62
145,863.7,914.25,814.16,0.146,0.19,0.121,3.43,4.15,2.64
145.5,867.25,917.94,817.24,0.146,0.189,0.121,3.44,4.13,2.65
146,870.8,921.61,820.33,0.145,0.188,0.121,3.44,4.13,2.65
146.5,874.35,925.4,823.34,0.145,0.188,0.121,3.44,4.13,2.66
147,877.91,929.08,826.28,0.145,0.187,0.121,3.44,4.12,2.67
147.5,881.48,933.01,829.51,0.145,0.186,0.121,3.44,4.12,2.68
148,885.05,937.06,832.48,0.145,0.185,0.122,3.45,4.11,2.7
148.5,888.62,941.03,835.48,0.145,0.183,0.122,3.46,4.1,2.73
149,892.2,944.81,838.6,0.144,0.182,0.122,3.47,4.09,2.75
149.5,895.79,948.36,841.8,0.144,0.181,0.122,3.48,4.08,2.77
150,899.39,951.89,845.15,0.143,0.18,0.122,3.48,4.09,2.78
150.5,902.99,955.51,848.66,0.143,0.179,0.122,3.49,4.09,2.79
151,906.6,959.32,851.78,0.143,0.178,0.122,3.5,4.1,2.82
151.5,910.22,962.92,854.88,0.142,0.177,0.122,3.51,4.1,2.82
152,913.85,966.45,858.03,0.142,0.176,0.122,3.52,4.1,2.84
152.5,917.48,970.21,861.07,0.142,0.175,0.122,3.53,4.1,2.86
153,921.13,973.95,864.17,0.141,0.173,0.122,3.54,4.1,2.88
153.5,924.78,977.47,867.35,0.141,0.173,0.122,3.56,4.11,2.9
154,928.44,980.96,870.75,0.14,0.171,0.121,3.57,4.12,2.92
154.5,932.12,984.67,873.92,0.139,0.17,0.121,3.59,4.12,2.94
155,935.8,988.39,877.18,0.139,0.17,0.121,3.6,4.13,2.95
155.5,939.5,992.1,880.64,0.138,0.168,0.12,3.62,4.15,2.97
156,943.21,995.7,884,0.137,0.167,0.12,3.64,4.17,2.99
156.5,946.92,999.7,887.58,0.137,0.167,0.12,3.65,4.18,3
157,950.65,1003.64,890.81,0.137,0.166,0.119,3.66,4.19,3.01
157.5,954.39,1007.71,894.53,0.136,0.165,0.119,3.67,4.2,3.02
158,958.15,1011.78,898.13,0.136,0.165,0.119,3.69,4.22,3.03
158.5,961.91,1015.84,901.66,0.135,0.165,0.118,3.7,4.24,3.04
159,965.69,1019.91,905.15,0.134,0.164,0.117,3.72,4.28,3.05
159.5,969.48,1023.97,908.73,0.134,0.164,0.116,3.73,4.3,3.05
160,973.28,1027.74,912.58,0.134,0.163,0.116,3.74,4.33,3.07
160.5,977.09,1031.39,915.82,0.133,0.162,0.115,3.76,4.35,3.08
161,980.92,1035.05,919.28,0.132,0.162,0.114,3.77,4.38,3.09
161.5,984.75,1038.54,923.23,0.132,0.162,0.114,3.79,4.4,3.09
162,988.6,1041.99,927.27,0.132,0.162,0.113,3.8,4.43,3.1
162.5,992.46,1045.54,931.04,0.131,0.161,0.112,3.81,4.45,3.1
163,996.34,1049.24,935.34,0.131,0.161,0.112,3.83,4.48,3.11
163.5,1000.23,1052.93,939.16,0.13,0.16,0.111,3.84,4.5,3.12
164,1004.12,1056.62,942.62,0.13,0.16,0.11,3.86,4.53,3.13
164.5,1008.04,1060.31,946.44,0.129,0.159,0.11,3.87,4.56,3.14
165,1011.96,1063.99,950.06,0.129,0.159,0.109,3.89,4.59,3.14
165.5,1015.9,1067.47,953.89,0.128,0.159,0.108,3.9,4.62,3.15
166,1019.85,1071.09,957.7,0.128,0.158,0.108,3.91,4.65,3.16
166.5,1023.81,1074.76,961.36,0.127,0.158,0.107,3.92,4.68,3.17
167,1027.79,1078.54,965.04,0.127,0.157,0.106,3.94,4.71,3.18
167.5,1031.78,1082.5,968.75,0.126,0.157,0.106,3.96,4.73,3.18
168,1035.78,1086.6,972.57,0.126,0.157,0.105,3.97,4.76,3.19
168.5,1039.8,1090.44,976.75,0.126,0.156,0.104,3.98,4.79,3.2
169,1043.83,1094.42,981.18,0.125,0.155,0.104,4,4.81,3.22
169.5,1047.87,1098.4,985.46,0.125,0.155,0.103,4.01,4.84,3.22
170,1051.93,1102.25,989.58,0.124,0.155,0.103,4.02,4.86,3.23
170.5,1056,1106.13,993.47,0.124,0.154,0.102,4.03,4.89,3.24
171,1060.09,1109.71,997.22,0.124,0.154,0.102,4.05,4.91,3.26
171.5,1064.18,1113.25,1001.1,0.123,0.153,0.101,4.06,4.94,3.27
172,1068.3,1116.79,1005.01,0.123,0.153,0.101,4.08,4.96,3.27
172.5,1072.42,1120.33,1008.83,0.122,0.153,0.1,4.09,4.98,3.27
173,1076.56,1123.91,1012.72,0.122,0.153,0.1,4.1,5,3.27
173.5,1080.71,1127.73,1016.64,0.121,0.152,0.1,4.12,5.02,3.28
174,1084.88,1131.55,1020.58,0.121,0.152,0.099,4.14,5.03,3.29
174.5,1089.06,1135.38,1024.7,0.121,0.152,0.099,4.15,5.05,3.3
175,1093.26,1139.17,1028.9,0.12,0.151,0.099,4.16,5.08,3.31
175.5,1097.47,1143.05,1033.16,0.12,0.15,0.098,4.17,5.09,3.33
176,1101.7,1146.87,1037.41,0.119,0.15,0.098,4.19,5.11,3.34
176.5,1105.94,1150.84,1041.53,0.119,0.149,0.097,4.2,5.13,3.35
177,1110.19,1154.87,1045.99,0.119,0.149,0.097,4.22,5.15,3.37
177.5,1114.46,1159.05,1050.45,0.118,0.148,0.097,4.23,5.16,3.38
178,1118.74,1163.24,1054.69,0.118,0.147,0.097,4.25,5.18,3.4
178.5,1123.04,1167.62,1058.86,0.117,0.146,0.096,4.26,5.19,3.41
179,1127.35,1172,1062.63,0.117,0.146,0.096,4.27,5.21,3.43
179.5,1131.68,1176.34,1066.72,0.117,0.145,0.096,4.29,5.21,3.44
180,1136.03,1180.62,1070.97,0.116,0.145,0.096,4.31,5.22,3.45
180.5,1140.38,1184.9,1075.21,0.116,0.144,0.096,4.32,5.24,3.48
181,1144.76,1189.26,1079.76,0.115,0.143,0.095,4.34,5.25,3.5
181.5,1149.15,1193.58,1083.79,0.115,0.142,0.095,4.36,5.27,3.52
182,1153.55,1197.98,1088.25,0.114,0.141,0.095,4.38,5.28,3.54
182.5,1157.97,1202.36,1092.64,0.114,0.141,0.094,4.39,5.29,3.55
183,1162.41,1206.67,1096.97,0.113,0.14,0.094,4.41,5.31,3.57
183.5,1166.86,1211.13,1101.32,0.113,0.14,0.094,4.43,5.33,3.58
184,1171.32,1215.3,1105.71,0.112,0.139,0.093,4.45,5.35,3.6
184.5,1175.81,1219.41,1109.93,0.112,0.138,0.093,4.46,5.37,3.62
185,1180.3,1223.76,1114.01,0.112,0.137,0.093,4.48,5.39,3.65
185.5,1184.82,1228.19,1118.49,0.111,0.136,0.093,4.5,5.4,3.67
186,1189.35,1232.42,1123.01,0.111,0.135,0.093,4.52,5.4,3.7
186.5,1193.89,1236.55,1127.55,0.11,0.134,0.092,4.53,5.41,3.72
187,1198.46,1241.17,1132.13,0.11,0.133,0.092,4.55,5.42,3.75
187.5,1203.03,1245.83,1136.27,0.109,0.133,0.092,4.57,5.43,3.77
188,1207.63,1250.43,1141.11,0.109,0.132,0.092,4.59,5.43,3.8
188.5,1212.24,1254.95,1145.97,0.109,0.13,0.092,4.61,5.44,3.83
189,1216.87,1259.32,1150.5,0.108,0.13,0.092,4.62,5.46,3.85
189.5,1221.51,1264.1,1154.79,0.108,0.129,0.091,4.64,5.47,3.88
190,1226.17,1268.74,1159.1,0.107,0.128,0.091,4.67,5.48,3.9
190.5,1230.85,1273.5,1163.46,0.107,0.128,0.091,4.68,5.49,3.92
191,1235.54,1278.27,1167.89,0.106,0.127,0.091,4.71,5.5,3.94
191.5,1240.25,1282.81,1172.48,0.106,0.126,0.091,4.73,5.52,3.96
192,1244.98,1287.21,1176.97,0.105,0.126,0.09,4.75,5.53,3.97
192.5,1249.72,1291.61,1181.48,0.105,0.125,0.09,4.77,5.54,3.99
193,1254.48,1296.45,1186.08,0.104,0.125,0.09,4.79,5.55,4
193.5,1259.26,1301.15,1190.73,0.104,0.124,0.09,4.81,5.56,4.02
194,1264.05,1306.06,1195.44,0.104,0.124,0.09,4.82,5.58,4.03
194.5,1268.86,1311.13,1199.91,0.103,0.124,0.089,4.84,5.6,4.05
195,1273.68,1316.22,1204.39,0.103,0.123,0.089,4.86,5.61,4.06
195.5,1278.52,1320.93,1209.12,0.103,0.123,0.089,4.87,5.61,4.06
196,1283.36,1325.29,1213.54,0.102,0.123,0.089,4.89,5.62,4.07
196.5,1288.22,1329.55,1218.06,0.102,0.123,0.089,4.9,5.63,4.08
197,1293.09,1334.14,1223.05,0.102,0.122,0.089,4.91,5.65,4.09
197.5,1297.98,1339.02,1228.05,0.102,0.122,0.088,4.92,5.66,4.09
198,1302.87,1343.78,1233.08,0.101,0.122,0.088,4.93,5.67,4.09
198.5,1307.77,1348.64,1238.25,0.101,0.122,0.088,4.94,5.68,4.1
199,1312.68,1353.65,1243.6,0.101,0.122,0.088,4.95,5.7,4.11
199.5,1317.6,1359.06,1248.98,0.101,0.122,0.088,4.96,5.7,4.11
200,1322.53,1364.22,1253.99,0.101,0.121,0.088,4.97,5.7,4.12
200.5,1327.47,1369.25,1258.94,0.101,0.121,0.088,4.97,5.7,4.12
201,1332.41,1374.33,1264.14,0.1,0.121,0.087,4.98,5.72,4.13
201.5,1337.36,1379.61,1269.51,0.1,0.121,0.087,4.99,5.73,4.13
202,1342.31,1384.69,1274.6,0.1,0.121,0.087,4.99,5.73,4.13
202.5,1347.27,1389.77,1279.19,0.1,0.121,0.087,4.99,5.74,4.14
203,1352.23,1394.92,1283.9,0.1,0.121,0.087,5,5.75,4.13
203.5,1357.2,1399.96,1289.08,0.1,0.121,0.087,5,5.76,4.13
204,1362.17,1405.16,1293.96,0.1,0.121,0.087,5,5.77,4.13
204.5,1367.15,1410.29,1298.74,0.1,0.121,0.087,5.01,5.77,4.13
205,1372.12,1415.51,1303.54,0.1,0.121,0.087,5.01,5.77,4.13
205.5,1377.1,1420.65,1308.49,0.1,0.121,0.087,5.01,5.77,4.12
206,1382.07,1425.99,1313.63,0.1,0.121,0.087,5.01,5.77,4.12
206.5,1387.05,1431.17,1318.48,0.1,0.122,0.087,5.01,5.78,4.11
207,1392.03,1436.34,1323.32,0.1,0.122,0.086,5.01,5.78,4.1
207.5,1397,1441.51,1328.48,0.1,0.122,0.086,5.01,5.78,4.09
208,1401.98,1446.66,1333.76,0.1,0.122,0.086,5,5.78,4.09
208.5,1406.95,1451.63,1338.57,0.1,0.123,0.086,5,5.78,4.08
209,1411.92,1456.61,1343.29,0.1,0.123,0.087,5,5.78,4.07
209.5,1416.88,1461.66,1347.95,0.1,0.123,0.086,5,5.78,4.06
210,1421.84,1466.7,1352.45,0.1,0.123,0.086,4.99,5.78,4.05
210.5,1426.8,1471.75,1356.95,0.1,0.123,0.087,4.99,5.78,4.05
211,1431.75,1476.81,1361.44,0.1,0.123,0.087,4.98,5.77,4.05
211.5,1436.7,1481.86,1366.19,0.101,0.124,0.087,4.97,5.76,4.04
212,1441.64,1486.88,1370.94,0.101,0.124,0.087,4.97,5.76,4.04
212.5,1446.57,1491.94,1375.69,0.101,0.124,0.087,4.96,5.75,4.03
213,1451.49,1497.17,1380.43,0.101,0.124,0.087,4.95,5.75,4.03
213.5,1456.41,1502.49,1385.17,0.101,0.124,0.087,4.94,5.73,4.03
214,1461.31,1507.73,1389.91,0.101,0.124,0.087,4.93,5.73,4.03
214.5,1466.21,1512.89,1394.41,0.102,0.124,0.087,4.92,5.72,4.02
215,1471.1,1517.62,1398.84,0.102,0.125,0.088,4.91,5.71,4.01
215.5,1475.97,1522.32,1403.27,0.102,0.125,0.088,4.9,5.7,4.01
216,1480.84,1527.18,1407.7,0.102,0.125,0.088,4.88,5.69,4
216.5,1485.69,1532.15,1412.13,0.103,0.125,0.088,4.87,5.68,4
217,1490.53,1537.1,1416.79,0.103,0.125,0.088,4.86,5.67,3.99
217.5,1495.36,1541.91,1421.02,0.103,0.126,0.088,4.85,5.65,3.98
218,1500.17,1546.73,1425.21,0.103,0.126,0.089,4.84,5.64,3.98
218.5,1504.97,1551.64,1429.67,0.104,0.126,0.089,4.82,5.62,3.98
219,1509.75,1556.53,1434.54,0.104,0.126,0.089,4.81,5.6,3.97
219.5,1514.52,1561.41,1439.09,0.104,0.126,0.09,4.8,5.59,3.96
220,1519.27,1566.46,1443.48,0.105,0.127,0.09,4.78,5.57,3.95
220.5,1524.01,1571.49,1447.86,0.105,0.127,0.09,4.76,5.55,3.94
221,1528.73,1576.49,1452.34,0.105,0.127,0.09,4.74,5.53,3.92
221.5,1533.43,1581.47,1457.17,0.106,0.128,0.091,4.72,5.51,3.91
222,1538.11,1586.42,1461.37,0.106,0.128,0.091,4.7,5.48,3.9
222.5,1542.77,1591.18,1465.41,0.107,0.129,0.092,4.69,5.46,3.88
223,1547.41,1595.91,1469.62,0.107,0.129,0.092,4.67,5.44,3.86
223.5,1552.03,1600.75,1473.95,0.108,0.13,0.092,4.65,5.41,3.84
224,1556.63,1605.54,1478.26,0.108,0.131,0.093,4.63,5.38,3.83
224.5,1561.21,1610.26,1482.6,0.109,0.131,0.093,4.61,5.36,3.82
225,1565.77,1614.88,1486.86,0.109,0.132,0.094,4.58,5.33,3.79
225.5,1570.3,1619.59,1491.14,0.11,0.132,0.094,4.56,5.3,3.78
226,1574.81,1624.32,1495.39,0.11,0.133,0.095,4.53,5.28,3.77
226.5,1579.3,1628.98,1499.4,0.111,0.133,0.095,4.51,5.25,3.76
227,1583.76,1633.61,1503.4,0.111,0.133,0.096,4.49,5.21,3.75
227.5,1588.2,1638.02,1507.38,0.112,0.134,0.096,4.46,5.19,3.74
228,1592.61,1642.35,1511.36,0.113,0.134,0.097,4.43,5.15,3.72
228.5,1596.99,1646.65,1515.31,0.114,0.135,0.098,4.4,5.12,3.7
229,1601.35,1651.09,1519.31,0.114,0.136,0.098,4.37,5.09,3.69
229.5,1605.67,1655.63,1523.38,0.115,0.136,0.099,4.34,5.05,3.67
230,1609.97,1660.14,1527.37,0.116,0.137,0.1,4.32,5.02,3.65
230.5,1614.25,1664.99,1531.34,0.117,0.138,0.1,4.28,4.98,3.63
231,1618.49,1669.47,1535.39,0.118,0.139,0.101,4.25,4.95,3.61
231.5,1622.7,1673.9,1539.42,0.118,0.14,0.102,4.22,4.91,3.58
232,1626.88,1678.23,1543.1,0.119,0.14,0.103,4.19,4.87,3.56
232.5,1631.03,1682.38,1546.59,0.12,0.141,0.104,4.15,4.83,3.54
233,1635.15,1686.39,1550.06,0.121,0.143,0.104,4.13,4.79,3.51
233.5,1639.23,1690.4,1553.53,0.122,0.144,0.105,4.09,4.75,3.48
234,1643.29,1694.73,1557.21,0.123,0.145,0.106,4.06,4.71,3.45
234.5,1647.3,1699.01,1561.12,0.124,0.146,0.107,4.03,4.66,3.44
235,1651.29,1703.06,1565.51,0.125,0.147,0.108,3.99,4.62,3.41
235.5,1655.24,1707.11,1569.88,0.126,0.148,0.109,3.95,4.59,3.37
236,1659.15,1710.81,1574.24,0.128,0.15,0.11,3.91,4.55,3.34
236.5,1663.03,1714.73,1578.57,0.129,0.151,0.111,3.87,4.51,3.31
237,1666.87,1718.63,1582.89,0.13,0.152,0.112,3.84,4.46,3.28
237.5,1670.67,1722.57,1587.2,0.131,0.153,0.113,3.8,4.42,3.26
238,1674.44,1726.47,1591.32,0.133,0.155,0.115,3.76,4.37,3.23
238.5,1678.16,1730.19,1595.27,0.134,0.156,0.116,3.73,4.32,3.2
239,1681.85,1734.18,1599.21,0.136,0.158,0.117,3.68,4.28,3.16
239.5,1685.5,1738.12,1603.16,0.137,0.16,0.118,3.65,4.24,3.12
240,1689.1,1742,1606.89,0.139,0.162,0.119,3.61,4.2,3.08
240.5,1692.67,1745.56,1610.45,0.14,0.164,0.12,3.57,4.16,3.05
241,1696.19,1749.07,1614.29,0.142,0.166,0.121,3.53,4.13,3.01
241.5,1699.68,1752.54,1618.09,0.143,0.169,0.122,3.49,4.09,2.96
242,1703.12,1755.89,1621.59,0.145,0.171,0.123,3.46,4.06,2.92
242.5,1706.53,1759.14,1625.17,0.146,0.174,0.124,3.42,4.03,2.88
243,1709.9,1762.34,1628.48,0.148,0.176,0.125,3.38,4,2.84
243.5,1713.23,1765.59,1631.79,0.149,0.179,0.126,2.68,3.18,2.24
243.9,1715.87,1768.37,1634.59,0.151,0.181,0.127,2.99,3.55,2.48
244.35,1718.81,1771.46,1637.8,0.152,0.184,0.127,2.96,3.53,2.45
244.8,1721.72,1774.51,1641.04,0.154,0.187,0.128,2.93,3.51,2.41
245.25,1724.61,1777.53,1644.25,0.155,0.189,0.129,2.9,3.49,2.38
245.7,1727.46,1780.42,1647.39,0.157,0.192,0.13,2.87,3.47,2.35
246.15,1730.29,1783.23,1650.44,0.158,0.195,0.13,2.84,3.46,2.31
246.6,1733.1,1786.09,1653.53,0.16,0.197,0.13,2.82,3.45,2.28
247.05,1735.88,1788.93,1656.53,0.161,0.2,0.131,2.79,3.44,2.25
247.5,1738.63,1791.88,1659.48,0.163,0.203,0.131,2.77,3.42,2.22
247.95,1741.36,1794.63,1662.43,0.164,0.206,0.132,3.35,4.17,2.67
248.5,1744.66,1797.97,1666.14,0.166,0.209,0.133,3.01,3.76,2.39
249,1747.63,1801.06,1669.19,0.167,0.213,0.134,2.99,3.75,2.35
249.5,1750.57,1804.11,1672.12,0.169,0.216,0.134,2.96,3.73,2.31
250,1753.49,1807.09,1675.04,0.17,0.22,0.135,2.94,3.71,2.28
250.5,1756.37,1809.98,1678.12,0.172,0.223,0.135,2.91,3.69,2.25
251,1759.24,1812.84,1681.22,0.173,0.226,0.136,2.88,3.67,2.21
251.5,1762.07,1815.4,1684.2,0.175,0.229,0.137,2.86,3.66,2.18
252,1764.89,1818.67,1687.16,0.176,0.233,0.137,2.83,3.65,2.15
252.5,1767.67,1821.57,1690.12,0.178,0.237,0.138,2.81,3.63,2.11
253,1770.44,1824.12,1693.06,0.179,0.24,0.138,2.79,3.62,2.08
253.5,1773.18,1826.68,1695.99,0.18,0.243,0.139,2.77,3.61,2.06
254,1775.9,1829.39,1698.92,0.182,0.246,0.139,2.75,3.6,2.03
254.5,1778.6,1832.1,1701.84,0.183,0.249,0.14,2.73,3.58,2.01
255,1781.28,1834.66,1704.88,0.184,0.251,0.14,2.71,3.56,1.99
255.5,1783.95,1837.2,1708.09,0.186,0.253,0.141,2.69,3.54,1.97
256,1786.59,1839.79,1711.3,0.187,0.256,0.142,2.67,3.52,1.95
256.5,1789.21,1842.46,1714.54,0.189,0.258,0.142,2.65,3.51,1.94
257,1791.82,1845.2,1717.36,0.19,0.261,0.143,2.64,3.5,1.92
257.5,1794.41,1847.86,1720.36,0.19,0.264,0.143,2.63,3.5,1.9
258,1796.99,1850.41,1723.68,0.192,0.267,0.143,2.61,3.5,1.88
258.5,1799.55,1852.93,1727.07,0.193,0.269,0.143,2.59,3.5,1.86
259,1802.1,1855.54,1730.45,0.194,0.272,0.143,2.58,3.5,1.84
259.5,1804.63,1858.17,1733.83,0.195,0.275,0.143,2.56,3.5,1.82
260,1807.15,1860.98,1737.07,0.196,0.278,0.143,2.55,3.5,1.8
260.5,1809.66,1863.79,1739.87,0.197,0.28,0.143,2.54,3.49,1.79
261,1812.16,1866.01,1743.14,0.198,0.282,0.144,2.53,3.48,1.77
261.5,1814.64,1868.51,1746,0.199,0.284,0.144,2.52,3.47,1.76
262,1817.12,1870.97,1748.56,0.199,0.285,0.144,2.51,3.47,1.75
262.5,1819.59,1873.79,1751.83,0.2,0.287,0.144,2.5,3.47,1.74
263,1822.05,1876.16,1755.11,0.201,0.288,0.144,2.49,3.47,1.74
263.5,1824.5,1878.41,1758.28,0.201,0.289,0.145,2.49,3.46,1.73
264,1826.95,1880.86,1761.17,0.201,0.29,0.145,2.48,3.45,1.72
264.5,1829.39,1883.51,1764.06,0.202,0.291,0.145,2.47,3.45,1.72
265,1831.83,1886.47,1766.96,0.202,0.292,0.145,2.47,3.45,1.71
265.5,1834.26,1888.99,1769.87,0.203,0.293,0.145,2.46,3.46,1.7
266,1836.68,1891.59,1772.78,0.203,0.294,0.144,2.46,3.47,1.7
266.5,1839.11,1894.27,1775.55,0.203,0.294,0.144,2.46,3.48,1.7
267,1841.53,1896.94,1778.5,0.203,0.294,0.144,2.47,3.48,1.7
267.5,1843.95,1899.75,1781.44,0.203,0.295,0.144,2.46,3.48,1.7
268,1846.37,1902.35,1784.45,0.203,0.295,0.144,2.46,3.48,1.7
268.5,1848.79,1904.92,1787.3,0.203,0.294,0.143,2.46,3.49,1.7
269,1851.21,1907.53,1790.12,0.203,0.294,0.143,2.46,3.5,1.7
269.5,1853.63,1910.16,1792.87,0.203,0.293,0.143,2.46,3.51,1.71
270,1856.06,1912.79,1795.4,0.203,0.292,0.143,2.47,3.51,1.71
270.5,1858.49,1915.88,1798.44,0.203,0.291,0.142,2.47,3.51,1.72
271,1860.92,1918.04,1801.26,0.202,0.291,0.142,2.47,3.51,1.72
271.5,1863.35,1920.64,1803.71,0.202,0.29,0.142,2.48,3.52,1.73
272,1865.8,1923.17,1806.11,0.201,0.288,0.142,2.48,3.52,1.74
272.5,1868.24,1925.7,1808.3,0.201,0.286,0.141,2.49,3.53,1.75
273,1870.7,1928.23,1810.51,0.2,0.283,0.141,2.5,3.54,1.76
273.5,1873.16,1930.76,1813.09,0.2,0.282,0.141,2.51,3.55,1.77
274,1875.63,1933.52,1815.91,0.199,0.281,0.141,2.51,3.55,1.78
274.5,1878.11,1936.33,1818.76,0.198,0.279,0.14,2.52,3.56,1.79
275,1880.6,1939.21,1821.59,0.197,0.277,0.14,2.54,3.57,1.81
275.5,1883.1,1941.72,1824.63,0.196,0.274,0.139,2.55,3.58,1.82
276,1885.61,1944.19,1827.29,0.195,0.272,0.139,2.56,3.59,1.84
276.5,1888.13,1946.67,1830.25,0.194,0.27,0.139,2.57,3.61,1.85
277,1890.66,1949.15,1833.31,0.193,0.268,0.138,2.59,3.62,1.87
277.5,1893.21,1951.65,1836.66,0.192,0.265,0.138,2.6,3.64,1.89
278,1895.77,1953.94,1839.63,0.191,0.263,0.137,2.62,3.65,1.9
278.5,1898.35,1956.53,1842.42,0.19,0.26,0.137,2.63,3.66,1.92
279,1900.95,1959.39,1845.5,0.189,0.258,0.136,2.65,3.68,1.94
279.5,1903.56,1962.55,1848.2,0.188,0.255,0.136,2.67,3.68,1.96
280,1906.18,1965.44,1850.33,0.186,0.253,0.135,2.69,3.7,1.98
280.5,1908.83,1968.05,1852.86,0.185,0.25,0.135,2.7,3.71,2
281,1911.49,1970.66,1855.69,0.184,0.248,0.134,2.72,3.73,2.02
281.5,1914.17,1973.36,1857.94,0.183,0.245,0.133,2.74,3.76,2.04
282,1916.88,1976.29,1860.49,0.181,0.242,0.133,2.76,3.77,2.06
282.5,1919.6,1979.15,1863.35,0.18,0.24,0.132,2.78,3.78,2.09
283,1922.35,1981.7,1866.29,0.178,0.237,0.131,2.81,3.8,2.11
283.5,1925.12,1984.12,1869.27,0.177,0.234,0.13,2.83,3.85,2.14
284,1927.91,1986.97,1872.36,0.175,0.229,0.129,2.86,3.89,2.18
284.5,1930.72,1989.75,1875.72,0.174,0.226,0.128,2.88,3.92,2.21
285,1933.56,1992.65,1879.11,0.172,0.224,0.127,2.9,3.95,2.24
285.5,1936.43,1995.77,1882.53,0.171,0.221,0.126,2.93,3.98,2.26
286,1939.32,1998.78,1885.69,0.169,0.218,0.124,2.95,4.02,2.29
286.5,1942.24,2002.08,1888.75,0.168,0.215,0.123,2.97,4.06,2.32
287,1945.19,2005.08,1891.37,0.167,0.213,0.122,3,4.1,2.35
287.5,1948.16,2008.27,1894.04,0.165,0.21,0.121,3.03,4.15,2.38
288,1951.16,2011.1,1896.76,0.164,0.207,0.12,3.05,4.18,2.42
288.5,1954.2,2014.71,1899.83,0.162,0.204,0.119,3.08,4.22,2.45
289,1957.26,2018.87,1902.94,0.16,0.202,0.117,3.12,4.26,2.48
289.5,1960.36,2022.62,1906.1,0.159,0.198,0.116,3.14,4.31,2.52
290,1963.49,2026.03,1909.24,0.157,0.195,0.115,3.17,4.36,2.56
290.5,1966.65,2029.6,1912.35,0.156,0.192,0.114,3.21,4.4,2.61
291,1969.84,2033.22,1915.77,0.154,0.189,0.112,3.24,4.44,2.64
291.5,1973.07,2037.4,1919.36,0.152,0.188,0.111,3.28,4.49,2.66
292,1976.32,2041.89,1922.97,0.151,0.186,0.111,3.31,4.52,2.69
292.5,1979.61,2045.72,1926.59,0.15,0.184,0.11,3.34,4.55,2.71
293,1982.93,2050.14,1930.21,0.148,0.182,0.109,3.37,4.59,2.75
293.5,1986.28,2054.33,1933.84,0.147,0.18,0.108,3.4,4.63,2.78
294,1989.66,2057.91,1937.22,0.146,0.178,0.107,3.42,4.68,2.81
294.5,1993.07,2061.32,1940.58,0.145,0.176,0.106,3.45,4.72,2.84
295,1996.5,2064.72,1943.98,0.144,0.175,0.105,3.48,4.76,2.86
295.5,1999.97,2068.25,1947.62,0.143,0.174,0.104,3.5,4.79,2.87
296,2003.46,2072.55,1951.28,0.142,0.173,0.103,3.52,4.84,2.89
296.5,2006.98,2075.88,1954.7,0.141,0.172,0.103,3.55,4.88,2.91
297,2010.52,2079.21,1958.17,0.14,0.17,0.102,3.57,4.91,2.94
297.5,2014.09,2083.04,1961.67,0.139,0.169,0.101,3.6,4.94,2.96
298,2017.68,2087.37,1965.22,0.138,0.167,0.1,3.62,4.98,2.99
298.5,2021.3,2092.03,1968.81,0.137,0.166,0.1,3.64,5.01,3.01
299,2024.94,2097.01,1972.43,0.136,0.165,0.099,3.66,5.04,3.03
299.5,2028.61,2102.02,1976.15,0.136,0.164,0.098,3.69,5.08,3.05
300,2032.3,2107.06,1979.96,0.135,0.163,0.097,3.71,5.13,3.07
300.5,2036.01,2112.13,1983.79,0.134,0.162,0.097,3.73,5.17,3.09
301,2039.74,2117.23,1987.64,0.133,0.161,0.096,3.75,5.2,3.11
301.5,2043.49,2122.22,1991.51,0.133,0.16,0.096,3.77,5.22,3.13
302,2047.26,2126.46,1995.18,0.132,0.159,0.095,3.79,5.24,3.15
302.5,2051.05,2130.71,1998.91,0.131,0.158,0.095,3.81,5.26,3.16
303,2054.86,2134.98,2002.66,0.131,0.158,0.095,3.83,5.28,3.17
303.5,2058.69,2139.52,2006.29,0.13,0.157,0.094,3.84,5.29,3.18
304,2062.54,2144.59,2010.18,0.13,0.157,0.094,3.86,5.31,3.19
304.5,2066.4,2149.71,2014.18,0.129,0.156,0.094,3.87,5.32,3.2
305,2070.28,2155,2017.97,0.129,0.156,0.094,3.89,5.34,3.2
305.5,2074.18,2160.31,2021.77,0.128,0.155,0.093,3.9,5.36,3.22
306,2078.09,2165.64,2025.6,0.128,0.155,0.093,3.91,5.37,3.23
306.5,2082.02,2170.99,2029.85,0.127,0.155,0.093,3.93,5.39,3.23
307,2085.96,2176.35,2034.04,0.127,0.154,0.093,3.94,5.4,3.24
307.5,2089.91,2181.46,2038.08,0.126,0.154,0.092,3.95,5.41,3.25
308,2093.88,2186,2041.98,0.126,0.153,0.092,3.97,5.41,3.26
308.5,2097.86,2191,2046,0.126,0.153,0.092,3.98,5.42,3.27
309,2101.86,2196.23,2050.02,0.125,0.153,0.092,4,5.43,3.27
309.5,2105.86,2201.45,2054.07,0.125,0.153,0.092,4.01,5.43,3.28
310,2109.88,2206.01,2058.13,0.124,0.152,0.092,4.02,5.44,3.29
310.5,2113.9,2211.55,2062.34,0.124,0.152,0.092,4.03,5.45,3.29
311,2117.94,2217.09,2066.43,0.124,0.152,0.092,4.04,5.46,3.3
311.5,2121.98,2222.46,2070.17,0.123,0.151,0.091,4.05,5.47,3.3
312,2126.04,2227.72,2073.92,0.123,0.151,0.091,4.05,5.48,3.3
312.5,2130.1,2232.98,2077.69,0.123,0.151,0.091,4.06,5.48,3.3
313,2134.17,2238.24,2081.47,0.123,0.151,0.091,4.07,5.48,3.31
313.5,2138.24,2243.5,2085.27,0.123,0.151,0.091,4.07,5.48,3.31
314,2142.33,2248.76,2089.07,0.123,0.151,0.091,4.08,5.48,3.31
314.5,2146.41,2254.02,2092.88,0.122,0.151,0.091,4.08,5.48,3.31
315,2150.51,2259.26,2096.71,0.122,0.151,0.091,4.09,5.47,3.31
315.5,2154.6,2264.51,2100.97,0.122,0.151,0.092,4.09,5.46,3.31
316,2158.71,2269.74,2104.72,0.122,0.151,0.092,4.09,5.45,3.31
316.5,2162.81,2274.97,2108.48,0.122,0.151,0.092,4.1,5.45,3.31
317,2166.92,2280.56,2112.25,0.122,0.151,0.092,4.1,5.44,3.31
317.5,2171.03,2285.96,2116.11,0.122,0.151,0.092,4.11,5.43,3.3
318,2175.14,2290.88,2119.86,0.122,0.152,0.092,4.11,5.42,3.3
318.5,2179.25,2295.97,2123.95,0.122,0.152,0.092,4.1,5.41,3.3
319,2183.36,2301.22,2128.34,0.122,0.152,0.093,4.1,5.4,3.3
319.5,2187.48,2306.47,2132.55,0.122,0.152,0.093,4.1,5.38,3.3
320,2191.59,2311.76,2136.38,0.122,0.152,0.093,4.1,5.37,3.29
320.5,2195.7,2317.04,2140.05,0.122,0.152,0.093,4.1,5.35,3.29
321,2199.81,2322.03,2143.77,0.122,0.152,0.094,4.1,5.33,3.28
321.5,2203.91,2327.01,2147.83,0.122,0.153,0.094,4.09,5.32,3.28
322,2208.02,2331.96,2151.85,0.122,0.153,0.094,4.09,5.3,3.27
322.5,2212.12,2337,2155.83,0.122,0.153,0.094,4.09,5.29,3.26
323,2216.21,2342.03,2159.57,0.123,0.154,0.095,4.08,5.27,3.26
323.5,2220.3,2346.95,2163.63,0.123,0.154,0.095,4.07,5.25,3.25
324,2224.39,2351.84,2167.79,0.123,0.154,0.096,4.07,5.22,3.24
324.5,2228.47,2356.91,2171.94,0.123,0.155,0.096,4.06,5.2,3.23
325,2232.54,2361.99,2176.15,0.123,0.155,0.097,4.06,5.17,3.22
325.5,2236.61,2367.04,2180.09,0.123,0.156,0.097,4.05,5.14,3.21
326,2240.67,2372.06,2184.06,0.124,0.156,0.098,4.04,5.1,3.2
326.5,2244.72,2377.04,2187.98,0.124,0.157,0.099,4.03,5.07,3.19
327,2248.76,2381.99,2191.78,0.124,0.157,0.099,4.02,5.04,3.19
327.5,2252.79,2386.9,2195.47,0.125,0.157,0.1,4.01,5,3.18
328,2256.81,2391.72,2199.32,0.125,0.158,0.101,4,4.97,3.17
328.5,2260.82,2396.21,2202.93,0.125,0.158,0.101,3.99,4.94,3.16
329,2264.82,2400.69,2206.91,0.126,0.159,0.102,3.98,4.92,3.15
329.5,2268.81,2405.39,2211.26,0.126,0.16,0.102,3.96,4.89,3.13
330,2272.79,2410.04,2215.02,0.127,0.16,0.103,3.94,4.87,3.12
330.5,2276.75,2414.57,2218.67,0.127,0.161,0.103,3.93,4.83,3.11
331,2280.7,2419,2222.5,0.128,0.162,0.104,3.92,4.8,3.09
331.5,2284.64,2422.86,2226.24,0.128,0.163,0.105,3.9,4.78,3.07
332,2288.56,2426.66,2229.96,0.129,0.164,0.105,3.88,4.77,3.05
332.5,2292.46,2430.95,2233.42,0.129,0.165,0.105,3.87,4.75,3.03
333,2296.35,2435.31,2236.57,0.13,0.166,0.106,3.85,4.72,3.01
333.5,2300.23,2439.63,2240.23,0.13,0.167,0.106,3.83,4.7,2.99
334,2304.08,2444.29,2243.91,0.131,0.168,0.107,3.82,4.68,2.98
334.5,2307.92,2449.03,2247.58,0.132,0.169,0.107,3.8,4.66,2.96
335,2311.74,2453.61,2251.23,0.132,0.17,0.108,3.78,4.63,2.94
335.5,2315.55,2457.71,2255.1,0.133,0.171,0.109,3.76,4.61,2.92
336,2319.33,2461.77,2258.97,0.134,0.172,0.109,3.74,4.58,2.9
336.5,2323.09,2466.25,2262.82,0.135,0.174,0.11,3.71,4.56,2.88
337,2326.84,2470.2,2266.33,0.136,0.175,0.11,3.69,4.54,2.85
337.5,2330.56,2474.03,2269.51,0.136,0.177,0.111,3.67,4.51,2.83
338,2334.26,2478.01,2272.71,0.137,0.179,0.111,3.64,4.49,2.8
338.5,2337.94,2481.78,2276.35,0.139,0.18,0.112,3.61,4.46,2.77
339,2341.59,2485.28,2280.08,0.14,0.182,0.113,3.58,4.43,2.74
339.5,2345.22,2488.92,2283.39,0.141,0.184,0.114,3.55,4.39,2.71
340,2348.83,2492.61,2286.67,0.142,0.187,0.114,3.53,4.37,2.68
340.5,2352.42,2496.3,2289.81,0.143,0.189,0.115,3.5,4.34,2.64
341,2355.97,2499.76,2293.03,0.144,0.191,0.116,3.47,4.33,2.61
341.5,2359.51,2503.15,2296.49,0.145,0.194,0.116,3.45,4.3,2.58
342,2363.02,2506.53,2299.41,0.146,0.196,0.117,3.42,4.28,2.55
342.5,2366.51,2510.17,2302.32,0.147,0.199,0.117,3.4,4.26,2.52
343,2369.97,2513.58,2305.37,0.148,0.201,0.118,3.38,4.24,2.49
343.5,2373.41,2516.95,2308.61,0.149,0.206,0.118,3.35,4.23,2.43
344,2376.82,2520.26,2311.88,0.15,0.21,0.118,2.67,3.38,1.91
344.4,2379.53,2522.87,2314.31,0.151,0.212,0.119,2.98,3.79,2.13
344.85,2382.57,2525.66,2316.6,0.152,0.214,0.119,2.96,3.77,2.1
345.3,2385.59,2528.31,2319.3,0.153,0.217,0.12,2.94,3.76,2.07
345.75,2388.59,2530.92,2322.04,0.154,0.222,0.12,2.92,3.74,2.03
346.2,2391.57,2533.48,2324.62,0.155,0.223,0.121,2.9,3.72,2.02
346.65,2394.53,2536.01,2326.95,0.156,0.225,0.122,2.88,3.7,2
347.1,2397.47,2538.41,2329.3,0.157,0.226,0.122,2.86,3.69,1.99
347.55,2400.4,2540.54,2331.63,0.158,0.23,0.123,2.84,3.67,1.96
348,2403.31,2542.52,2334.25,0.159,0.233,0.123,3.14,4.05,2.15
348.5,2406.51,2545.23,2337.21,0.161,0.236,0.124,3.11,4.03,2.12
349,2409.7,2547.69,2340.06,0.162,0.24,0.125,3.09,4.01,2.09
349.5,2412.87,2550.02,2342.9,0.163,0.244,0.126,3.07,3.98,2.05
350,2416.01,2552.31,2345.47,0.164,0.249,0.126,3.05,3.96,2.01
350.5,2419.13,2554.78,2347.93,0.165,0.254,0.127,3.03,3.94,1.97
351,2422.24,2557.19,2350.41,0.166,0.258,0.128,3,3.92,1.94
351.5,2425.32,2559.37,2353.12,0.167,0.263,0.128,2.99,3.89,1.9
352,2428.38,2561.51,2355.59,0.168,0.269,0.129,2.97,3.87,1.86
352.5,2431.41,2563.6,2357.88,0.169,0.276,0.13,2.95,3.85,1.81
353,2434.43,2565.92,2360.41,0.17,0.284,0.131,2.94,3.82,1.76
353.5,2437.43,2568.57,2362.92,0.171,0.291,0.132,2.92,3.8,1.72
354,2440.41,2570.86,2365.26,0.172,0.298,0.132,2.9,3.78,1.68
354.5,2443.37,2572.94,2367.43,0.173,0.303,0.133,2.88,3.76,1.65
355,2446.3,2575.05,2369.56,0.174,0.308,0.134,2.87,3.74,1.62
355.5,2449.22,2577.11,2371.68,0.175,0.314,0.135,2.85,3.72,1.59
356,2452.12,2579.13,2373.8,0.176,0.319,0.135,2.83,3.69,1.57
356.5,2455,2581.12,2375.91,0.178,0.325,0.136,2.82,3.67,1.54
357,2457.86,2583.01,2378.01,0.179,0.329,0.137,2.8,3.64,1.52
357.5,2460.7,2584.77,2380.11,0.18,0.333,0.138,2.78,3.62,1.5
358,2463.52,2586.61,2382.2,0.181,0.339,0.139,2.77,3.6,1.47
358.5,2466.32,2588.41,2384.03,0.182,0.344,0.14,2.75,3.57,1.45
359,2469.11,2590.18,2385.8,0.183,0.348,0.141,2.74,3.55,1.44
359.5,2471.88,2591.91,2387.59,0.184,0.352,0.142,2.72,3.53,1.42
360,2474.63,2593.43,2389.75,0.185,0.357,0.143,2.7,3.51,1.4
360.5,2477.36,2594.82,2391.76,0.186,0.364,0.144,2.69,3.48,1.37
361,2480.07,2596.24,2393.64,0.187,0.371,0.144,2.67,3.46,1.35
361.5,2482.76,2598.03,2395.51,0.188,0.378,0.145,2.66,3.45,1.32
362,2485.44,2599.95,2397.39,0.189,0.386,0.146,2.64,3.43,1.3
362.5,2488.1,2601.28,2399.45,0.19,0.392,0.147,2.63,3.4,1.27
363,2490.75,2602.58,2401.75,0.191,0.399,0.148,2.61,3.38,1.25
363.5,2493.37,2603.85,2404.06,0.193,0.405,0.149,2.6,3.35,1.24
364,2495.98,2605.09,2406.36,0.194,0.411,0.15,2.58,3.33,1.22
364.5,2498.57,2606.31,2408.53,0.195,0.417,0.151,2.57,3.3,1.2
365,2501.15,2607.55,2410.48,0.196,0.423,0.153,2.55,3.27,1.18
365.5,2503.71,2609.22,2412.13,0.197,0.429,0.154,2.54,3.26,1.17
366,2506.26,2611.14,2413.78,0.198,0.435,0.155,2.53,3.23,1.15
366.5,2508.78,2612.79,2415.43,0.199,0.442,0.156,2.51,3.21,1.13
367,2511.3,2614.21,2417.09,0.2,0.45,0.157,2.5,3.19,1.11
367.5,2513.79,2615.6,2419,0.201,0.461,0.158,2.48,3.17,1.09
368,2516.28,2617.02,2420.96,0.202,0.464,0.159,2.47,3.15,1.08
368.5,2518.74,2618.87,2423.09,0.204,0.471,0.159,2.46,3.14,1.06
369,2521.19,2621,2425.22,0.204,0.473,0.16,2.45,3.12,1.06
369.5,2523.63,2622.7,2427.35,0.205,0.476,0.162,2.43,3.09,1.05
370,2526.05,2624.72,2429.64,0.206,0.485,0.163,2.42,3.07,1.03
370.5,2528.46,2626.45,2431.71,0.208,0.495,0.164,2.41,3.04,1.01
371,2530.85,2628.07,2433.77,0.209,0.503,0.165,2.39,3.03,1
371.5,2533.23,2630.03,2435.84,0.21,0.507,0.166,2.38,3.01,0.99
372,2535.6,2631.83,2437.72,0.211,0.51,0.167,2.37,2.99,0.98
372.5,2537.95,2633.52,2439.6,0.213,0.517,0.168,2.35,2.97,0.97
373,2540.28,2635.02,2441.49,0.214,0.518,0.17,2.34,2.94,0.97
373.5,2542.61,2636.58,2443.49,0.215,0.525,0.171,2.33,2.93,0.95
374,2544.92,2638.44,2445.53,0.216,0.534,0.171,2.31,2.92,0.94
374.5,2547.22,2640.55,2447.59,0.218,0.534,0.171,2.3,2.91,0.93
375,2549.5,2642.72,2449.65,0.219,0.531,0.172,2.29,2.91,0.92
375.5,2551.77,2644.64,2451.73,0.22,0.526,0.173,2.28,2.89,0.93
376,2554.03,2646.8,2453.83,0.221,0.527,0.174,2.26,2.88,0.92
376.5,2556.28,2648.67,2455.94,0.223,0.532,0.174,2.24,2.86,0.92
377,2558.51,2649.95,2458.06,0.224,0.531,0.175,2.23,2.85,0.93
377.5,2560.74,2651.85,2460.21,0.225,0.529,0.175,2.22,2.85,0.94
378,2562.95,2654.03,2462.66,0.227,0.535,0.176,2.2,2.84,0.93
378.5,2565.14,2656.19,2465.13,0.228,0.54,0.176,2.19,2.83,0.91
379,2567.33,2658.31,2467.62,0.23,0.536,0.177,2.18,2.82,0.91
379.5,2569.51,2660.23,2470.14,0.231,0.531,0.177,2.17,2.82,0.91
380,2571.67,2661.75,2472.68,0.232,0.528,0.177,2.15,2.82,0.92
380.5,2573.82,2663.57,2475.24,0.233,0.529,0.177,2.14,2.82,0.93
381,2575.97,2664.88,2477.82,0.234,0.53,0.177,2.14,2.82,0.93
381.5,2578.1,2666.7,2480.39,0.234,0.528,0.177,2.13,2.82,0.94
382,2580.22,2668.29,2482.79,0.236,0.527,0.176,2.12,2.83,0.94
382.5,2582.33,2670.24,2485.22,0.237,0.524,0.176,2.11,2.84,0.95
383,2584.43,2671.99,2487.67,0.237,0.516,0.176,2.11,2.84,0.96
383.5,2586.53,2673.84,2490.3,0.238,0.517,0.175,2.1,2.85,0.96
384,2588.61,2675.79,2492.93,0.239,0.516,0.175,2.1,2.86,0.96
384.5,2590.68,2677.72,2495.45,0.239,0.516,0.174,2.09,2.87,0.97
385,2592.75,2679.62,2497.98,0.24,0.523,0.174,2.09,2.87,0.96
385.5,2594.8,2680.84,2500.54,0.241,0.521,0.173,2.07,2.88,0.96
386,2596.85,2682.63,2503.12,0.242,0.518,0.173,2.07,2.89,0.97
386.5,2598.89,2684.47,2505.71,0.243,0.519,0.173,2.06,2.89,0.96
387,2600.93,2686.09,2508.39,0.244,0.519,0.173,2.05,2.9,0.96
387.5,2602.95,2687.38,2511.21,0.245,0.52,0.172,2.04,2.91,0.96
388,2604.97,2688.66,2514.06,0.246,0.52,0.172,2.03,2.91,0.96
388.5,2606.98,2689.99,2516.69,0.247,0.519,0.171,2.02,2.92,0.96
389,2608.98,2691.19,2519.33,0.248,0.515,0.171,2.01,2.93,0.97
389.5,2610.98,2692.68,2522,0.249,0.516,0.17,2.01,2.94,0.97
390,2612.98,2694.62,2524.68,0.25,0.519,0.169,2,2.95,0.96
390.5,2614.96,2696.47,2527.54,0.25,0.516,0.169,2,2.97,0.97
391,2616.94,2697.98,2530.19,0.251,0.522,0.168,1.99,2.98,0.96
391.5,2618.92,2699.67,2532.39,0.252,0.526,0.167,1.99,2.99,0.95
392,2620.89,2701.55,2534.6,0.252,0.526,0.167,1.98,3,0.95
392.5,2622.85,2703.41,2536.84,0.253,0.526,0.167,1.98,3,0.95
393,2624.81,2704.92,2539.08,0.254,0.525,0.166,1.97,3.01,0.95
393.5,2626.77,2706.38,2541.43,0.254,0.532,0.166,1.97,3.01,0.94
394,2628.72,2707.83,2543.99,0.255,0.538,0.165,1.96,3.03,0.93
394.5,2630.67,2709.23,2546.54,0.256,0.546,0.165,1.96,3.03,0.92
395,2632.62,2710.66,2549.19,0.256,0.552,0.165,1.95,3.04,0.91
395.5,2634.56,2712.37,2551.66,0.257,0.554,0.164,1.94,3.04,0.9
396,2636.5,2713.89,2554.31,0.257,0.555,0.164,1.94,3.06,0.9
396.5,2638.43,2715.5,2556.76,0.258,0.557,0.163,1.94,3.07,0.9
397,2640.37,2716.97,2559.22,0.258,0.558,0.163,1.94,3.08,0.9
397.5,2642.3,2718.41,2561.81,0.258,0.556,0.162,1.94,3.08,0.9
398,2644.23,2719.8,2564.66,0.259,0.557,0.161,1.93,3.1,0.9
398.5,2646.16,2721.18,2567.51,0.259,0.56,0.161,1.93,3.11,0.89
399,2648.08,2722.51,2570.38,0.259,0.565,0.16,1.93,3.12,0.89
399.5,2650.01,2723.83,2573.27,0.258,0.565,0.16,1.94,3.12,0.89
400,2651.93,2725.44,2576.17,0.258,0.566,0.16,1.94,3.13,0.88
400.5,2653.86,2726.7,2578.92,0.258,0.567,0.159,1.94,3.14,0.88
401,2655.78,2728,2581.21,0.258,0.565,0.159,1.94,3.14,0.89
401.5,2657.71,2729.62,2583.72,0.258,0.566,0.159,1.94,3.15,0.88
402,2659.63,2731.11,2587.04,0.258,0.565,0.158,1.94,3.16,0.88
402.5,2661.55,2732.58,2590.31,0.257,0.566,0.158,1.94,3.16,0.88
403,2663.48,2734.05,2593.52,0.257,0.564,0.158,1.95,3.16,0.89
403.5,2665.4,2735.78,2596.1,0.257,0.562,0.158,1.94,3.17,0.89
404,2667.33,2737.63,2598.51,0.257,0.563,0.158,1.94,3.17,0.89
404.5,2669.26,2739.47,2600.94,0.257,0.563,0.158,1.94,3.17,0.89
405,2671.19,2740.77,2603.36,0.257,0.563,0.157,1.95,3.18,0.89
405.5,2673.12,2741.96,2605.64,0.255,0.561,0.157,1.96,3.19,0.89
406,2675.06,2743.48,2608.21,0.255,0.559,0.156,1.96,3.2,0.89
406.5,2676.99,2745.07,2610.8,0.254,0.557,0.156,1.97,3.2,0.9
407,2678.93,2746.53,2613.39,0.254,0.55,0.156,1.97,3.2,0.91
407.5,2680.88,2747.89,2615.99,0.253,0.543,0.156,1.98,3.2,0.92
408,2682.82,2749.24,2618.64,0.252,0.536,0.157,1.98,3.19,0.93
408.5,2684.77,2750.65,2620.84,0.252,0.524,0.156,1.99,3.2,0.95
409,2686.73,2752.26,2622.96,0.25,0.523,0.156,2,3.21,0.96
409.5,2688.69,2753.73,2625.19,0.25,0.524,0.156,2,3.21,0.95
410,2690.65,2755.02,2627.63,0.249,0.521,0.156,2.01,3.21,0.96
410.5,2692.62,2756.48,2630.45,0.248,0.514,0.156,2.02,3.21,0.97
411,2694.59,2758.04,2633.53,0.248,0.51,0.155,2.02,3.22,0.98
411.5,2696.57,2760.01,2635.73,0.247,0.503,0.155,2.03,3.22,0.99
412,2698.55,2761.97,2638.01,0.246,0.498,0.155,2.03,3.22,1
412.5,2700.54,2764.02,2640.37,0.246,0.496,0.155,2.04,3.23,1.01
413,2702.53,2765.65,2642.78,0.245,0.496,0.154,2.04,3.24,1.01
413.5,2704.53,2767,2645.5,0.244,0.49,0.154,2.05,3.25,1.02
414,2706.54,2768.3,2648.14,0.243,0.485,0.153,2.06,3.26,1.03
414.5,2708.55,2769.79,2650.67,0.242,0.48,0.153,2.07,3.27,1.04
415,2710.57,2771.51,2653.37,0.241,0.478,0.152,2.07,3.28,1.05
415.5,2712.6,2773.6,2655.96,0.24,0.473,0.152,2.08,3.29,1.06
416,2714.64,2775.84,2658.32,0.239,0.464,0.152,2.09,3.3,1.08
416.5,2716.68,2777.97,2660.61,0.239,0.458,0.151,2.1,3.3,1.09
417,2718.73,2780.45,2663.19,0.237,0.455,0.151,2.11,3.31,1.1
417.5,2720.79,2782.55,2665.36,0.236,0.457,0.151,2.12,3.31,1.1
418,2722.86,2784.57,2667.63,0.235,0.454,0.15,2.13,3.33,1.1
418.5,2724.93,2786.66,2669.92,0.234,0.451,0.15,2.14,3.34,1.11
419,2727.02,2788.28,2672.3,0.233,0.449,0.149,2.14,3.35,1.11
419.5,2729.12,2790.15,2674.96,0.232,0.449,0.149,2.15,3.36,1.11
420,2731.22,2792.13,2677.62,0.231,0.449,0.148,2.16,3.37,1.11
420.5,2733.34,2793.71,2679.87,0.23,0.447,0.148,2.17,3.38,1.12
421,2735.46,2795.36,2682.09,0.23,0.442,0.147,2.18,3.39,1.13
421.5,2737.6,2797.7,2684.47,0.228,0.438,0.147,2.19,3.4,1.14
422,2739.74,2800.16,2687.03,0.227,0.428,0.146,2.2,3.42,1.17
422.5,2741.9,2802.15,2689.75,0.226,0.424,0.146,2.21,3.43,1.18
423,2744.07,2804.13,2691.8,0.225,0.419,0.145,2.23,3.45,1.19
423.5,2746.25,2807.06,2694.32,0.224,0.417,0.144,2.24,3.47,1.2
424,2748.44,2809.46,2696.41,0.222,0.411,0.144,2.25,3.48,1.22
424.5,2750.65,2812.25,2698.52,0.22,0.405,0.143,2.27,3.49,1.23
425,2752.87,2815.17,2701.11,0.219,0.402,0.143,2.28,3.51,1.24
425.5,2755.1,2817.58,2703.68,0.218,0.397,0.142,2.3,3.53,1.26
426,2757.35,2819.49,2705.96,0.216,0.392,0.141,2.31,3.54,1.28
426.5,2759.61,2821.87,2708.06,0.215,0.388,0.141,2.33,3.55,1.29
427,2761.89,2823.87,2710.23,0.214,0.385,0.14,2.34,3.56,1.3
427.5,2764.18,2826.41,2712.64,0.212,0.379,0.14,2.35,3.58,1.32
428,2766.49,2828.95,2715.05,0.211,0.376,0.139,2.37,3.59,1.33
428.5,2768.82,2831.49,2717.49,0.209,0.372,0.139,2.39,3.6,1.34
429,2771.16,2834.37,2720.01,0.208,0.368,0.138,2.41,3.63,1.36
429.5,2773.52,2836.86,2722.74,0.206,0.365,0.137,2.43,3.66,1.37
430,2775.9,2839.35,2724.97,0.204,0.36,0.136,2.45,3.69,1.39
430.5,2778.3,2841.98,2727.52,0.203,0.357,0.134,2.46,3.72,1.4
431,2780.72,2845.03,2729.75,0.202,0.353,0.133,2.48,3.75,1.42
431.5,2783.15,2848.11,2732.43,0.2,0.349,0.132,2.5,3.78,1.43
432,2785.61,2850.91,2735.11,0.198,0.344,0.132,2.52,3.8,1.45
432.5,2788.08,2853.41,2737.78,0.197,0.339,0.131,2.54,3.82,1.48
433,2790.58,2856.16,2740.62,0.195,0.334,0.13,2.56,3.83,1.5
433.5,2793.09,2859.16,2743.36,0.193,0.329,0.13,2.59,3.85,1.52
434,2795.63,2862.47,2746.04,0.191,0.324,0.129,2.61,3.87,1.54
434.5,2798.18,2865.51,2748.64,0.19,0.319,0.129,2.64,3.89,1.57
435,2800.76,2868.62,2751.37,0.188,0.314,0.128,2.66,3.91,1.59
435.5,2803.37,2871.99,2753.73,0.186,0.308,0.127,2.68,3.93,1.62
436,2805.99,2874.98,2756.46,0.185,0.303,0.126,2.7,3.96,1.65
436.5,2808.64,2878.03,2758.61,0.183,0.298,0.126,2.73,3.98,1.68
437,2811.31,2880.97,2760.92,0.181,0.293,0.125,2.76,3.99,1.71
437.5,2814,2883.7,2762.99,0.18,0.288,0.125,2.78,4.01,1.74
438,2816.72,2886.69,2765.6,0.178,0.285,0.124,2.81,4.03,1.76
438.5,2819.46,2889.7,2768.41,0.176,0.281,0.124,2.84,4.05,1.78
439,2822.23,2892.65,2770.94,0.174,0.277,0.123,2.87,4.07,1.8
439.5,2825.02,2895.85,2773.93,0.173,0.273,0.122,2.89,4.09,1.83
440,2827.84,2899.48,2776.62,0.171,0.268,0.122,2.92,4.1,1.86
440.5,2830.69,2903.05,2779.72,0.17,0.264,0.122,2.95,4.11,1.9
441,2833.56,2906.62,2782.84,0.168,0.26,0.121,2.97,4.13,1.92
441.5,2836.46,2910.02,2785.66,0.167,0.256,0.121,2.99,4.15,1.95
442,2839.38,2913.07,2788.36,0.165,0.253,0.12,3.02,4.17,1.98
442.5,2842.34,2916.81,2791.31,0.164,0.249,0.12,3.05,4.17,2.01
443,2845.32,2920.27,2794.6,0.162,0.245,0.12,3.08,4.18,2.04
443.5,2848.33,2923.98,2797.66,0.161,0.241,0.119,4.48,6.04,2.98
444.22,2852.71,2929.35,2801.31,0.159,0.237,0.119,4.53,6.06,3.04
444.94,2857.16,2934.91,2805.24,0.157,0.232,0.118,4.59,6.08,3.1
445.66,2861.66,2940.79,2809.21,0.155,0.227,0.118,4.65,6.11,3.18
446.38,2866.24,2945.96,2813.87,0.153,0.222,0.117,4.71,6.14,3.25
447.1,2870.87,2951.6,2818.14,0.151,0.217,0.117,4.77,6.14,3.32
447.82,2875.57,2957.58,2822.24,0.149,0.213,0.117,4.56,5.83,3.19
448.5,2880.07,2963.23,2825.79,0.148,0.211,0.116,3.39,4.3,2.37
449,2883.42,2967.35,2828.65,0.146,0.208,0.116,3.42,4.31,2.4
449.5,2886.8,2971.1,2831.54,0.145,0.205,0.116,3.46,4.33,2.44
450,2890.22,2974.85,2834.48,0.143,0.202,0.115,3.49,4.34,2.48
450.5,2893.67,2978.61,2837.46,0.142,0.198,0.115,3.52,4.34,2.52
451,2897.15,2982.39,2840.42,0.14,0.195,0.115,3.56,4.35,2.57
451.5,2900.67,2986.17,2843.56,0.139,0.192,0.115,3.59,4.36,2.61
452,2904.22,2989.96,2846.32,0.138,0.188,0.114,3.63,4.38,2.65
452.5,2907.81,2993.75,2849.48,0.137,0.185,0.114,3.66,4.4,2.7
453,2911.44,2997.56,2852.79,0.135,0.183,0.113,3.69,4.43,2.74
453.5,2915.1,3001.73,2856.1,0.134,0.18,0.112,3.72,4.46,2.78
454,2918.79,3005.91,2858.87,0.133,0.178,0.111,3.76,4.49,2.81
454.5,2922.52,3010.09,2861.97,0.132,0.176,0.111,3.79,4.52,2.84
455,2926.28,3014.28,2865.43,0.131,0.174,0.11,3.82,4.56,2.87
455.5,2930.08,3018.46,2868.93,0.13,0.172,0.109,3.86,4.59,2.9
456,2933.91,3022.65,2872.42,0.129,0.17,0.108,3.88,4.62,2.93
456.5,2937.77,3026.75,2875.34,0.128,0.169,0.108,3.92,4.64,2.96
457,2941.66,3030.44,2878.3,0.127,0.168,0.107,3.94,4.68,2.98
457.5,2945.59,3033.99,2881.7,0.126,0.167,0.106,3.97,4.72,3
458,2949.54,3037.9,2885.29,0.125,0.166,0.105,3.99,4.75,3.01
458.5,2953.53,3041.99,2888.7,0.124,0.165,0.105,4.02,4.78,3.02
459,2957.55,3046.09,2892.49,0.124,0.164,0.104,4.04,4.8,3.05
459.5,2961.59,3050.19,2896.29,0.123,0.163,0.104,4.07,4.83,3.07
460,2965.67,3054.45,2900.28,0.122,0.161,0.103,4.09,4.86,3.1
460.5,2969.77,3058.71,2903.74,0.121,0.161,0.102,4.12,4.88,3.12
461,2973.9,3062.86,2907.86,0.121,0.159,0.102,4.14,4.91,3.14
461.5,2978.06,3066.87,2911.82,0.12,0.159,0.101,4.16,4.94,3.15
462,2982.25,3071.11,2915.72,0.119,0.158,0.101,4.19,4.97,3.17
462.5,2986.46,3075.41,2919.89,0.119,0.156,0.1,4.21,5,3.2
463,2990.7,3079.66,2924.14,0.118,0.155,0.099,4.23,5.03,3.23
463.5,2994.96,3083.85,2927.9,0.118,0.154,0.099,4.25,5.06,3.25
464,2999.25,3088.04,2931.7,0.117,0.154,0.098,4.28,5.09,3.25
464.5,3003.56,3092.24,2935.55,0.116,0.153,0.098,4.3,5.13,3.27
465,3007.9,3096.44,2939.4,0.116,0.152,0.097,4.32,5.16,3.29
465.5,3012.26,3100.64,2943.26,0.115,0.151,0.096,4.34,5.19,3.31
466,3016.64,3104.85,2947.14,0.115,0.15,0.096,4.36,5.21,3.33
466.5,3021.04,3109.06,2950.97,0.114,0.149,0.095,4.38,5.24,3.36
467,3025.47,3113.26,2954.84,0.114,0.148,0.095,4.4,5.27,3.38
467.5,3029.92,3116.76,2958.72,0.113,0.147,0.095,4.42,5.29,3.39
468,3034.39,3120.26,2962.57,0.113,0.146,0.094,4.43,5.32,3.42
468.5,3038.88,3124.1,2966.35,0.112,0.146,0.094,4.45,5.34,3.43
469,3043.39,3128.35,2970.52,0.112,0.145,0.093,4.47,5.36,3.45
469.5,3047.92,3132.61,2974.51,0.111,0.145,0.093,4.49,5.39,3.46
470,3052.47,3136.87,2978.7,0.111,0.144,0.092,4.5,5.41,3.47
470.5,3057.04,3141.12,2982.93,0.111,0.143,0.092,4.52,5.43,3.49
471,3061.62,3145.3,2987.01,0.11,0.142,0.092,4.54,5.45,3.51
471.5,3066.22,3149.35,2991.06,0.11,0.142,0.091,4.56,5.47,3.52
472,3070.84,3153.4,2995.47,0.109,0.141,0.091,4.57,5.48,3.54
472.5,3075.48,3157.53,2999.9,0.109,0.141,0.091,4.59,5.49,3.55
473,3080.13,3161.98,3004.49,0.109,0.14,0.091,4.6,5.5,3.58
473.5,3084.8,3166.64,3009.21,0.108,0.138,0.091,4.62,5.51,3.62
474,3089.48,3170.87,3013.38,0.108,0.137,0.09,4.63,5.53,3.65
474.5,3094.18,3175.35,3017.94,0.108,0.136,0.09,4.65,5.54,3.68
475,3098.89,3179.82,3022.63,0.107,0.136,0.09,4.66,5.55,3.69
475.5,3103.61,3184.1,3027.45,0.107,0.136,0.09,4.67,5.56,3.69
476,3108.35,3188.75,3031.86,0.107,0.135,0.09,4.69,5.57,3.7
476.5,3113.1,3193.21,3036.01,0.106,0.135,0.09,4.7,5.58,3.71
477,3117.86,3197.57,3040.31,0.106,0.134,0.09,4.71,5.58,3.72
477.5,3122.63,3201.75,3045.44,0.106,0.134,0.09,4.72,5.58,3.74
478,3127.42,3205.92,3049.97,0.106,0.133,0.09,4.74,5.58,3.77
478.5,3132.21,3210.1,3054.17,0.105,0.133,0.09,4.75,5.58,3.77
479,3137.02,3214.28,3058.51,0.105,0.132,0.09,4.76,5.58,3.78
479.5,3141.83,3218.46,3062.89,0.105,0.132,0.089,4.77,5.59,3.78
480,3146.66,3222.64,3067.69,0.105,0.132,0.089,4.78,5.59,3.77
480.5,3151.49,3226.82,3072.51,0.104,0.132,0.089,4.79,5.59,3.78
481,3156.33,3231.11,3077.37,0.104,0.131,0.089,4.79,5.59,3.81
481.5,3161.18,3235.45,3082.06,0.104,0.131,0.089,4.8,5.6,3.83
482,3166.03,3239.85,3086.63,0.104,0.13,0.089,4.82,5.6,3.84
482.5,3170.89,3243.97,3091.71,0.104,0.13,0.089,4.82,5.6,3.84
483,3175.76,3248.47,3096.47,0.104,0.13,0.089,4.83,5.59,3.85
483.5,3180.63,3253.25,3101,0.104,0.13,0.089,4.83,5.59,3.85
484,3185.51,3258.16,3105.98,0.103,0.13,0.089,4.84,5.6,3.85
484.5,3190.39,3262.93,3110.69,0.103,0.129,0.089,4.84,5.6,3.87
485,3195.28,3267.71,3115.31,0.103,0.128,0.089,4.85,5.59,3.89
485.5,3200.16,3272.19,3120.38,0.103,0.128,0.089,4.85,5.59,3.91
486,3205.06,3276.57,3125.48,0.103,0.128,0.089,4.85,5.59,3.91
486.5,3209.95,3281.17,3130.59,0.103,0.128,0.089,4.85,5.6,3.9
487,3214.85,3285.28,3135.72,0.103,0.128,0.089,4.85,5.6,3.92
487.5,3219.75,3289.69,3140.82,0.103,0.127,0.089,4.85,5.6,3.92
488,3224.65,3294.17,3145.76,0.103,0.128,0.089,4.86,5.6,3.92
488.5,3229.55,3298.99,3150.88,0.103,0.128,0.089,4.86,5.6,3.9
489,3234.45,3303.83,3156.17,0.103,0.128,0.089,4.86,5.6,3.9
489.5,3239.35,3308.59,3161.45,0.103,0.128,0.089,4.87,5.62,3.9
490,3244.25,3313.33,3166.72,0.103,0.129,0.089,4.87,5.65,3.89
490.5,3249.15,3317.95,3171.87,0.103,0.129,0.088,4.87,5.66,3.88
491,3254.05,3322.72,3177.08,0.102,0.129,0.088,4.88,5.67,3.88
491.5,3258.95,3327.27,3182.29,0.102,0.129,0.088,4.88,5.68,3.87
492,3263.86,3331.73,3187.5,0.102,0.129,0.088,4.88,5.7,3.87
492.5,3268.76,3336.38,3192.74,0.102,0.129,0.087,4.88,5.72,3.87
493,3273.67,3341.1,3197.37,0.102,0.129,0.087,4.88,5.73,3.88
493.5,3278.58,3345.63,3202.3,0.103,0.129,0.087,4.87,5.74,3.89
494,3283.49,3350.14,3207.71,0.103,0.128,0.087,4.88,5.76,3.89
494.5,3288.4,3354.21,3213.02,0.103,0.128,0.087,4.87,5.77,3.9
495,3293.32,3359.11,3218.2,0.103,0.128,0.087,4.88,5.78,3.91
495.5,3298.23,3364.19,3223.17,0.103,0.128,0.086,4.88,5.79,3.91
496,3303.15,3368.88,3227.72,0.102,0.127,0.086,4.88,5.79,3.92
496.5,3308.08,3372.95,3231.91,0.103,0.127,0.086,4.88,5.8,3.93
497,3313.01,3377.85,3236.58,0.102,0.127,0.086,4.88,5.81,3.94
497.5,3317.94,3382.35,3242.81,0.102,0.127,0.086,4.88,5.82,3.95
498,3322.87,3387.19,3249.12,0.102,0.127,0.086,4.89,5.83,3.95
498.5,3327.81,3392.73,3254.84,0.102,0.127,0.085,4.89,5.86,3.95
499,3332.76,3397.58,3259.99,0.102,0.127,0.085,4.9,5.88,3.95
499.5,3337.71,3402.28,3265.16,0.102,0.127,0.085,4.9,5.9,3.95
500,3342.66,3406.97,3270.35,0.102,0.127,0.085,4.91,5.91,3.95
500.5,3347.62,3411.67,3275.57,0.102,0.126,0.085,4.92,5.91,3.96
501,3352.58,3416.36,3280.81,0.101,0.126,0.084,4.93,5.92,3.97
501.5,3357.55,3421.06,3285.66,0.101,0.126,0.084,4.93,5.93,3.98
502,3362.53,3425.75,3290.6,0.101,0.125,0.084,4.94,5.94,3.99
502.5,3367.51,3430.45,3296.4,0.101,0.125,0.084,4.94,5.96,3.99
503,3372.5,3435.15,3301.3,0.101,0.125,0.084,4.95,5.98,3.99
503.5,3377.5,3439.84,3306,0.101,0.125,0.083,4.96,6,3.99
504,3382.5,3444.58,3311.65,0.101,0.125,0.083,4.96,6.01,4
504.5,3387.51,3449.63,3317.33,0.101,0.125,0.083,4.97,6.04,4
505,3392.53,3454.68,3322.86,0.1,0.125,0.083,4.98,6.06,4.01
505.5,3397.55,3459.75,3328.09,0.1,0.124,0.082,4.99,6.08,4.02
506,3402.58,3464.75,3333.29,0.1,0.124,0.082,5,6.11,4.03
506.5,3407.62,3469.89,3338.51,0.1,0.123,0.082,5.01,6.12,4.05
507,3412.67,3474.98,3343.74,0.1,0.123,0.082,5.02,6.13,4.07
507.5,3417.73,3480.07,3349.25,0.099,0.123,0.081,5.03,6.14,4.08
508,3422.8,3484.88,3354.93,0.099,0.122,0.081,5.03,6.15,4.09
508.5,3427.87,3489.8,3360.62,0.099,0.122,0.081,5.04,6.15,4.09
509,3432.95,3494.91,3365.83,0.099,0.122,0.081,5.05,6.15,4.1
509.5,3438.05,3500.01,3369.92,0.099,0.121,0.081,5.06,6.16,4.12
510,3443.15,3505.11,3375.46,0.099,0.121,0.081,5.07,6.17,4.13
510.5,3448.27,3510.26,3381.05,0.098,0.121,0.081,5.08,6.18,4.14
511,3453.39,3515.52,3385.95,0.098,0.12,0.081,5.09,6.19,4.15
511.5,3458.52,3520.62,3391.01,0.098,0.12,0.081,5.1,6.2,4.17
512,3463.67,3525.71,3395.81,0.098,0.12,0.08,5.11,6.22,4.18
512.5,3468.83,3530.87,3400.63,0.098,0.119,0.08,5.13,6.23,4.2
513,3473.99,3535.89,3405.46,0.097,0.119,0.08,5.14,6.24,4.22
513.5,3479.17,3541,3410.51,0.097,0.118,0.08,5.15,6.25,4.24
514,3484.36,3546.29,3415.78,0.097,0.117,0.08,5.16,6.25,4.26
514.5,3489.56,3551.58,3421.47,0.097,0.117,0.08,5.17,6.27,4.27
515,3494.78,3556.85,3426.64,0.096,0.116,0.079,5.19,6.3,4.3
515.5,3500,3562.12,3432.48,0.096,0.116,0.079,5.2,6.32,4.31
516,3505.24,3567.66,3437.84,0.096,0.116,0.079,5.22,6.34,4.32
516.5,3510.5,3572.98,3442.54,0.096,0.115,0.079,5.23,6.37,4.34
517,3515.76,3578.15,3446.98,0.095,0.114,0.078,5.24,6.38,4.37
517.5,3521.04,3583.3,3452.75,0.095,0.114,0.078,5.26,6.38,4.39
518,3526.33,3588.27,3458.8,0.095,0.113,0.078,5.27,6.38,4.42
518.5,3531.64,3593.31,3464.88,0.095,0.113,0.078,5.29,6.4,4.44
519,3536.96,3598.42,3470.89,0.094,0.112,0.078,5.3,6.4,4.46
519.5,3542.3,3603.73,3476.46,0.094,0.112,0.078,5.31,6.42,4.48
520,3547.64,3609.15,3481.97,0.094,0.111,0.078,5.33,6.44,4.5
520.5,3553.01,3614.67,3487.6,0.094,0.111,0.077,5.34,6.45,4.52
521,3558.39,3620.18,3493.05,0.093,0.11,0.077,5.36,6.47,4.53
521.5,3563.78,3625.49,3498.34,0.093,0.11,0.077,5.37,6.49,4.55
522,3569.19,3630.97,3503.65,0.093,0.11,0.077,5.39,6.5,4.56
522.5,3574.62,3636.45,3508.98,0.092,0.109,0.077,5.41,6.51,4.58
523,3580.06,3641.96,3514.33,0.092,0.109,0.077,5.42,6.51,4.61
523.5,3585.52,3647.42,3519.96,0.092,0.108,0.077,5.44,6.53,4.62
524,3590.99,3652.88,3525.57,0.092,0.108,0.076,5.46,6.55,4.65
524.5,3596.48,3658.5,3530.74,0.091,0.107,0.076,5.47,6.57,4.67
525,3601.99,3663.96,3535.92,0.091,0.107,0.076,5.49,6.59,4.69
525.5,3607.52,3669.31,3541.31,0.091,0.106,0.076,5.51,6.6,4.71
526,3613.06,3675.08,3546.67,0.09,0.106,0.076,5.53,6.62,4.73
526.5,3618.62,3680.9,3552.07,0.09,0.105,0.075,5.55,6.62,4.76
527,3624.2,3686.89,3557.51,0.09,0.104,0.075,5.57,6.64,4.79
527.5,3629.8,3692.91,3563,0.089,0.104,0.075,5.59,6.67,4.81
528,3635.41,3699.08,3568.53,0.089,0.103,0.075,5.62,6.69,4.84
528.5,3641.04,3705.39,3573.78,0.089,0.103,0.075,5.64,6.71,4.87
529,3646.7,3711.31,3579.15,0.088,0.102,0.074,5.66,6.72,4.89
529.5,3652.37,3717.18,3584.71,0.088,0.102,0.074,5.68,6.73,4.9
530,3658.06,3723.09,3590.29,0.088,0.102,0.074,5.7,6.75,4.92
530.5,3663.77,3729.02,3595.89,0.087,0.101,0.074,5.72,6.77,4.93
531,3669.5,3734.93,3601.63,0.087,0.101,0.074,5.74,6.79,4.93
531.5,3675.25,3740.95,3607.68,0.087,0.101,0.073,5.76,6.81,4.95
532,3681.02,3747.08,3613.55,0.087,0.101,0.073,5.78,6.82,4.96
532.5,3686.8,3753.16,3619.85,0.086,0.1,0.073,5.8,6.84,4.98
533,3692.6,3759.08,3625.45,0.086,0.1,0.073,5.82,6.86,4.99
533.5,3698.43,3765.12,3631.01,0.086,0.1,0.073,5.83,6.89,5
534,3704.26,3771.07,3636.78,0.085,0.1,0.072,5.85,6.91,5.01
534.5,3710.11,3777.2,3642.6,0.085,0.1,0.072,5.87,6.93,5.02
535,3715.98,3783.29,3648.73,0.085,0.099,0.072,5.88,6.95,5.03
535.5,3721.87,3789.24,3654.88,0.085,0.099,0.072,5.89,6.98,5.04
536,3727.76,3795.33,3660.75,0.085,0.099,0.071,5.91,7,5.05
536.5,3733.68,3801.2,3666.13,0.084,0.099,0.071,5.92,7.01,5.06
537,3739.6,3807.03,3671.89,0.084,0.099,0.071,5.93,7.03,5.07
537.5,3745.54,3812.87,3677.82,0.084,0.099,0.071,5.95,7.06,5.07
538,3751.49,3819.14,3683.76,0.084,0.098,0.071,5.96,7.07,5.08
538.5,3757.46,3825.41,3689.79,0.084,0.098,0.071,5.98,7.09,5.09
539,3763.43,3831.86,3695.7,0.083,0.098,0.07,5.99,7.11,5.1
539.5,3769.42,3838.64,3701.74,0.083,0.098,0.07,6,7.12,5.1
540,3775.42,3844.51,3708.03,0.083,0.098,0.07,6.01,7.12,5.1
540.5,3781.42,3850.75,3713.69,0.083,0.098,0.07,6.02,7.13,5.1
541,3787.44,3857.32,3719.72,0.083,0.098,0.07,6.03,7.14,5.11
541.5,3793.47,3863.84,3725.6,0.083,0.098,0.07,6.04,7.15,5.1
542,3799.5,3870.6,3731.63,0.083,0.098,0.07,6.05,7.16,5.11
542.5,3805.54,3877.2,3737.75,0.083,0.098,0.07,4.84,5.73,4.09
542.9,3810.38,3882.23,3742.51,0.083,0.098,0.07,7.27,8.61,6.14
543.5,3817.65,3889.93,3749.15,0.082,0.098,0.07,7.28,8.63,6.15
544.1,3824.93,3897.76,3755.87,0.082,0.098,0.069,7.29,8.64,6.14
544.7,3832.22,3905.33,3762.84,0.082,0.098,0.069,7.3,8.65,6.14
545.3,3839.52,3912.87,3769.57,0.082,0.098,0.069,7.3,8.66,6.14
545.9,3846.82,3920.41,3776.98,0.082,0.098,0.069,7.3,8.66,6.14
546.5,3854.13,3927.54,3784,0.082,0.098,0.069,6.09,7.22,5.12
547,3860.22,3934.51,3790.13,0.082,0.098,0.069,6.09,7.21,5.12
547.5,3866.32,3941.35,3795.96,0.082,0.098,0.069,6.1,7.21,5.12
548,3872.42,3947.99,3802.27,0.082,0.098,0.069,6.1,7.21,5.13
548.5,3878.53,3954.62,3808.76,0.082,0.098,0.069,6.1,7.21,5.12
549,3884.63,3961.32,3815.3,0.082,0.098,0.069,6.1,7.2,5.12
549.5,3890.74,3967.41,3821.72,0.082,0.098,0.069,6.1,7.2,5.12
550,3896.85,3974.39,3827.76,0.082,0.098,0.069,6.1,7.2,5.12
550.5,3902.96,3981.25,3833.57,0.082,0.098,0.07,6.1,7.19,5.12
551,3909.06,3987.49,3839.76,0.082,0.098,0.07,6.09,7.19,5.13
551.5,3915.17,3994.21,3846.04,0.082,0.098,0.07,6.09,7.19,5.13
552,3921.28,4001.58,3852.31,0.082,0.097,0.069,6.09,7.2,5.13
552.5,3927.38,4008.75,3858.6,0.082,0.098,0.069,6.09,7.2,5.13
553,3933.49,4015.46,3864.46,0.082,0.098,0.07,6.09,7.19,5.12
553.5,3939.59,4021.7,3870.17,0.082,0.098,0.07,6.09,7.18,5.12
554,3945.69,4028.61,3876.19,0.082,0.098,0.07,6.08,7.17,5.12
554.5,3951.78,4035.49,3882.33,0.082,0.098,0.07,6.07,7.16,5.1
555,3957.87,4042.37,3888.41,0.082,0.098,0.07,6.07,7.16,5.1
555.5,3963.96,4048.21,3894.36,0.082,0.098,0.07,6.06,7.15,5.1
556,3970.04,4054.74,3900.27,0.083,0.098,0.07,6.06,7.15,5.1
556.5,3976.11,4061.49,3906.12,0.083,0.098,0.07,6.05,7.15,5.1
557,3982.18,4068.22,3911.97,0.083,0.098,0.07,6.04,7.15,5.1
557.5,3988.24,4074.97,3917.82,0.083,0.098,0.07,6.04,7.16,5.09
558,3994.3,4081.93,3924.06,0.083,0.098,0.07,6.03,7.16,5.09
558.5,4000.35,4088.79,3930.31,0.083,0.098,0.07,6.02,7.14,5.09
559,4006.39,4095.44,3936.08,0.083,0.098,0.07,6.01,7.13,5.08
559.5,4012.42,4102.06,3942.15,0.083,0.098,0.07,6,7.12,5.08
560,4018.44,4108.59,3948.28,0.084,0.098,0.07,5.99,7.1,5.08
560.5,4024.46,4115.34,3954.25,0.084,0.098,0.07,5.97,7.1,5.09
561,4030.46,4121.99,3960.21,0.084,0.098,0.071,5.96,7.09,5.09
561.5,4036.45,4128.43,3966.16,0.084,0.098,0.071,5.95,7.08,5.08
562,4042.44,4135.15,3971.9,0.084,0.098,0.071,5.94,7.08,5.08
562.5,4048.41,4141.9,3977.2,0.084,0.099,0.071,5.92,7.07,5.07
563,4054.37,4148.13,3982.66,0.085,0.098,0.071,5.91,7.07,5.08
563.5,4060.32,4154.25,3988.26,0.085,0.098,0.071,5.9,7.05,5.08
564,4066.25,4160.48,3994.09,0.085,0.099,0.071,5.87,7.04,5.06
564.5,4072.17,4166.72,4000.03,0.085,0.099,0.071,5.86,7.05,5.06
565,4078.08,4172.93,4005.97,0.086,0.099,0.071,5.84,7.04,5.04
565.5,4083.97,4179.09,4011.77,0.086,0.1,0.071,5.82,7.02,5.02
566,4089.85,4185.14,4017.4,0.086,0.1,0.071,5.81,7.01,5.01
566.5,4095.71,4190.96,4023.03,0.086,0.1,0.071,5.79,7,5.01
567,4101.56,4196.74,4028.77,0.087,0.1,0.071,5.77,6.99,5
567.5,4107.39,4202.47,4034.56,0.087,0.1,0.072,5.75,6.98,4.99
568,4113.21,4208.02,4040.34,0.087,0.1,0.072,5.73,6.96,4.98
568.5,4119.01,4213.5,4046.11,0.088,0.101,0.072,5.71,6.96,4.96
569,4124.79,4219.4,4051.88,0.088,0.101,0.072,5.69,6.94,4.95
569.5,4130.55,4224.95,4057.63,0.088,0.101,0.072,5.67,6.92,4.93
570,4136.29,4231.02,4063.38,0.089,0.102,0.072,5.65,6.9,4.92
570.5,4142.01,4237.43,4069.06,0.089,0.102,0.073,5.62,6.88,4.9
571,4147.72,4243.33,4074.14,0.089,0.103,0.073,5.59,6.87,4.88
571.5,4153.4,4249.03,4079.32,0.09,0.103,0.073,5.57,6.85,4.86
572,4159.07,4254.69,4084.99,0.09,0.103,0.073,5.55,6.83,4.83
572.5,4164.71,4260.29,4090.64,0.09,0.104,0.073,5.53,6.81,4.8
573,4170.34,4265.84,4096.29,0.091,0.105,0.074,5.51,6.79,4.78
573.5,4175.95,4271.16,4101.92,0.091,0.105,0.074,5.49,6.77,4.75
574,4181.54,4276.18,4107.31,0.091,0.106,0.074,5.47,6.75,4.72
574.5,4187.11,4281.15,4112.43,0.092,0.106,0.074,5.45,6.73,4.7
575,4192.66,4286.06,4117.81,0.092,0.107,0.074,5.44,6.71,4.67
575.5,4198.2,4291.42,4123.39,0.092,0.108,0.075,5.42,6.69,4.65
576,4203.71,4297.36,4128.83,0.093,0.108,0.075,5.4,6.67,4.62
576.5,4209.22,4303.81,4134.07,0.093,0.109,0.075,5.38,6.66,4.59
577,4214.7,4309.86,4139.34,0.093,0.109,0.075,5.37,6.65,4.57
577.5,4220.17,4315.31,4144.23,0.093,0.11,0.075,5.35,6.64,4.55
578,4225.62,4320.46,4149.11,0.094,0.111,0.076,5.33,6.62,4.52
578.5,4231.05,4325.69,4153.99,0.094,0.111,0.076,5.32,6.6,4.49
579,4236.47,4331.55,4158.85,0.094,0.112,0.076,5.3,6.58,4.46
579.5,4241.88,4336.9,4163.96,0.095,0.113,0.076,5.28,6.56,4.44
580,4247.26,4342.27,4169.24,0.095,0.113,0.076,5.26,6.54,4.42
580.5,4252.64,4347.38,4174.51,0.095,0.114,0.077,5.25,6.52,4.38
581,4257.99,4353.8,4179.94,0.096,0.115,0.077,5.23,6.51,4.36
581.5,4263.34,4359.82,4185.48,0.096,0.115,0.077,5.22,6.49,4.33
582,4268.67,4365.78,4191.54,0.096,0.116,0.077,5.2,6.47,4.31
582.5,4273.98,4371.46,4197.59,0.096,0.116,0.077,5.18,6.46,4.3
583,4279.28,4377.63,4203.64,0.097,0.117,0.078,5.17,6.45,4.29
583.5,4284.57,4383.42,4209.45,0.097,0.117,0.078,5.15,6.43,4.27
584,4289.85,4388.99,4214.95,0.097,0.118,0.078,5.14,6.42,4.24
584.5,4295.11,4395.59,4220.45,0.097,0.118,0.078,5.13,6.4,4.22
585,4300.36,4401.77,4225.7,0.098,0.119,0.078,5.11,6.38,4.2
585.5,4305.59,4408.2,4230.69,0.098,0.12,0.079,5.09,6.35,4.18
586,4310.82,4414.28,4236.1,0.098,0.12,0.079,5.08,6.33,4.16
586.5,4316.03,4419.91,4241.77,0.099,0.121,0.079,5.07,6.31,4.13
587,4321.23,4424.99,4247.39,0.099,0.122,0.08,5.06,6.28,4.11
587.5,4326.42,4430.98,4252.45,0.099,0.122,0.08,5.05,6.25,4.09
588,4331.6,4436.86,4257.86,0.099,0.123,0.08,5.03,6.23,4.06
588.5,4336.77,4442.97,4262.91,0.099,0.124,0.081,5.03,6.2,4.04
589,4341.92,4448.4,4268.16,0.1,0.124,0.081,5.02,6.18,4.02
589.5,4347.07,4454.35,4273.06,0.1,0.125,0.081,5.01,6.15,4.01
590,4352.2,4460.12,4278.3,0.1,0.125,0.082,5,6.12,3.99
590.5,4357.33,4465.85,4283.78,0.1,0.126,0.082,4.99,6.09,3.97
591,4362.45,4471.54,4288.66,0.101,0.127,0.083,4.97,6.06,3.95
591.5,4367.55,4476.95,4293.53,0.101,0.127,0.083,4.97,6.04,3.93
592,4372.65,4481.95,4298.39,0.101,0.128,0.083,4.96,6.02,3.92
592.5,4377.74,4486.93,4303.25,0.101,0.128,0.083,4.95,6,3.91
593,4382.82,4492.12,4308.26,0.101,0.128,0.084,4.94,5.96,3.89
593.5,4387.89,4497.49,4313.1,0.101,0.129,0.084,4.93,5.94,3.87
594,4392.95,4503.17,4317.81,0.102,0.129,0.084,4.92,5.92,3.87
594.5,4398.01,4509.12,4322.85,0.102,0.13,0.085,4.91,5.91,3.85
595,4403.06,4515.06,4328.03,0.102,0.13,0.085,4.9,5.91,3.84
595.5,4408.1,4520.97,4332.81,0.102,0.131,0.085,4.89,5.91,3.82
596,4413.13,4526.85,4337.7,0.102,0.131,0.085,4.89,5.89,3.81
596.5,4418.16,4532.69,4342.51,0.102,0.132,0.085,4.88,5.87,3.79
597,4423.18,4538.51,4346.99,0.103,0.132,0.085,4.87,5.85,3.78
597.5,4428.2,4544.24,4351.62,0.103,0.133,0.086,4.87,5.84,3.77
598,4433.21,4549.53,4356.36,0.103,0.133,0.086,4.86,5.83,3.75
598.5,4438.21,4555.21,4361.09,0.103,0.134,0.086,4.86,5.82,3.74
599,4443.21,4560.86,4365.82,0.103,0.134,0.086,4.85,5.8,3.73
599.5,4448.2,4566.47,4370.55,0.103,0.135,0.086,4.85,5.79,3.71
600,4453.19,4571.88,4375.18,0.103,0.135,0.087,4.84,5.78,3.7
600.5,4458.17,4576.8,4379.69,0.103,0.136,0.087,4.83,5.77,3.69
601,4463.15,4581.68,4384.09,0.104,0.136,0.087,4.83,5.75,3.69
601.5,4468.12,4586.51,4388.88,0.104,0.136,0.087,4.82,5.73,3.68
602,4473.09,4591.6,4393.84,0.104,0.136,0.088,4.81,5.7,3.68
602.5,4478.06,4596.94,4398.69,0.104,0.136,0.088,4.81,5.67,3.68
603,4483.02,4602.24,4403.28,0.104,0.136,0.089,4.81,5.65,3.68
603.5,4487.98,4607.45,4408.02,0.104,0.136,0.089,4.8,5.63,3.67
604,4492.94,4612.49,4412.39,0.104,0.136,0.089,4.81,5.62,3.67
604.5,4497.89,4617.48,4417.12,0.104,0.137,0.089,4.8,5.6,3.66
605,4502.84,4622.44,4421.88,0.104,0.137,0.089,4.79,5.59,3.65
605.5,4507.79,4627.35,4426.06,0.104,0.137,0.089,4.79,5.59,3.65
606,4512.74,4632.23,4430.48,0.104,0.138,0.089,4.79,5.59,3.62
606.5,4517.69,4637.06,4435.79,0.104,0.138,0.089,4.79,5.6,3.62
607,4522.63,4641.85,4440.41,0.105,0.138,0.089,4.78,5.59,3.62
607.5,4527.58,4646.61,4444.83,0.105,0.138,0.089,4.78,5.61,3.62
608,4532.52,4651.32,4449.63,0.105,0.139,0.089,4.78,5.62,3.59
608.5,4537.46,4656,4454.47,0.105,0.14,0.089,4.77,5.63,3.58
609,4542.41,4660.72,4458.99,0.105,0.14,0.089,4.77,5.64,3.57
609.5,4547.36,4665.58,4463.35,0.105,0.14,0.089,4.78,5.65,3.56
610,4552.3,4670.42,4467.55,0.105,0.141,0.088,4.78,5.65,3.55
610.5,4557.25,4675.22,4471.73,0.105,0.141,0.088,4.78,5.66,3.54
611,4562.2,4679.99,4475.82,0.105,0.141,0.088,4.78,5.67,3.54
611.5,4567.16,4684.62,4479.88,0.105,0.141,0.088,4.78,5.68,3.55
612,4572.11,4689.09,4483.95,0.105,0.141,0.088,4.78,5.69,3.55
612.5,4577.07,4693.53,4488.01,0.105,0.141,0.088,4.78,5.7,3.55
613,4582.03,4697.95,4492.37,0.104,0.141,0.087,4.79,5.72,3.54
613.5,4587,4702.33,4496.77,0.104,0.141,0.087,4.79,5.73,3.54
614,4591.97,4706.68,4500.78,0.104,0.142,0.087,4.79,5.74,3.53
614.5,4596.95,4711.03,4504.97,0.104,0.141,0.087,4.79,5.75,3.54
615,4601.93,4715.6,4509.56,0.104,0.141,0.087,4.79,5.77,3.53
615.5,4606.92,4720.14,4513.55,0.104,0.142,0.086,4.8,5.78,3.52
616,4611.91,4724.65,4517.59,0.104,0.143,0.086,4.81,5.8,3.5
616.5,4616.91,4729.12,4522.26,0.104,0.143,0.086,4.82,5.81,3.5
617,4621.92,4733.52,4527.07,0.103,0.143,0.086,4.84,5.83,3.51
617.5,4626.94,4737.6,4532.06,0.103,0.142,0.086,4.84,5.84,3.51
618,4631.96,4742.03,4536.7,0.103,0.143,0.085,4.85,5.85,3.51
618.5,4636.99,4746.39,4541.14,0.103,0.142,0.085,4.86,5.87,3.51
619,4642.03,4750.37,4545.64,0.102,0.142,0.085,4.88,5.88,3.51
619.5,4647.08,4754.75,4550.44,0.102,0.142,0.085,4.89,5.9,3.51
620,4652.13,4759.04,4555.19,0.102,0.142,0.085,4.9,5.91,3.52
620.5,4657.2,4763.11,4559.55,0.102,0.141,0.084,4.92,5.93,3.54
621,4662.28,4767.18,4564.01,0.101,0.141,0.084,4.93,5.94,3.55
621.5,4667.36,4771.24,4568.64,0.101,0.14,0.084,4.95,5.96,3.58
622,4672.46,4775.3,4573.26,0.101,0.139,0.084,4.96,5.97,3.59
622.5,4677.57,4779.73,4577.77,0.1,0.139,0.083,4.98,5.99,3.61
623,4682.69,4784.05,4582.3,0.1,0.138,0.083,4.99,6.01,3.62
623.5,4687.83,4788.17,4586.62,0.1,0.138,0.083,5.01,6.02,3.64
624,4692.97,4792.29,4591.2,0.1,0.137,0.083,5.02,6.03,3.66
624.5,4698.13,4796.24,4595.37,0.099,0.136,0.083,5.04,6.04,3.68
625,4703.3,4800.18,4599.51,0.099,0.134,0.083,5.06,6.05,3.72
625.5,4708.49,4804.12,4603.86,0.099,0.133,0.082,5.08,6.06,3.75
626,4713.69,4808.07,4608.24,0.098,0.133,0.082,5.09,6.07,3.77
626.5,4718.9,4812.02,4612.92,0.098,0.132,0.082,5.12,6.09,3.78
627,4724.13,4815.97,4617.71,0.097,0.132,0.082,5.14,6.09,3.79
627.5,4729.38,4819.93,4622.73,0.097,0.131,0.082,5.16,6.1,3.81
628,4734.64,4823.9,4627.71,0.097,0.131,0.082,5.17,6.11,3.82
628.5,4739.92,4827.87,4632.62,0.096,0.13,0.082,5.2,6.13,3.84
629,4745.21,4831.85,4637.36,0.096,0.129,0.081,5.22,6.16,3.87
629.5,4750.52,4836.09,4642.39,0.095,0.128,0.081,5.24,6.18,3.9
630,4755.85,4840.59,4647.57,0.095,0.128,0.081,5.26,6.2,3.91
630.5,4761.19,4845.11,4652.8,0.095,0.127,0.08,5.28,6.23,3.94
631,4766.55,4849.53,4658.07,0.094,0.126,0.08,5.3,6.25,3.97
631.5,4771.94,4853.44,4663.17,0.094,0.125,0.08,5.32,6.26,3.99
632,4777.34,4857.23,4668.13,0.094,0.125,0.079,5.35,6.29,4.01
632.5,4782.76,4861.49,4673.12,0.093,0.124,0.079,5.37,6.31,4.02
633,4788.2,4865.48,4678.01,0.093,0.124,0.079,5.39,6.33,4.04
633.5,4793.66,4869.94,4682.86,0.092,0.123,0.079,5.41,6.37,4.06
634,4799.14,4874.86,4687.76,0.092,0.122,0.078,5.44,6.39,4.09
634.5,4804.64,4880.16,4692.71,0.091,0.122,0.078,5.47,6.42,4.11
635,4810.16,4884.13,4697.71,0.091,0.121,0.078,5.49,6.44,4.12
635.5,4815.71,4888.49,4702.98,0.091,0.12,0.077,5.52,6.47,4.15
636,4821.27,4892.89,4708.66,0.09,0.119,0.077,5.55,6.49,4.2
636.5,4826.86,4897.76,4714.47,0.089,0.118,0.077,5.59,6.51,4.25
637,4832.47,4902.44,4720.01,0.089,0.116,0.077,5.62,6.53,4.3
637.5,4838.11,4906.97,4725.48,0.089,0.115,0.076,5.65,6.57,4.35
638,4843.77,4911.77,4730.75,0.088,0.114,0.076,5.68,6.6,4.39
638.5,4849.45,4916.72,4736.07,0.087,0.113,0.075,5.72,6.64,4.43
639,4855.16,4922.4,4741.54,0.087,0.112,0.075,5.75,6.7,4.48
639.5,4860.89,4927.48,4747.32,0.086,0.11,0.074,5.78,6.74,4.53
640,4866.65,4932.33,4753.16,0.086,0.109,0.074,5.81,6.8,4.6
640.5,4872.44,4937.2,4759.05,0.086,0.108,0.073,5.84,6.85,4.65
641,4878.24,4942.47,4764.57,0.085,0.107,0.073,5.88,6.89,4.68
641.5,4884.08,4947.49,4770.14,0.085,0.106,0.072,5.91,6.92,4.72
642,4889.94,4953.17,4775.99,0.084,0.105,0.072,5.95,6.96,4.77
642.5,4895.82,4959.17,4781.9,0.084,0.104,0.071,5.98,6.99,4.83
643,4901.72,4964.45,4787.87,0.083,0.103,0.071,6.01,7.03,4.87
643.5,4907.65,4969.43,4793.88,0.083,0.102,0.071,6.04,7.07,4.91
644,4913.6,4974.37,4800.14,0.082,0.101,0.07,6.07,7.11,4.94
644.5,4919.58,4980.39,4806.52,0.082,0.1,0.07,6.1,7.14,4.98
645,4925.58,4986.14,4812.95,0.082,0.1,0.07,6.13,7.16,5.01
645.5,4931.6,4992.78,4819.19,0.081,0.099,0.07,6.16,7.19,5.05
646,4937.64,4998.59,4825.43,0.081,0.098,0.069,6.19,7.23,5.08
646.5,4943.7,5005.14,4832.02,0.08,0.098,0.069,6.21,7.25,5.1
647,4949.79,5011.66,4838.38,0.08,0.098,0.069,6.24,7.29,5.12
647.5,4955.89,5017.89,4844.44,0.08,0.097,0.068,6.26,7.33,5.15
648,4962.02,5024.25,4850.86,0.079,0.096,0.068,6.29,7.36,5.18
648.5,4968.16,5030.42,4857.12,0.079,0.096,0.068,6.32,7.39,5.21
649,4974.33,5036.62,4863.41,0.079,0.095,0.067,6.35,7.42,5.25
649.5,4980.51,5043.26,4869.75,0.078,0.095,0.067,6.37,7.46,5.28
650,4986.72,5050.28,4876.93,0.078,0.094,0.067,6.4,7.49,5.3
650.5,4992.94,5057.04,4883.9,0.078,0.094,0.067,6.42,7.51,5.33
651,4999.18,5063.87,4890.3,0.078,0.093,0.066,6.44,7.53,5.36
651.5,5005.44,5070.94,4897.08,0.077,0.093,0.066,6.47,7.56,5.37
652,5011.72,5077.84,4904.23,0.077,0.092,0.066,6.49,7.58,5.41
652.5,5018.02,5084.4,4911.25,0.077,0.092,0.066,6.51,7.61,5.44
653,5024.33,5091.66,4918.18,0.077,0.092,0.066,6.53,7.63,5.46
653.5,5030.66,5098.61,4925.15,0.076,0.091,0.065,6.55,7.66,5.48
654,5037.01,5105.63,4932.18,0.076,0.091,0.065,6.57,7.69,5.51
654.5,5043.37,5112.72,4939.52,0.076,0.09,0.065,6.59,7.71,5.53
655,5049.75,5119.83,4946.81,0.076,0.09,0.065,6.61,7.73,5.56
655.5,5056.15,5126.95,4953.95,0.075,0.09,0.065,6.63,7.75,5.58
656,5062.56,5133.89,4961.12,0.075,0.089,0.064,6.65,7.77,5.61
656.5,5068.98,5141.09,4968.32,0.075,0.089,0.064,6.66,7.8,5.63
657,5075.42,5148.31,4975.56,0.075,0.088,0.064,6.68,7.82,5.66
657.5,5081.88,5155.54,4983.01,0.075,0.088,0.064,6.7,7.84,5.68
658,5088.35,5162.83,4990.48,0.074,0.088,0.064,6.71,7.86,5.7
658.5,5094.83,5170.39,4997.84,0.074,0.087,0.063,6.73,7.87,5.72
659,5101.32,5177.46,5005.23,0.074,0.087,0.063,6.74,7.89,5.73
659.5,5107.83,5185.09,5012.65,0.074,0.087,0.063,6.75,7.9,5.75
660,5114.36,5192.86,5019.95,0.074,0.087,0.063,6.77,7.91,5.77
660.5,5120.89,5200.59,5027.34,0.074,0.086,0.063,6.78,7.92,5.78
661,5127.44,5208.01,5034.75,0.074,0.086,0.063,6.79,7.94,5.79
661.5,5134,5215.13,5042.2,0.073,0.086,0.063,6.8,7.95,5.8
662,5140.56,5222.16,5049.84,0.073,0.086,0.063,6.82,7.96,5.82
662.5,5147.15,5228.92,5057.42,0.073,0.086,0.063,6.82,7.97,5.84
663,5153.74,5236.22,5064.72,0.073,0.086,0.063,6.84,7.98,5.85
663.5,5160.34,5243.77,5072.19,0.073,0.085,0.063,6.85,7.99,5.86
664,5166.95,5251.31,5079.42,0.073,0.085,0.062,6.86,8,5.87
664.5,5173.58,5258.73,5086.67,0.073,0.085,0.062,6.86,8.01,5.88
665,5180.21,5266.11,5093.95,0.073,0.085,0.062,6.87,8.02,5.89
665.5,5186.85,5273.43,5101.25,0.073,0.085,0.062,6.88,8.04,5.91
666,5193.5,5280.74,5108.57,0.073,0.085,0.062,6.89,8.05,5.92
666.5,5200.16,5288.03,5115.79,0.072,0.084,0.062,6.9,8.06,5.93
667,5206.83,5295.38,5123.02,0.072,0.084,0.062,6.91,8.07,5.94
667.5,5213.5,5302.74,5130.26,0.072,0.084,0.062,6.91,8.07,5.95
668,5220.18,5310.09,5137.75,0.072,0.084,0.062,6.92,8.08,5.97
668.5,5226.87,5317.42,5145.44,0.072,0.084,0.062,6.92,8.08,5.99
669,5233.57,5324.6,5153.14,0.072,0.083,0.062,6.93,8.08,6
669.5,5240.27,5331.76,5160.86,0.072,0.083,0.062,6.93,8.07,6.01
670,5246.98,5339.22,5168.59,0.072,0.083,0.062,6.93,8.06,6.02
670.5,5253.7,5346.67,5175.72,0.072,0.083,0.062,6.94,8.05,6.04
671,5260.42,5354.11,5182.95,0.072,0.083,0.062,6.94,8.05,6.06
671.5,5267.15,5361.19,5190,0.072,0.082,0.062,6.94,8.04,6.07
672,5273.88,5368.15,5197.45,0.072,0.082,0.062,6.94,8.03,6.09
672.5,5280.62,5375.27,5204.59,0.072,0.082,0.062,6.95,8.02,6.1
673,5287.36,5382.43,5211.65,0.072,0.082,0.062,6.95,8.01,6.1
673.5,5294.11,5389.44,5218.92,0.072,0.082,0.062,6.95,8,6.11
674,5300.85,5396.44,5226.26,0.072,0.082,0.063,6.95,7.99,6.12
674.5,5307.61,5403.41,5233.61,0.072,0.082,0.063,6.96,7.98,6.13
675,5314.36,5410.45,5240.97,0.072,0.082,0.063,6.96,7.98,6.13
675.5,5321.12,5417.51,5248.33,0.072,0.082,0.063,6.95,7.98,6.12
676,5327.88,5424.55,5255.49,0.072,0.082,0.063,6.95,7.98,6.12
676.5,5334.65,5431.71,5262.8,0.072,0.082,0.063,6.95,7.97,6.1
677,5341.41,5438.68,5269.97,0.072,0.082,0.063,6.94,7.97,6.1
677.5,5348.18,5445.61,5277.37,0.072,0.082,0.063,6.94,7.96,6.08
678,5354.95,5452.52,5284.33,0.072,0.082,0.063,6.94,7.96,6.08
678.5,5361.71,5459.56,5291.81,0.072,0.082,0.063,6.95,7.96,6.06
679,5368.48,5466.7,5298.41,0.072,0.082,0.063,6.95,7.96,6.08
679.5,5375.25,5473.78,5305.51,0.072,0.082,0.063,6.95,7.96,6.08
680,5382.02,5480.67,5312.79,0.072,0.083,0.063,6.95,7.96,6.05
680.5,5388.79,5487.53,5320.14,0.072,0.083,0.063,6.95,7.95,6.05
681,5395.56,5494.36,5327.76,0.072,0.083,0.063,6.95,7.94,6.05
681.5,5402.33,5501.18,5334.81,0.072,0.083,0.063,6.94,7.93,6.04
682,5409.09,5508.03,5341.97,0.072,0.083,0.063,6.94,7.92,6.03
682.5,5415.86,5514.84,5349.2,0.072,0.083,0.063,6.93,7.91,6.01
683,5422.62,5521.63,5356.09,0.072,0.083,0.063,6.93,7.91,6
683.5,5429.38,5528.32,5362.81,0.072,0.083,0.063,6.93,7.91,6
684,5436.14,5534.84,5370.3,0.072,0.083,0.063,6.93,7.9,6.01
684.5,5442.89,5541.31,5377.99,0.072,0.083,0.063,6.92,7.9,6
685,5449.65,5547.76,5385.68,0.072,0.084,0.063,6.91,7.89,5.98
685.5,5456.4,5554.62,5393.36,0.072,0.084,0.063,6.91,7.89,5.98
686,5463.15,5561.45,5400.04,0.072,0.084,0.063,6.9,7.88,5.97
686.5,5469.89,5568.07,5406.27,0.072,0.084,0.064,6.9,7.87,5.97
687,5476.63,5574.43,5413.32,0.073,0.084,0.064,6.89,7.86,5.95
687.5,5483.37,5580.77,5420.13,0.073,0.084,0.064,6.89,7.84,5.92
688,5490.11,5587.07,5427.35,0.073,0.085,0.064,6.88,7.84,5.91
688.5,5496.84,5593.91,5434.27,0.073,0.085,0.064,6.88,7.83,5.89
689,5503.57,5600.04,5441.6,0.073,0.085,0.064,6.87,7.82,5.88
689.5,5510.29,5606.4,5448.22,0.073,0.085,0.064,6.86,7.8,5.87
690,5517.01,5612.93,5455.25,0.073,0.086,0.064,6.86,7.79,5.84
690.5,5523.72,5619.65,5462.23,0.073,0.086,0.064,6.85,7.79,5.83
691,5530.43,5626.03,5468.84,0.073,0.086,0.064,6.84,7.78,5.84
691.5,5537.13,5632.51,5475.45,0.073,0.086,0.064,6.83,7.77,5.83
692,5543.83,5638.67,5482.08,0.073,0.086,0.064,6.83,7.76,5.82
692.5,5550.52,5645.03,5488.53,0.073,0.086,0.064,6.82,7.75,5.81
693,5557.2,5651.37,5494.99,0.073,0.086,0.065,6.81,7.75,5.79
693.5,5563.88,5657.91,5501.45,0.073,0.086,0.065,6.81,7.73,5.78
694,5570.56,5664.26,5507.46,0.073,0.087,0.065,6.81,7.72,5.77
694.5,5577.22,5670.74,5514.02,0.074,0.087,0.065,6.8,7.71,5.77
695,5583.88,5677.92,5521.1,0.074,0.087,0.065,6.79,7.69,5.74
695.5,5590.54,5684.21,5527.85,0.074,0.087,0.065,6.78,7.68,5.72
696,5597.18,5690.47,5534.59,0.074,0.088,0.065,6.78,7.66,5.7
696.5,5603.82,5696.71,5540.95,0.074,0.088,0.065,6.77,7.65,5.69
697,5610.45,5703.21,5546.76,0.074,0.088,0.065,6.76,7.64,5.68
697.5,5617.08,5710.32,5552.57,0.074,0.088,0.066,6.75,7.63,5.66
698,5623.69,5716.75,5558.38,0.074,0.089,0.066,6.74,7.62,5.64
698.5,5630.3,5723.15,5564.18,0.074,0.089,0.066,6.73,7.6,5.62
699,5636.9,5729.52,5570.18,0.074,0.089,0.066,6.72,7.59,5.6
699.5,5643.49,5735.87,5575.82,0.075,0.089,0.066,6.71,7.58,5.59
700,5650.07,5742.12,5581.64,0.075,0.09,0.066,6.7,7.57,5.58
700.5,5656.65,5748.26,5587.46,0.075,0.09,0.066,6.68,7.55,5.57
701,5663.21,5754.38,5594.11,0.075,0.09,0.066,6.67,7.53,5.56
701.5,5669.76,5760.32,5600.22,0.075,0.09,0.067,6.66,7.52,5.54
702,5676.31,5766.58,5606.05,0.075,0.09,0.067,6.64,7.51,5.53
702.5,5682.84,5772.57,5611.87,0.075,0.091,0.067,6.63,7.5,5.51
703,5689.37,5778.79,5617.7,0.076,0.091,0.067,6.62,7.48,5.49
703.5,5695.88,5784.74,5623.52,0.076,0.091,0.067,6.61,7.46,5.48
704,5702.39,5790.48,5629.34,0.076,0.092,0.067,6.6,7.43,5.46
704.5,5708.88,5796.19,5635.17,0.076,0.092,0.067,6.58,7.41,5.44
705,5715.36,5801.87,5640.99,0.076,0.092,0.068,6.57,7.39,5.44
705.5,5721.84,5807.64,5646.8,0.076,0.092,0.068,6.56,7.37,5.43
706,5728.3,5814.33,5652.22,0.076,0.092,0.068,6.54,7.34,5.41
706.5,5734.75,5820.36,5657.63,0.077,0.093,0.068,6.53,7.32,5.39
707,5741.18,5826.09,5663.04,0.077,0.093,0.068,6.51,7.3,5.37
707.5,5747.61,5831.83,5668.46,0.077,0.093,0.069,6.5,7.28,5.35
708,5754.02,5837.71,5674.1,0.077,0.094,0.069,6.49,7.28,5.34
708.5,5760.42,5843.79,5679.94,0.077,0.094,0.069,6.47,7.27,5.34
709,5766.81,5849.4,5685.79,0.077,0.094,0.069,6.46,7.25,5.33
709.5,5773.19,5855.91,5691.65,0.078,0.094,0.069,6.44,7.23,5.31
710,5779.55,5861.99,5697.51,0.078,0.094,0.069,6.43,7.2,5.3
710.5,5785.9,5867.71,5703.3,0.078,0.094,0.07,6.41,7.18,5.3
711,5792.23,5873.34,5708.65,0.078,0.095,0.07,6.39,7.16,5.28
711.5,5798.56,5878.94,5714.23,0.078,0.095,0.07,6.38,7.14,5.27
712,5804.87,5884.53,5719.92,0.079,0.095,0.07,6.36,7.12,5.26
712.5,5811.16,5890.09,5725.62,0.079,0.095,0.071,6.34,7.09,5.25
713,5817.44,5896.32,5731.33,0.079,0.095,0.071,6.32,7.07,5.24
713.5,5823.71,5902.3,5737.05,0.079,0.096,0.071,6.3,7.06,5.22
714,5829.96,5907.78,5742.78,0.08,0.096,0.071,6.28,7.04,5.21
714.5,5836.19,5913.11,5748.88,0.08,0.096,0.071,6.27,7.02,5.2
715,5842.42,5918.43,5754.59,0.08,0.096,0.071,6.25,7,5.18
715.5,5848.62,5923.72,5760.26,0.08,0.097,0.072,6.23,6.98,5.17
716,5854.81,5928.99,5766.06,0.08,0.097,0.072,6.21,6.95,5.15
716.5,5860.99,5934.14,5771.95,0.081,0.097,0.072,6.19,6.94,5.14
717,5867.15,5939.47,5777.64,0.081,0.097,0.072,6.18,6.91,5.14
717.5,5873.29,5944.86,5783.34,0.081,0.098,0.073,6.16,6.89,5.13
718,5879.42,5950.17,5789.4,0.081,0.098,0.073,6.14,6.87,5.11
718.5,5885.53,5955.35,5795.55,0.082,0.098,0.073,6.12,6.87,5.1
719,5891.62,5960.49,5801.69,0.082,0.098,0.073,6.1,6.85,5.1
719.5,5897.7,5965.63,5807.83,0.082,0.098,0.073,6.08,6.83,5.09
720,5903.76,5970.74,5813.97,0.083,0.098,0.073,6.05,6.81,5.08
720.5,5909.8,5975.83,5820.1,0.083,0.099,0.074,6.03,6.8,5.07
721,5915.83,5980.9,5826.22,0.083,0.099,0.074,6.02,6.78,5.05
721.5,5921.83,5985.95,5832.34,0.083,0.099,0.074,6,6.77,5.04
722,5927.82,5991.41,5838.46,0.084,0.099,0.074,5.97,6.75,5.03
722.5,5933.79,5997.1,5844.58,0.084,0.1,0.074,5.95,6.74,5.02
723,5939.75,6002.61,5850.69,0.084,0.1,0.074,5.94,6.73,5.01
723.5,5945.69,6008.07,5856.79,0.084,0.1,0.074,5.92,6.72,5
724,5951.61,6013.7,5862.96,0.085,0.1,0.075,5.9,6.7,4.99
724.5,5957.52,6019.73,5869.34,0.085,0.101,0.075,5.88,6.7,4.97
725,5963.41,6025.52,5875.72,0.085,0.101,0.075,5.86,6.69,4.96
725.5,5969.28,6031.16,5882.12,0.086,0.101,0.075,5.84,6.68,4.95
726,5975.14,6036.64,5888.52,0.086,0.101,0.075,5.82,6.67,4.94
726.5,5980.98,6042.56,5894.94,0.086,0.101,0.075,5.8,6.65,4.93
727,5986.81,6048.16,5901.55,0.086,0.102,0.075,5.79,6.63,4.92
727.5,5992.62,6054.2,5908.33,0.087,0.102,0.075,5.77,6.63,4.89
728,5998.42,6059.68,5915.13,0.087,0.103,0.075,5.75,6.63,4.88
728.5,6004.2,6064.93,5921.95,0.087,0.103,0.075,5.73,6.64,4.87
729,6009.97,6070.76,5928.73,0.087,0.103,0.075,5.72,6.64,4.85
729.5,6015.72,6076.56,5935.35,0.088,0.104,0.075,5.7,6.63,4.83
730,6021.46,6082.22,5941.98,0.088,0.104,0.075,5.69,6.63,4.79
730.5,6027.19,6087.86,5948.62,0.088,0.105,0.076,5.67,6.62,4.78
731,6032.9,6093.67,5955.27,0.088,0.105,0.076,5.65,6.61,4.76
731.5,6038.6,6099.47,5961.94,0.089,0.106,0.076,5.64,6.61,4.73
732,6044.29,6105.26,5968.45,0.089,0.106,0.076,5.63,6.61,4.71
732.5,6049.96,6111.04,5974.68,0.089,0.107,0.076,5.62,6.6,4.69
733,6055.62,6117.36,5980.53,0.089,0.107,0.076,5.6,6.59,4.68
733.5,6061.27,6123.75,5986.39,0.09,0.107,0.076,5.59,6.59,4.65
734,6066.9,6129.12,5992.26,0.09,0.108,0.076,5.57,6.59,4.64
734.5,6072.53,6134.46,5998.14,0.09,0.108,0.076,5.55,6.59,4.62
735,6078.14,6140.01,6004.03,0.09,0.109,0.076,5.54,6.59,4.6
735.5,6083.73,6145.65,6009.94,0.09,0.109,0.076,5.53,6.59,4.58
736,6089.32,6151.7,6016.51,0.091,0.109,0.076,5.52,6.59,4.57
736.5,6094.9,6157.73,6023.16,0.091,0.11,0.076,5.51,6.59,4.56
737,6100.46,6163.75,6029.82,0.091,0.11,0.076,5.49,6.58,4.55
737.5,6106.02,6169.75,6036.49,0.091,0.11,0.076,5.48,6.59,4.53
738,6111.56,6175.75,6043.17,0.092,0.111,0.076,5.46,6.59,4.52
738.5,6117.09,6181.73,6049.86,0.092,0.111,0.076,5.45,6.6,4.5
739,6122.61,6187.17,6056.56,0.092,0.112,0.076,5.44,6.6,4.48
739.5,6128.12,6192.73,6063.27,0.092,0.112,0.076,5.42,6.61,4.46
740,6133.62,6198.45,6069.61,0.092,0.112,0.076,5.41,6.61,4.44
740.5,6139.12,6204.42,6075.75,0.093,0.113,0.076,5.4,6.6,4.43
741,6144.6,6210,6081.78,0.093,0.113,0.076,5.39,6.6,4.42
741.5,6150.07,6215.56,6087.8,0.093,0.114,0.076,5.38,6.6,4.4
742,6155.54,6221.12,6094.1,0.093,0.114,0.076,5.37,6.6,4.38
742.5,6160.99,6226.86,6100.37,0.093,0.115,0.076,5.36,6.6,4.36
743,6166.44,6232.77,6106.55,0.093,0.115,0.076,5.35,6.6,4.34
743.5,6171.87,6238.68,6112.34,0.094,0.116,0.076,5.34,6.6,4.32
744,6177.3,6244.99,6117.88,0.094,0.116,0.076,5.33,6.6,4.3
744.5,6182.73,6251.55,6123.45,0.094,0.117,0.076,5.32,6.6,4.29
745,6188.14,6257.61,6129.35,0.094,0.117,0.076,5.31,6.6,4.28
745.5,6193.54,6262.69,6135.25,0.094,0.117,0.076,5.3,6.6,4.27
746,6198.94,6267.66,6141.14,0.095,0.117,0.076,5.29,6.6,4.26
746.5,6204.33,6273.48,6147.55,0.095,0.118,0.076,5.28,6.6,4.25
747,6209.72,6279.3,6154.43,0.095,0.118,0.076,5.27,6.6,4.23
747.5,6215.09,6284.94,6160.84,0.095,0.118,0.076,5.27,6.6,4.22
748,6220.46,6290.87,6166.66,0.095,0.119,0.076,5.26,6.6,4.21
748.5,6225.83,6296.46,6171.41,0.095,0.119,0.076,5.25,6.6,4.2
749,6231.19,6302.59,6177.12,0.095,0.119,0.076,5.25,6.6,4.19
749.5,6236.54,6308.79,6182.65,0.095,0.12,0.076,5.24,6.6,4.18
750,6241.88,6314.98,6187.7,0.096,0.12,0.076,5.24,6.61,4.17
750.5,6247.22,6321.09,6192.97,0.096,0.12,0.076,5.23,6.61,4.17
751,6252.56,6326.86,6197.82,0.096,0.12,0.076,5.22,6.61,4.16
751.5,6257.89,6333.05,6202.8,0.096,0.121,0.076,5.21,6.61,4.15
752,6263.21,6339.24,6207.75,0.096,0.121,0.076,5.21,6.61,4.14
752.5,6268.53,6345.41,6212.7,0.096,0.121,0.076,5.2,6.62,4.13
753,6273.84,6351.21,6217.57,0.096,0.121,0.076,5.2,6.62,4.12
753.5,6279.15,6356.79,6222.45,0.096,0.121,0.076,5.19,6.62,4.12
754,6284.46,6362.82,6227.23,0.096,0.122,0.076,5.19,6.62,4.11
754.5,6289.76,6368.5,6231.95,0.096,0.122,0.076,5.18,6.62,4.1
755,6295.06,6374.22,6236.68,0.097,0.122,0.076,5.18,6.62,4.09
755.5,6300.35,6380.39,6241.44,0.097,0.122,0.076,5.17,6.62,4.08
756,6305.65,6386.55,6246.2,0.097,0.123,0.076,5.17,6.62,4.08
756.5,6310.93,6391.65,6250.89,0.097,0.123,0.076,5.17,6.62,4.07
757,6316.22,6396.1,6255.58,0.097,0.123,0.076,5.17,6.61,4.07
757.5,6321.5,6401.74,6260.83,0.097,0.123,0.076,5.16,6.61,4.06
758,6326.78,6407.04,6265.48,0.097,0.123,0.076,5.16,6.61,4.06
758.5,6332.06,6413.22,6270.13,0.097,0.123,0.076,5.16,6.61,4.05
759,6337.33,6419.87,6274.77,0.097,0.123,0.076,5.15,6.61,4.05
759.5,6342.61,6426.52,6279.42,0.097,0.123,0.076,5.15,6.61,4.05
760,6347.88,6432.2,6284.34,0.097,0.124,0.076,5.15,6.61,4.05
760.5,6353.15,6438.69,6289.29,0.097,0.124,0.076,5.15,6.61,4.04
761,6358.42,6445.33,6293.84,0.097,0.124,0.076,5.15,6.61,4.04
761.5,6363.69,6451.97,6298.67,0.097,0.124,0.076,5.15,6.61,4.04
762,6368.95,6458.45,6303,0.097,0.124,0.076,5.14,6.61,4.04
762.5,6374.22,6464.78,6307.36,0.097,0.124,0.076,5.14,6.61,4.04
763,6379.48,6471.1,6311.99,0.097,0.124,0.076,5.14,6.61,4.04
763.5,6384.75,6477.43,6316.66,0.097,0.124,0.076,5.14,6.62,4.04
764,6390.01,6483.76,6321.31,0.097,0.124,0.076,5.14,6.61,4.04
764.5,6395.28,6490.06,6325.8,0.097,0.124,0.076,5.14,6.61,4.04
765,6400.54,6496.16,6330.49,0.097,0.124,0.076,5.14,6.61,4.04
765.5,6405.81,6502.36,6335.25,0.097,0.124,0.076,5.15,6.61,4.04
766,6411.08,6508.7,6339.9,0.097,0.124,0.076,5.15,6.61,4.04
766.5,6416.34,6514.96,6344.55,0.097,0.124,0.076,5.15,6.61,4.04
767,6421.61,6521.22,6349.09,0.097,0.124,0.076,5.15,6.61,4.05
767.5,6426.88,6527.58,6353.72,0.097,0.123,0.076,5.15,6.61,4.05
768,6432.15,6534.16,6358.33,0.097,0.123,0.076,5.15,6.61,4.05
768.5,6437.43,6540.13,6362.59,0.097,0.123,0.076,5.16,6.61,4.05
769,6442.7,6546.46,6366.88,0.097,0.123,0.076,5.16,6.61,4.06
769.5,6447.98,6552.5,6371.22,0.097,0.123,0.076,5.16,6.61,4.06
770,6453.26,6558.52,6375.47,0.097,0.123,0.076,5.17,6.61,4.07
770.5,6458.54,6564.71,6379.49,0.097,0.123,0.076,5.17,6.62,4.07
771,6463.83,6570.91,6383.85,0.097,0.123,0.076,5.17,6.62,4.08
771.5,6469.12,6577.12,6387.98,0.097,0.122,0.076,5.17,6.62,4.08
772,6474.41,6583.32,6392.44,0.097,0.122,0.076,5.18,6.62,4.09
772.5,6479.7,6589.59,6397.34,0.096,0.122,0.076,5.18,6.62,4.1
773,6485,6595.92,6401.81,0.096,0.122,0.076,5.19,6.62,4.11
773.5,6490.3,6602.21,6406.23,0.096,0.121,0.076,5.19,6.62,4.12
774,6495.61,6608.35,6410.67,0.096,0.121,0.076,5.2,6.62,4.12
774.5,6500.92,6614.6,6414.82,0.096,0.121,0.076,5.2,6.62,4.13
775,6506.23,6620.86,6418.98,0.096,0.121,0.076,5.21,6.61,4.14
775.5,6511.55,6627.12,6423.32,0.096,0.121,0.076,5.21,6.61,4.15
776,6516.88,6633.39,6427.74,0.096,0.12,0.076,5.22,6.61,4.16
776.5,6522.21,6639.49,6432.17,0.096,0.12,0.076,5.23,6.61,4.17
777,6527.54,6645.47,6436.6,0.096,0.12,0.076,5.24,6.61,4.17
777.5,6532.88,6651.48,6441.12,0.095,0.12,0.076,5.24,6.6,4.18
778,6538.23,6658.16,6445.64,0.095,0.119,0.076,5.25,6.6,4.19
778.5,6543.58,6664.72,6449.38,0.095,0.119,0.076,5.25,6.6,4.2
779,6548.93,6670.84,6453.82,0.095,0.119,0.076,5.26,6.6,4.21
779.5,6554.3,6677.47,6458.41,0.095,0.118,0.076,5.27,6.6,4.22
780,6559.67,6684.27,6463.01,0.095,0.118,0.076,5.27,6.6,4.23
780.5,6565.04,6691.37,6467.28,0.095,0.118,0.076,5.28,6.6,4.25
781,6570.43,6698.42,6471.44,0.095,0.117,0.076,5.29,6.6,4.26
781.5,6575.82,6704.79,6475.62,0.094,0.117,0.076,5.3,6.6,4.27
782,6581.22,6711.12,6479.98,0.094,0.117,0.076,5.31,6.6,4.28
782.5,6586.62,6717.44,6484.6,0.094,0.117,0.076,5.32,6.6,4.29
783,6592.04,6723.97,6489.25,0.094,0.116,0.076,5.33,6.6,4.3
783.5,6597.46,6730.82,6493.91,0.094,0.116,0.076,5.34,6.6,4.32
784,6602.89,6737.66,6498.33,0.093,0.115,0.076,5.35,6.6,4.34
784.5,6608.32,6744.51,6502.73,0.093,0.115,0.076,5.36,6.6,4.36
785,6613.77,6751.35,6507.15,0.093,0.114,0.076,5.37,6.6,4.38
785.5,6619.23,6758.2,6511.58,0.093,0.114,0.076,5.38,6.6,4.4
786,6624.69,6764.68,6516.02,0.093,0.113,0.076,5.39,6.6,4.42
786.5,6630.16,6771.15,6520.48,0.093,0.113,0.076,5.4,6.6,4.43
787,6635.64,6777.64,6524.96,0.092,0.112,0.076,5.41,6.61,4.44
787.5,6641.14,6784.13,6529.52,0.092,0.112,0.076,5.42,6.61,4.46
788,6646.64,6790.62,6534.31,0.092,0.112,0.076,5.44,6.6,4.48
788.5,6652.15,6797.13,6539.12,0.092,0.111,0.076,5.45,6.6,4.5
789,6657.67,6803.64,6543.94,0.092,0.111,0.076,5.46,6.59,4.52
789.5,6663.2,6810.15,6548.8,0.091,0.11,0.076,5.48,6.59,4.53
790,6668.75,6816.68,6553.67,0.091,0.11,0.076,5.49,6.58,4.55
790.5,6674.3,6823.17,6558.56,0.091,0.11,0.076,5.51,6.59,4.56
791,6679.86,6829.57,6563.48,0.091,0.109,0.076,5.52,6.59,4.57
791.5,6685.44,6835.97,6568.34,0.09,0.109,0.076,5.53,6.59,4.58
792,6691.03,6842.39,6573.06,0.09,0.109,0.076,5.54,6.59,4.6
792.5,6696.63,6848.81,6577.79,0.09,0.108,0.076,5.55,6.59,4.62
793,6702.24,6855.23,6582.55,0.09,0.108,0.076,5.57,6.59,4.64
793.5,6707.86,6861.66,6587.34,0.09,0.107,0.076,5.59,6.59,4.65
794,6713.49,6868.1,6592.14,0.089,0.107,0.076,5.6,6.59,4.68
794.5,6719.14,6874.54,6596.97,0.089,0.107,0.076,5.62,6.6,4.69
795,6724.8,6880.99,6601.69,0.089,0.106,0.076,5.63,6.61,4.71
795.5,6730.47,6887.45,6606.32,0.089,0.106,0.076,5.64,6.61,4.73
796,6736.16,6893.92,6610.99,0.088,0.105,0.076,5.65,6.61,4.76
796.5,6741.86,6900.39,6615.68,0.088,0.105,0.076,5.67,6.62,4.78
797,6747.57,6906.87,6620.41,0.088,0.104,0.075,5.69,6.63,4.79
797.5,6753.3,6913.35,6625.18,0.088,0.104,0.075,5.7,6.63,4.83
798,6759.04,6919.84,6629.98,0.087,0.103,0.075,5.72,6.64,4.85
798.5,6764.79,6926.34,6634.81,0.087,0.103,0.075,5.73,6.64,4.87
799,6770.56,6932.85,6639.69,0.087,0.103,0.075,5.75,6.63,4.88
799.5,6776.34,6939.21,6644.81,0.087,0.102,0.075,5.77,6.63,4.89
800,6782.14,6945.56,6650,0.086,0.102,0.075,5.79,6.63,4.92
800.5,6787.95,6951.92,6655.22,0.086,0.101,0.075,5.8,6.65,4.93
801,6793.78,6958.27,6660.48,0.086,0.101,0.075,5.82,6.67,4.94
801.5,6799.62,6964.62,6665.78,0.086,0.101,0.075,5.84,6.68,4.95
802,6805.48,6970.97,6671.12,0.085,0.101,0.075,5.86,6.69,4.96
