cmTop,cmBot,ageTop,ageBot,dummyVar,MS_shifted_trans,MS_raw_SI,MS_shifted
6.2,6.7,-41,-40,1,6.12E-05,1.20E-05,3.06E-05
6.7,7.3,-40,-38,1,1.02E-04,1.20E-05,3.06E-05
7.3,7.8,-38,-37,1,6.02E-05,1.15E-05,3.01E-05
7.8,8.3,-37,-36,1,6.32E-05,1.30E-05,3.16E-05
8.3,8.9,-36,-34,1,9.44E-05,9.73E-06,2.83E-05
8.9,9.4,-34,-32,1,1.01E-04,6.69E-06,2.53E-05
9.4,10,-32,-30,1,8.06E-05,5.59E-06,2.42E-05
10,10.5,-30,-28,1,1.12E-04,9.44E-06,2.80E-05
10.5,11,-28,-27,1,5.98E-05,1.13E-05,2.99E-05
11,11.6,-27,-24,1,1.60E-04,1.34E-05,3.20E-05
11.6,12.1,-24,-23,1,5.80E-05,1.04E-05,2.90E-05
12.1,12.7,-23,-21,1,1.01E-04,1.16E-05,3.02E-05
12.7,13.2,-21,-19,1,1.28E-04,1.35E-05,3.21E-05
13.2,13.8,-19,-17,1,1.01E-04,1.16E-05,3.02E-05
13.8,14.3,-17,-15,1,1.32E-04,1.45E-05,3.31E-05
14.3,14.8,-15,-13,1,1.38E-04,1.60E-05,3.46E-05
14.8,15.4,-13,-10,1,1.80E-04,1.73E-05,3.59E-05
15.4,15.9,-10,-8,1,1.25E-04,1.27E-05,3.13E-05
15.9,16.5,-8,-5,1,1.50E-04,1.14E-05,3.00E-05
16.5,17,-5,-3,1,1.27E-04,1.31E-05,3.17E-05
17,17.5,-3,-1,1,1.38E-04,1.58E-05,3.44E-05
17.5,18.1,-1,2,1,1.62E-04,1.37E-05,3.23E-05
18.1,18.6,2,5,1,1.98E-04,1.44E-05,3.30E-05
18.6,19.2,5,9,1,2.21E-04,1.45E-05,3.31E-05
19.2,19.7,9,12,1,2.42E-04,2.17E-05,4.03E-05
19.7,20.2,12,16,1,3.43E-04,2.43E-05,4.29E-05
20.2,20.8,16,20,1,2.89E-04,2.47E-05,4.33E-05
20.8,21.3,20,23,1,2.66E-04,2.58E-05,4.44E-05
21.3,21.9,23,27,1,2.71E-04,2.20E-05,4.06E-05
21.9,22.4,27,30,1,2.12E-04,1.67E-05,3.53E-05
22.4,22.9,30,34,1,2.63E-04,1.43E-05,3.29E-05
22.9,23.5,34,38,1,2.20E-04,1.44E-05,3.30E-05
23.5,24,38,41,1,1.73E-04,1.02E-05,2.88E-05
24,24.6,41,46,1,2.34E-04,9.45E-06,2.81E-05
24.6,25.1,46,49,1,1.45E-04,5.52E-06,2.41E-05
25.1,25.6,49,52,1,1.19E-04,1.29E-06,1.99E-05
25.6,26.2,52,56,1,1.28E-04,6.26E-07,1.92E-05
26.2,26.7,56,59,1,1.23E-04,1.97E-06,2.06E-05
26.7,27.3,59,62,1,1.03E-04,2.05E-06,2.07E-05
27.3,27.8,62,65,1,1.06E-04,-8.67E-07,1.77E-05
27.8,28.4,65,69,1,1.37E-04,1.92E-06,2.05E-05
28.4,28.9,69,72,1,1.31E-04,3.16E-06,2.18E-05
28.9,29.4,72,75,1,1.23E-04,1.87E-06,2.05E-05
29.4,30,75,78,1,9.20E-05,-1.92E-07,1.84E-05
30,30.5,78,81,1,1.24E-04,2.12E-06,2.07E-05
30.5,31.1,81,85,1,1.27E-04,4.16E-07,1.90E-05
31.1,31.6,85,88,1,1.03E-04,-1.36E-06,1.72E-05
31.6,32.1,88,90,1,6.64E-05,-1.99E-06,1.66E-05
32.1,32.7,90,94,1,1.15E-04,-1.35E-06,1.73E-05
32.7,33.2,94,97,1,9.65E-05,-2.52E-06,1.61E-05
33.2,33.8,97,100,1,8.26E-05,-2.09E-06,1.65E-05
33.8,34.3,100,103,1,9.67E-05,-2.48E-06,1.61E-05
34.3,34.8,103,106,1,8.96E-05,-3.67E-06,1.49E-05
34.8,35.4,106,109,1,6.74E-05,-5.12E-06,1.35E-05
35.4,35.9,109,112,1,1.11E-04,-2.66E-08,1.86E-05
35.9,36.5,112,116,1,1.23E-04,-2.09E-07,1.84E-05
36.5,37,116,119,1,1.29E-04,2.87E-06,2.15E-05
37,37.5,119,121,1,7.41E-05,-8.70E-08,1.85E-05
37.5,38.1,121,125,1,1.06E-04,-2.67E-06,1.59E-05
38.1,38.6,125,128,1,1.22E-04,1.74E-06,2.03E-05
38.6,39.2,128,131,1,1.12E-04,3.80E-06,2.24E-05
39.2,39.7,131,134,1,1.42E-04,5.14E-06,2.37E-05
39.7,40.3,134,137,1,1.65E-04,1.44E-05,3.30E-05
40.3,40.8,137,140,1,6.28E-04,8.61E-05,1.05E-04
40.8,41.3,140,142,1,3.82E-04,7.70E-05,9.56E-05
41.3,41.9,142,146,1,4.07E-04,4.25E-05,6.11E-05
41.9,42.4,146,148,1,2.46E-04,4.30E-05,6.16E-05
42.4,43,148,152,1,4.77E-04,5.29E-05,7.15E-05
43,43.5,152,154,1,3.60E-04,7.15E-05,9.01E-05
43.5,44,154,157,1,6.87E-04,9.59E-05,1.15E-04
44,44.5,157,159,1,4.24E-04,8.73E-05,1.06E-04
44.5,45,159,162,1,4.94E-04,6.37E-05,8.23E-05
45,45.4,162,164,1,3.36E-04,4.86E-05,6.72E-05
45.4,45.9,164,167,1,2.83E-04,2.86E-05,4.72E-05
45.9,46.4,167,169,1,1.37E-04,1.57E-05,3.43E-05
46.4,46.9,169,172,1,1.78E-04,1.10E-05,2.96E-05
46.9,47.4,172,174,1,8.76E-05,3.30E-06,2.19E-05
47.4,47.9,174,177,1,1.16E-04,8.05E-07,1.94E-05
47.9,48.3,177,179,1,8.64E-05,-1.32E-06,1.73E-05
48.3,48.8,179,181,1,6.30E-05,-2.85E-06,1.58E-05
48.8,49.3,181,184,1,1.18E-04,9.88E-07,1.96E-05
49.3,49.8,184,186,1,5.22E-05,-5.55E-06,1.31E-05
49.8,50.3,186,189,1,8.21E-05,-4.92E-06,1.37E-05
50.3,50.8,189,191,1,5.64E-05,-4.49E-06,1.41E-05
50.8,51.2,191,193,1,6.72E-05,-5.15E-06,1.35E-05
51.2,51.7,193,196,1,9.26E-05,-3.16E-06,1.54E-05
51.7,52.2,196,198,1,7.01E-05,-1.07E-06,1.75E-05
52.2,52.7,198,201,1,1.13E-04,2.77E-07,1.89E-05
52.7,53.2,201,203,1,6.50E-05,-2.35E-06,1.63E-05
53.2,53.7,203,206,1,9.04E-05,-3.53E-06,1.51E-05
53.7,54.1,206,208,1,9.06E-05,-4.79E-07,1.81E-05
54.1,54.6,208,211,1,1.16E-04,8.16E-07,1.94E-05
54.6,55.1,211,213,1,6.54E-05,-2.24E-06,1.64E-05
55.1,55.6,213,216,1,9.02E-05,-3.56E-06,1.50E-05
55.6,56.1,216,218,1,8.20E-05,1.90E-06,2.05E-05
56.1,56.6,218,221,1,1.19E-04,1.31E-06,1.99E-05
56.6,57,221,223,1,9.04E-05,-5.11E-07,1.81E-05
57,57.5,223,226,1,1.26E-04,2.43E-06,2.10E-05
57.5,58,226,228,1,8.06E-05,1.56E-06,2.02E-05
58,58.5,228,231,1,1.12E-04,2.49E-08,1.86E-05
58.5,59,231,234,1,1.05E-04,-1.18E-06,1.74E-05
59,59.5,234,237,1,1.15E-04,5.90E-07,1.92E-05
59.5,60,237,239,1,7.27E-05,-4.34E-07,1.82E-05
60,60.5,239,242,1,1.02E-04,-1.64E-06,1.70E-05
60.5,61.1,242,246,1,1.24E-04,-1.20E-09,1.86E-05
61.1,61.6,246,249,1,1.14E-04,4.36E-07,1.90E-05
61.6,62.1,249,251,1,6.90E-05,-1.36E-06,1.72E-05
62.1,62.6,251,254,1,1.07E-04,-7.42E-07,1.79E-05
62.6,63.1,254,257,1,8.75E-05,-4.02E-06,1.46E-05
63.1,63.6,257,260,1,9.50E-05,-2.76E-06,1.58E-05
63.6,64.1,260,263,1,9.63E-05,-2.55E-06,1.61E-05
64.1,64.6,263,266,1,1.06E-04,-9.30E-07,1.77E-05
64.6,65.1,266,270,1,1.33E-04,-1.98E-06,1.66E-05
65.1,65.7,270,273,1,8.74E-05,-1.12E-06,1.75E-05
65.7,66.2,273,276,1,1.20E-04,1.47E-06,2.01E-05
66.2,66.7,276,280,1,1.51E-04,2.91E-07,1.89E-05
66.7,67.2,280,283,1,9.43E-05,-2.88E-06,1.57E-05
67.2,67.7,283,286,1,8.63E-05,-4.22E-06,1.44E-05
67.7,68.2,286,289,1,8.87E-05,-3.82E-06,1.48E-05
68.2,68.7,289,293,1,1.23E-04,-3.27E-06,1.53E-05
68.7,69.2,293,296,1,8.80E-05,-3.94E-06,1.47E-05
69.2,69.7,296,299,1,9.47E-05,-2.81E-06,1.58E-05
69.7,70.3,299,303,1,1.16E-04,-1.27E-06,1.73E-05
70.3,70.8,303,307,1,1.20E-04,-3.56E-06,1.50E-05
70.8,71.3,307,310,1,1.04E-04,-1.19E-06,1.74E-05
71.3,71.8,310,313,1,8.93E-05,-3.71E-06,1.49E-05
71.8,72.3,313,317,1,1.42E-04,-8.82E-07,1.77E-05
72.3,72.8,317,320,1,1.16E-04,7.90E-07,1.94E-05
72.8,73.3,320,324,1,1.42E-04,-8.39E-07,1.78E-05
73.3,73.8,324,327,1,1.10E-04,-3.35E-07,1.83E-05
73.8,74.3,327,331,1,1.47E-04,-2.59E-07,1.83E-05
74.3,74.9,331,335,1,1.22E-04,-3.07E-07,1.83E-05
74.9,75.4,335,339,1,1.48E-04,-1.34E-07,1.85E-05
75.4,75.9,339,342,1,1.07E-04,-7.47E-07,1.79E-05
75.9,76.4,342,346,1,1.26E-04,-2.81E-06,1.58E-05
76.4,76.9,346,349,1,1.12E-04,5.35E-08,1.87E-05
76.9,77.4,349,353,1,1.28E-04,-2.55E-06,1.61E-05
77.4,77.9,353,357,1,1.32E-04,-2.13E-06,1.65E-05
77.9,78.4,357,360,1,9.59E-05,-2.62E-06,1.60E-05
78.4,78.9,360,364,1,1.26E-04,-2.91E-06,1.57E-05
78.9,79.5,364,368,1,1.19E-04,-7.77E-07,1.78E-05
79.5,80,368,372,1,1.24E-04,-3.15E-06,1.55E-05
80,80.5,372,376,1,1.27E-04,-2.67E-06,1.59E-05
80.5,81,376,380,1,1.23E-04,-3.17E-06,1.54E-05
81,81.5,380,383,1,1.02E-04,-1.54E-06,1.71E-05
81.5,82,383,387,1,1.61E-04,1.53E-06,2.01E-05
82,82.5,387,391,1,1.52E-04,4.53E-07,1.91E-05
82.5,83,391,395,1,1.37E-04,-1.47E-06,1.71E-05
83,83.5,395,398,1,9.64E-05,-2.53E-06,1.61E-05
83.5,84,398,402,1,1.51E-04,2.51E-07,1.89E-05
84,84.5,402,406,1,1.49E-04,5.21E-08,1.87E-05
84.5,85,406,410,1,1.41E-04,-1.02E-06,1.76E-05
85,85.5,410,414,1,1.44E-04,-6.33E-07,1.80E-05
85.5,86,414,417,1,1.04E-04,-1.19E-06,1.74E-05
86,86.5,417,421,1,1.35E-04,-1.68E-06,1.69E-05
86.5,87,421,425,1,1.32E-04,-2.04E-06,1.66E-05
87,87.5,425,429,1,1.30E-04,-2.31E-06,1.63E-05
87.5,88,429,433,1,1.51E-04,3.02E-07,1.89E-05
88,88.5,433,437,1,1.44E-04,-6.33E-07,1.80E-05
88.5,89,437,441,1,1.43E-04,-7.22E-07,1.79E-05
89,89.5,441,445,1,1.65E-04,2.04E-06,2.06E-05
89.5,90,445,448,1,1.22E-04,1.65E-06,2.03E-05
90,90.5,448,452,1,1.46E-04,-2.93E-07,1.83E-05
90.5,91,452,456,1,1.32E-04,-2.04E-06,1.66E-05
91,91.5,456,460,1,1.42E-04,-8.64E-07,1.77E-05
91.5,92,460,464,1,1.49E-04,-2.68E-08,1.86E-05
92,92.5,464,468,1,1.32E-04,-2.04E-06,1.66E-05
92.5,93,468,472,1,1.23E-04,-3.19E-06,1.54E-05
93,93.5,472,476,1,1.20E-04,-3.62E-06,1.50E-05
93.5,94,476,480,1,1.41E-04,-1.01E-06,1.76E-05
94,94.5,480,484,1,1.83E-04,4.22E-06,2.28E-05
94.5,95,484,488,1,1.68E-04,2.43E-06,2.10E-05
95,95.5,488,492,1,1.73E-04,3.06E-06,2.17E-05
95.5,96,492,496,1,1.72E-04,2.96E-06,2.16E-05
96,96.5,496,499,1,1.34E-04,3.70E-06,2.23E-05
96.5,97,499,503,1,1.65E-04,2.00E-06,2.06E-05
97,97.5,503,507,1,1.67E-04,2.28E-06,2.09E-05
97.5,98,507,511,1,1.58E-04,1.18E-06,1.98E-05
98,98.5,511,515,1,1.53E-04,4.83E-07,1.91E-05
98.5,99,515,519,1,1.60E-04,1.43E-06,2.00E-05
99,99.5,519,523,1,1.65E-04,1.98E-06,2.06E-05
99.5,100,523,527,1,1.70E-04,2.71E-06,2.13E-05
100,100.5,527,531,1,1.55E-04,7.30E-07,1.93E-05
100.5,101,531,535,1,1.47E-04,-1.91E-07,1.84E-05
101,101.5,535,539,1,1.32E-04,-2.12E-06,1.65E-05
101.5,102,539,543,1,1.35E-04,-1.77E-06,1.68E-05
102,102.5,543,547,1,1.45E-04,-4.80E-07,1.81E-05
102.5,103,547,551,1,1.62E-04,1.68E-06,2.03E-05
103,103.5,551,555,1,1.80E-04,3.84E-06,2.24E-05
103.5,104,555,559,1,1.56E-04,8.38E-07,1.94E-05
104,104.5,559,563,1,1.75E-04,3.23E-06,2.18E-05
104.5,105,563,567,1,1.58E-04,1.14E-06,1.97E-05
105,105.5,567,571,1,1.87E-04,4.77E-06,2.34E-05
105.5,106,571,575,1,1.69E-04,2.54E-06,2.11E-05
106,106.5,575,579,1,1.54E-04,6.54E-07,1.93E-05
106.5,107,579,583,1,1.65E-04,1.98E-06,2.06E-05
107,107.5,583,586,1,1.29E-04,2.94E-06,2.15E-05
107.5,108,586,590,1,1.81E-04,4.01E-06,2.26E-05
108,108.5,590,594,1,1.87E-04,4.83E-06,2.34E-05
108.5,109,594,598,1,1.94E-04,5.70E-06,2.43E-05
109,109.5,598,602,1,2.16E-04,8.45E-06,2.71E-05
109.5,110,602,606,1,2.98E-04,1.87E-05,3.73E-05
110,110.5,606,610,1,5.76E-04,5.34E-05,7.20E-05
110.5,111,610,614,1,2.25E-04,9.51E-06,2.81E-05
111,111.5,614,618,1,1.67E-04,2.29E-06,2.09E-05
111.5,112,618,622,1,1.26E-04,-2.90E-06,1.57E-05
112,112.5,622,626,1,1.57E-04,1.06E-06,1.97E-05
112.5,113,626,630,1,1.25E-04,-3.00E-06,1.56E-05
113,113.5,630,634,1,1.31E-04,-2.28E-06,1.63E-05
113.5,114,634,637,1,1.09E-04,-4.99E-07,1.81E-05
114,114.5,637,641,1,1.37E-04,-1.53E-06,1.71E-05
114.5,115,641,645,1,1.19E-04,-3.72E-06,1.49E-05
115,115.5,645,649,1,1.38E-04,-1.41E-06,1.72E-05
115.5,116,649,653,1,1.56E-04,9.09E-07,1.95E-05
116,116.5,653,657,1,1.44E-04,-5.69E-07,1.80E-05
116.5,117,657,661,1,1.46E-04,-4.12E-07,1.82E-05
117,117.5,661,664,1,1.24E-04,1.99E-06,2.06E-05
117.5,118,664,668,1,1.42E-04,-8.88E-07,1.77E-05
118,118.5,668,672,1,1.59E-04,1.27E-06,1.99E-05
118.5,119,672,676,1,1.58E-04,1.14E-06,1.97E-05
119,119.5,676,680,1,1.69E-04,2.48E-06,2.11E-05
119.5,120,680,683,1,1.05E-04,-1.05E-06,1.76E-05
120,120.5,683,687,1,1.77E-04,3.54E-06,2.21E-05
120.5,121,687,691,1,1.70E-04,2.59E-06,2.12E-05
121,121.5,691,695,1,1.85E-04,4.54E-06,2.31E-05
121.5,122,695,699,1,1.64E-04,1.86E-06,2.05E-05
122,122.5,699,702,1,1.26E-04,2.42E-06,2.10E-05
122.5,123,702,706,1,1.61E-04,1.47E-06,2.01E-05
123,123.5,706,710,1,1.74E-04,3.20E-06,2.18E-05
123.5,124,710,714,1,1.76E-04,3.40E-06,2.20E-05
124,124.5,714,717,1,1.30E-04,3.14E-06,2.17E-05
124.5,125,717,721,1,1.64E-04,1.85E-06,2.05E-05
125,125.5,721,725,1,1.80E-04,3.84E-06,2.24E-05
125.5,126,725,728,1,1.24E-04,2.03E-06,2.06E-05
126,126.5,728,732,1,1.62E-04,1.61E-06,2.02E-05
126.5,127,732,736,1,1.64E-04,1.85E-06,2.05E-05
127,127.5,736,739,1,1.17E-04,8.47E-07,1.94E-05
127.5,128,739,743,1,1.55E-04,7.80E-07,1.94E-05
128,128.5,743,747,1,1.54E-04,6.29E-07,1.92E-05
128.5,129,747,750,1,1.28E-04,2.72E-06,2.13E-05
129,129.5,750,754,1,1.56E-04,9.01E-07,1.95E-05
129.5,130,754,757,1,1.20E-04,1.32E-06,1.99E-05
130,130.5,757,761,1,1.60E-04,1.40E-06,2.00E-05
130.5,131,761,765,1,1.50E-04,9.80E-08,1.87E-05
131,131.5,765,768,1,1.20E-04,1.46E-06,2.01E-05
131.5,132,768,772,1,1.66E-04,2.11E-06,2.07E-05
132,132.5,772,775,1,1.19E-04,1.18E-06,1.98E-05
132.5,133,775,779,1,1.77E-04,3.51E-06,2.21E-05
133,133.5,779,782,1,1.34E-04,3.76E-06,2.24E-05
133.5,134,782,786,1,1.81E-04,4.03E-06,2.26E-05
134,134.5,786,789,1,1.36E-04,4.09E-06,2.27E-05
134.5,135,789,793,1,1.88E-04,4.90E-06,2.35E-05
135,135.5,793,797,1,1.62E-04,1.68E-06,2.03E-05
135.5,136,797,800,1,1.46E-04,5.70E-06,2.43E-05
136,136.5,800,804,1,2.19E-04,8.83E-06,2.74E-05
136.5,137,804,807,1,1.44E-04,5.41E-06,2.40E-05
137,137.5,807,811,1,1.61E-04,1.58E-06,2.02E-05
137.5,138,811,814,1,1.34E-04,3.66E-06,2.23E-05
138,138.5,814,818,1,1.80E-04,3.95E-06,2.26E-05
138.5,139,818,821,1,1.24E-04,2.04E-06,2.06E-05
139,139.5,821,825,1,1.72E-04,2.94E-06,2.15E-05
139.5,140,825,828,1,1.30E-04,3.06E-06,2.17E-05
140,140.5,828,832,1,1.81E-04,4.00E-06,2.26E-05
140.5,141,832,835,1,1.34E-04,3.70E-06,2.23E-05
141,141.5,835,839,1,1.67E-04,2.26E-06,2.09E-05
141.5,142,839,842,1,1.20E-04,1.36E-06,2.00E-05
142,142.5,842,846,1,1.80E-04,3.96E-06,2.26E-05
142.5,143,846,850,1,1.92E-04,5.46E-06,2.41E-05
143,143.5,850,853,1,1.63E-04,8.62E-06,2.72E-05
143.5,144,853,857,1,2.00E-04,6.42E-06,2.50E-05
144,144.5,857,860,1,1.69E-04,9.56E-06,2.82E-05
144.5,145,860,864,1,2.18E-04,8.63E-06,2.72E-05
145,145.5,864,867,1,1.60E-04,8.13E-06,2.67E-05
145.5,146,867,871,1,1.93E-04,5.52E-06,2.41E-05
146,146.5,871,874,1,1.57E-04,7.49E-06,2.61E-05
146.5,147,874,878,1,2.01E-04,6.55E-06,2.52E-05
147,147.5,878,881,1,1.65E-04,8.86E-06,2.75E-05
147.5,148,881,885,1,2.23E-04,9.23E-06,2.78E-05
148,148.5,885,889,1,2.23E-04,9.24E-06,2.78E-05
148.5,149,889,892,1,1.71E-04,9.95E-06,2.86E-05
149,149.5,892,896,1,2.01E-04,6.58E-06,2.52E-05
149.5,150,896,899,1,1.29E-04,2.97E-06,2.16E-05
150,150.5,899,903,1,1.66E-04,2.13E-06,2.07E-05
150.5,151,903,907,1,1.88E-04,4.92E-06,2.35E-05
151,151.5,907,910,1,1.36E-04,4.14E-06,2.27E-05
151.5,152,910,914,1,1.66E-04,2.15E-06,2.08E-05
152,152.5,914,917,1,1.40E-04,4.67E-06,2.33E-05
152.5,153,917,921,1,1.94E-04,5.61E-06,2.42E-05
153,153.5,921,925,1,1.95E-04,5.74E-06,2.43E-05
153.5,154,925,928,1,1.63E-04,8.60E-06,2.72E-05
154,154.5,928,932,1,2.19E-04,8.77E-06,2.74E-05
154.5,155,932,936,1,2.01E-04,6.48E-06,2.51E-05
155,155.5,936,939,1,1.57E-04,7.58E-06,2.62E-05
155.5,156,939,943,1,1.98E-04,6.21E-06,2.48E-05
156,156.5,943,947,1,2.14E-04,8.16E-06,2.68E-05
156.5,157,947,951,1,5.91E-04,5.53E-05,7.39E-05
157,157.5,951,954,1,1.68E-04,9.41E-06,2.80E-05
157.5,158,954,958,1,2.08E-04,7.36E-06,2.60E-05
158,158.5,958,962,1,1.88E-04,4.93E-06,2.35E-05
158.5,159,962,966,1,1.73E-04,3.03E-06,2.16E-05
159,159.5,966,969,1,1.39E-04,4.63E-06,2.32E-05
159.5,160,969,973,1,1.86E-04,4.59E-06,2.32E-05
160,160.5,973,977,1,1.77E-04,3.50E-06,2.21E-05
160.5,161,977,981,1,1.54E-04,6.22E-07,1.92E-05
161,161.5,981,985,1,1.34E-04,-1.83E-06,1.68E-05
161.5,162,985,989,1,1.47E-04,-2.60E-07,1.83E-05
162,162.5,989,992,1,1.09E-04,-3.89E-07,1.82E-05
162.5,163,992,996,1,1.45E-04,-4.83E-07,1.81E-05
163,163.5,996,1000,1,1.52E-04,4.31E-07,1.90E-05
163.5,164,1000,1004,1,1.60E-04,1.46E-06,2.01E-05
164,164.5,1004,1008,1,1.83E-04,4.29E-06,2.29E-05
164.5,165,1008,1012,1,3.13E-04,2.05E-05,3.91E-05
165,165.5,1012,1016,1,1.59E-04,1.24E-06,1.98E-05
165.5,166,1016,1020,1,1.79E-04,3.79E-06,2.24E-05
166,166.5,1020,1024,1,1.92E-04,5.41E-06,2.40E-05
166.5,167,1024,1028,1,1.86E-04,4.69E-06,2.33E-05
167,167.5,1028,1032,1,1.74E-04,3.18E-06,2.18E-05
167.5,168,1032,1036,1,1.67E-04,2.30E-06,2.09E-05
168,168.5,1036,1040,1,1.62E-04,1.61E-06,2.02E-05
168.5,169,1040,1044,1,1.63E-04,1.82E-06,2.04E-05
169,169.5,1044,1048,1,1.68E-04,2.46E-06,2.11E-05
169.5,170,1048,1052,1,1.43E-04,-7.64E-07,1.78E-05
170,170.5,1052,1056,1,1.48E-04,-1.22E-07,1.85E-05
170.5,171,1056,1060,1,1.10E-04,-4.80E-06,1.38E-05
171,171.5,1060,1064,1,1.17E-04,-3.93E-06,1.47E-05
171.5,172,1064,1068,1,1.52E-04,4.18E-07,1.90E-05
172,172.5,1068,1072,1,1.52E-04,4.33E-07,1.90E-05
172.5,173,1072,1077,1,1.92E-04,5.81E-07,1.92E-05
173,173.5,1077,1081,1,1.65E-04,2.00E-06,2.06E-05
173.5,174,1081,1085,1,1.37E-04,-1.47E-06,1.71E-05
174,174.5,1085,1089,1,1.40E-04,-1.16E-06,1.74E-05
174.5,175,1089,1093,1,1.22E-04,-3.35E-06,1.53E-05
175,175.5,1093,1097,1,1.21E-04,-3.44E-06,1.52E-05
175.5,176,1097,1102,1,1.62E-04,-2.40E-06,1.62E-05
176,176.5,1102,1106,1,1.35E-04,-1.78E-06,1.68E-05
176.5,177,1106,1110,1,1.25E-04,-2.95E-06,1.57E-05
177,177.5,1110,1114,1,1.20E-04,-3.58E-06,1.50E-05
177.5,178,1114,1119,1,1.06E-04,-8.03E-06,1.06E-05
178,178.5,1119,1123,1,9.84E-05,-6.30E-06,1.23E-05
178.5,179,1123,1127,1,1.19E-04,-3.76E-06,1.48E-05
179,179.5,1127,1132,1,3.71E-04,1.85E-05,3.71E-05
179.5,180,1132,1136,1,2.04E-04,6.95E-06,2.56E-05
180,180.5,1136,1140,1,1.97E-04,6.08E-06,2.47E-05
180.5,181,1140,1145,1,2.35E-04,4.87E-06,2.35E-05
181,181.5,1145,1149,1,1.70E-04,2.61E-06,2.12E-05
181.5,182,1149,1154,1,2.00E-04,1.37E-06,2.00E-05
182,182.5,1154,1158,1,1.79E-04,3.76E-06,2.24E-05
182.5,183,1158,1162,1,1.63E-04,1.81E-06,2.04E-05
183,183.5,1162,1167,1,2.04E-04,1.78E-06,2.04E-05
183.5,184,1167,1171,1,1.72E-04,2.92E-06,2.15E-05
184,184.5,1171,1176,1,2.54E-04,6.79E-06,2.54E-05
184.5,185,1176,1180,1,1.67E-04,2.24E-06,2.08E-05
185,185.5,1180,1185,1,2.08E-04,2.19E-06,2.08E-05
185.5,186,1185,1189,1,1.65E-04,2.01E-06,2.06E-05
186,186.5,1189,1194,1,2.20E-04,3.44E-06,2.20E-05
186.5,187,1194,1198,1,1.66E-04,2.14E-06,2.07E-05
187,187.5,1198,1203,1,2.57E-04,7.11E-06,2.57E-05
187.5,188,1203,1208,1,2.71E-04,8.48E-06,2.71E-05
188,188.5,1208,1212,1,2.24E-04,9.34E-06,2.79E-05
188.5,189,1212,1217,1,2.84E-04,9.78E-06,2.84E-05
189,189.5,1217,1222,1,2.82E-04,9.55E-06,2.82E-05
189.5,190,1222,1226,1,2.22E-04,9.17E-06,2.78E-05
190,190.5,1226,1231,1,3.09E-04,1.23E-05,3.09E-05
190.5,191,1231,1236,1,6.76E-04,4.90E-05,6.76E-05
191,191.5,1236,1240,1,4.47E-04,3.73E-05,5.59E-05
191.5,192,1240,1245,1,4.09E-04,2.23E-05,4.09E-05
192,192.5,1245,1250,1,2.45E-04,5.87E-06,2.45E-05
192.5,193,1250,1254,1,1.94E-04,5.66E-06,2.43E-05
193,193.5,1254,1259,1,2.55E-04,6.94E-06,2.55E-05
193.5,194,1259,1264,1,2.03E-04,1.68E-06,2.03E-05
194,194.5,1264,1269,1,1.86E-04,2.54E-08,1.86E-05
194.5,195,1269,1274,1,2.04E-04,1.82E-06,2.04E-05
195,195.5,1274,1279,1,2.03E-04,1.70E-06,2.03E-05
195.5,196,1279,1283,1,1.59E-04,1.28E-06,1.99E-05
196,196.5,1283,1288,1,2.10E-04,2.39E-06,2.10E-05
196.5,197,1288,1293,1,2.09E-04,2.25E-06,2.09E-05
197,197.5,1293,1298,1,2.60E-04,7.36E-06,2.60E-05
197.5,198,1298,1303,1,2.05E-04,1.86E-06,2.05E-05
198,198.5,1303,1308,1,1.92E-04,5.51E-07,1.92E-05
198.5,199,1308,1313,1,1.88E-04,2.48E-07,1.88E-05
199,199.5,1313,1318,1,1.97E-04,1.11E-06,1.97E-05
199.5,200,1318,1323,1,2.33E-04,4.70E-06,2.33E-05
200,200.5,1323,1327,1,2.01E-04,6.48E-06,2.51E-05
200.5,201,1327,1332,1,2.23E-04,3.70E-06,2.23E-05
201,201.5,1332,1337,1,2.32E-04,4.57E-06,2.32E-05
201.5,202,1337,1342,1,2.37E-04,5.08E-06,2.37E-05
202,202.5,1342,1347,1,2.24E-04,3.75E-06,2.24E-05
202.5,203,1347,1352,1,2.31E-04,4.46E-06,2.31E-05
203,203.5,1352,1357,1,2.30E-04,4.35E-06,2.30E-05
203.5,204,1357,1362,1,2.31E-04,4.45E-06,2.31E-05
204,204.5,1362,1367,1,2.37E-04,5.11E-06,2.37E-05
204.5,205,1367,1372,1,2.35E-04,4.89E-06,2.35E-05
205,205.5,1372,1377,1,2.11E-04,2.45E-06,2.11E-05
205.5,206,1377,1382,1,2.24E-04,3.75E-06,2.24E-05
206,206.5,1382,1387,1,2.45E-04,5.89E-06,2.45E-05
206.5,207,1387,1392,1,2.42E-04,5.57E-06,2.42E-05
207,207.5,1392,1397,1,2.54E-04,6.77E-06,2.54E-05
207.5,208,1397,1402,1,2.39E-04,5.25E-06,2.39E-05
208,208.5,1402,1407,1,2.16E-04,2.99E-06,2.16E-05
208.5,209,1407,1412,1,2.24E-04,3.82E-06,2.24E-05
209,209.5,1412,1417,1,2.08E-04,2.21E-06,2.08E-05
209.5,210,1417,1422,1,2.09E-04,2.31E-06,2.09E-05
210,210.5,1422,1427,1,2.16E-04,2.98E-06,2.16E-05
210.5,211,1427,1432,1,2.06E-04,2.04E-06,2.06E-05
211,211.5,1432,1437,1,2.22E-04,3.58E-06,2.22E-05
211.5,212,1437,1442,1,2.35E-04,4.89E-06,2.35E-05
212,212.5,1442,1447,1,2.30E-04,4.43E-06,2.30E-05
212.5,213,1447,1451,1,1.86E-04,4.62E-06,2.32E-05
213,213.5,1451,1456,1,2.31E-04,4.48E-06,2.31E-05
213.5,214,1456,1461,1,2.23E-04,3.72E-06,2.23E-05
214,214.5,1461,1466,1,2.19E-04,3.29E-06,2.19E-05
214.5,215,1466,1471,1,2.07E-04,2.13E-06,2.07E-05
215,215.5,1471,1476,1,2.18E-04,3.23E-06,2.18E-05
215.5,216,1476,1481,1,2.19E-04,3.27E-06,2.19E-05
216,216.5,1481,1486,1,2.40E-04,5.41E-06,2.40E-05
216.5,217,1486,1491,1,2.13E-04,2.72E-06,2.13E-05
217,217.5,1491,1495,1,1.53E-04,5.78E-07,1.92E-05
217.5,218,1495,1500,1,1.81E-04,-5.35E-07,1.81E-05
218,218.5,1500,1505,1,1.70E-04,-1.62E-06,1.70E-05
218.5,219,1505,1510,1,1.98E-04,1.22E-06,1.98E-05
219,219.5,1510,1515,1,2.03E-04,1.71E-06,2.03E-05
219.5,220,1515,1519,1,1.52E-04,3.49E-07,1.89E-05
220,220.5,1519,1524,1,1.85E-04,-1.50E-07,1.85E-05
220.5,221,1524,1529,1,1.97E-04,1.07E-06,1.97E-05
221,221.5,1529,1533,1,1.39E-04,-1.18E-06,1.74E-05
221.5,222,1533,1538,1,1.61E-04,-2.50E-06,1.61E-05
222,222.5,1538,1543,1,1.84E-04,-2.44E-07,1.84E-05
222.5,223,1543,1547,1,1.45E-04,-5.10E-07,1.81E-05
223,223.5,1547,1552,1,2.04E-04,1.78E-06,2.04E-05
223.5,224,1552,1557,1,2.30E-04,4.38E-06,2.30E-05
224,224.5,1557,1561,1,1.87E-04,4.74E-06,2.33E-05
224.5,225,1561,1566,1,2.30E-04,4.37E-06,2.30E-05
225,225.5,1566,1570,1,1.72E-04,2.96E-06,2.16E-05
225.5,226,1570,1575,1,2.08E-04,2.23E-06,2.08E-05
226,226.5,1575,1579,1,1.56E-04,8.51E-07,1.95E-05
226.5,227,1579,1584,1,1.99E-04,1.25E-06,1.99E-05
227,227.5,1584,1588,1,1.43E-04,-7.74E-07,1.78E-05
227.5,228,1588,1593,1,1.79E-04,-7.31E-07,1.79E-05
228,228.5,1593,1597,1,1.34E-04,-1.81E-06,1.68E-05
228.5,229,1597,1601,1,1.55E-04,7.27E-07,1.93E-05
229,229.5,1601,1606,1,1.53E-04,-3.33E-06,1.53E-05
229.5,230,1606,1610,1,1.36E-04,-1.61E-06,1.70E-05
230,230.5,1610,1614,1,1.79E-04,3.79E-06,2.24E-05
230.5,231,1614,1618,1,1.62E-04,1.67E-06,2.03E-05
231,231.5,1618,1623,1,2.14E-04,2.78E-06,2.14E-05
231.5,232,1623,1627,1,1.62E-04,1.60E-06,2.02E-05
232,232.5,1627,1631,1,1.65E-04,2.04E-06,2.06E-05
232.5,233,1631,1635,1,1.51E-04,2.13E-07,1.88E-05
233,233.5,1635,1639,1,1.42E-04,-8.63E-07,1.77E-05
233.5,234,1639,1643,1,1.30E-04,-2.29E-06,1.63E-05
234,234.5,1643,1647,1,1.22E-04,-3.31E-06,1.53E-05
234.5,235,1647,1651,1,1.10E-04,-4.80E-06,1.38E-05
235,235.5,1651,1655,1,1.21E-04,-3.43E-06,1.52E-05
235.5,236,1655,1659,1,1.33E-04,-2.01E-06,1.66E-05
236,236.5,1659,1663,1,1.37E-04,-1.43E-06,1.72E-05
236.5,237,1663,1667,1,1.64E-04,1.92E-06,2.05E-05
237,237.5,1667,1671,1,1.74E-04,3.16E-06,2.18E-05
237.5,238,1671,1674,1,1.28E-04,2.69E-06,2.13E-05
238,238.5,1674,1678,1,1.70E-04,2.71E-06,2.13E-05
238.5,239,1678,1682,1,1.78E-04,3.60E-06,2.22E-05
239,239.5,1682,1685,1,1.37E-04,4.28E-06,2.29E-05
239.5,240,1685,1689,1,1.90E-04,5.16E-06,2.38E-05
240,240.5,1689,1693,1,1.90E-04,5.21E-06,2.38E-05
240.5,241,1693,1696,1,1.36E-04,4.05E-06,2.27E-05
241,241.5,1696,1700,1,1.73E-04,2.98E-06,2.16E-05
241.5,242,1700,1703,1,1.36E-04,4.07E-06,2.27E-05
242,242.5,1703,1707,1,1.88E-04,4.88E-06,2.35E-05
242.5,243,1707,1710,1,1.38E-04,4.45E-06,2.31E-05
243,243.45,1710,1713,1,1.70E-04,6.87E-06,2.55E-05
243.5,243.9,1713,1716,1,1.43E-04,5.10E-07,1.91E-05
243.9,244.35,1716,1719,1,2.01E-04,1.15E-05,3.01E-05
244.35,244.8,1719,1722,1,1.89E-04,9.71E-06,2.83E-05
244.8,245.25,1722,1725,1,1.80E-04,8.42E-06,2.70E-05
245.25,245.7,1725,1727,1,1.29E-04,1.04E-05,2.90E-05
245.7,246.15,1727,1730,1,2.09E-04,1.28E-05,3.14E-05
246.15,246.6,1730,1733,1,2.14E-04,1.35E-05,3.21E-05
246.6,247.05,1733,1736,1,1.95E-04,1.06E-05,2.92E-05
247.05,247.5,1736,1739,1,1.95E-04,1.06E-05,2.92E-05
247.5,247.95,1739,1741,1,1.22E-04,8.79E-06,2.74E-05
247.95,248.5,1741,1745,1,2.01E-04,9.10E-06,2.77E-05
248.5,249,1745,1748,1,1.78E-04,1.10E-05,2.96E-05
249,249.5,1748,1751,1,1.63E-04,8.59E-06,2.72E-05
249.5,250,1751,1753,1,1.10E-04,8.98E-06,2.76E-05
250,250.5,1753,1756,1,1.67E-04,9.15E-06,2.78E-05
250.5,251,1756,1759,1,1.67E-04,9.25E-06,2.79E-05
251,251.5,1759,1762,1,1.93E-04,1.35E-05,3.21E-05
251.5,252,1762,1765,1,2.04E-04,1.54E-05,3.40E-05
252,252.5,1765,1768,1,1.96E-04,1.41E-05,3.27E-05
252.5,253,1768,1770,1,1.34E-04,1.49E-05,3.35E-05
253,253.5,1770,1773,1,1.97E-04,1.42E-05,3.28E-05
253.5,254,1773,1776,1,1.95E-04,1.39E-05,3.25E-05
254,254.5,1776,1779,1,2.00E-04,1.48E-05,3.34E-05
254.5,255,1779,1781,1,1.33E-04,1.47E-05,3.33E-05
255,255.5,1781,1784,1,2.11E-04,1.66E-05,3.52E-05
255.5,256,1784,1787,1,1.30E-04,3.05E-06,2.17E-05
256,256.5,1787,1789,1,1.09E-04,8.59E-06,2.72E-05
256.5,257,1789,1792,1,1.47E-04,5.93E-06,2.45E-05
257,257.5,1792,1794,1,8.81E-05,3.43E-06,2.20E-05
257.5,258,1794,1797,1,1.29E-04,2.89E-06,2.15E-05
258,258.5,1797,1800,1,1.44E-04,5.46E-06,2.41E-05
258.5,259,1800,1802,1,7.93E-05,1.23E-06,1.98E-05
259,259.5,1802,1805,1,1.20E-04,1.45E-06,2.01E-05
259.5,260,1805,1807,1,8.30E-05,2.15E-06,2.08E-05
260,260.5,1807,1810,1,1.04E-04,-1.25E-06,1.74E-05
260.5,261,1810,1812,1,6.25E-05,-2.98E-06,1.56E-05
261,261.5,1812,1815,1,1.15E-04,5.80E-07,1.92E-05
261.5,262,1815,1817,1,1.01E-04,6.64E-06,2.52E-05
262,262.5,1817,1820,1,1.37E-04,4.25E-06,2.29E-05
262.5,263,1820,1822,1,6.69E-05,-1.87E-06,1.67E-05
263,263.5,1822,1825,1,6.73E-05,-7.39E-06,1.12E-05
263.5,264,1825,1827,1,3.56E-05,-9.69E-06,8.91E-06
264,264.5,1827,1829,1,3.74E-05,-9.26E-06,9.34E-06
264.5,265,1829,1832,1,4.86E-05,-1.05E-05,8.10E-06
265,265.5,1832,1834,1,5.00E-05,-6.09E-06,1.25E-05
265.5,266,1834,1837,1,6.81E-05,-7.25E-06,1.14E-05
266,266.5,1837,1839,1,4.25E-05,-7.97E-06,1.06E-05
266.5,267,1839,1842,1,6.97E-05,-6.99E-06,1.16E-05
267,267.5,1842,1844,1,4.34E-05,-7.76E-06,1.08E-05
267.5,268,1844,1846,1,5.27E-05,-5.42E-06,1.32E-05
268,268.5,1846,1849,1,2.64E-05,-1.42E-05,4.40E-06
268.5,269,1849,1851,1,0.00E+00,-1.86E-05,0.00E+00
269,269.5,1851,1854,1,2.76E-05,-1.40E-05,4.60E-06
269.5,270,1854,1856,1,2.84E-05,-1.15E-05,7.10E-06
270,270.5,1856,1858,1,2.80E-05,-1.16E-05,7.00E-06
270.5,271,1858,1861,1,4.20E-05,-1.16E-05,7.00E-06
271,271.5,1861,1863,1,6.16E-05,-3.21E-06,1.54E-05
271.5,272,1863,1866,1,8.65E-05,-4.18E-06,1.44E-05
272,272.5,1866,1868,1,6.32E-05,-2.81E-06,1.58E-05
272.5,273,1868,1871,1,7.78E-05,-5.64E-06,1.30E-05
273,273.5,1871,1873,1,3.66E-05,-9.44E-06,9.16E-06
273.5,274,1873,1876,1,5.76E-05,-9.00E-06,9.60E-06
274,274.5,1876,1878,1,3.28E-05,-1.04E-05,8.20E-06
274.5,275,1878,1881,1,6.01E-05,-8.59E-06,1.00E-05
275,275.5,1881,1883,1,5.00E-05,-6.10E-06,1.25E-05
275.5,276,1883,1886,1,9.35E-05,-3.02E-06,1.56E-05
276,276.5,1886,1888,1,4.23E-05,-8.03E-06,1.06E-05
276.5,277,1888,1891,1,6.12E-05,-8.40E-06,1.02E-05
277,277.5,1891,1893,1,4.88E-05,-6.41E-06,1.22E-05
277.5,278,1893,1896,1,8.34E-05,-4.70E-06,1.39E-05
278,278.5,1896,1898,1,3.69E-05,-9.37E-06,9.23E-06
278.5,279,1898,1901,1,6.63E-05,-7.55E-06,1.11E-05
279,279.5,1901,1904,1,7.72E-05,-5.74E-06,1.29E-05
279.5,280,1904,1906,1,5.71E-05,-4.32E-06,1.43E-05
280,280.5,1906,1909,1,9.51E-05,-2.75E-06,1.59E-05
280.5,281,1909,1911,1,5.77E-05,-4.18E-06,1.44E-05
281,281.5,1911,1914,1,6.76E-05,-7.33E-06,1.13E-05
281.5,282,1914,1917,1,6.30E-05,-8.10E-06,1.05E-05
282,282.5,1917,1920,1,7.27E-05,-6.49E-06,1.21E-05
282.5,283,1920,1922,1,5.11E-05,-5.83E-06,1.28E-05
283,283.5,1922,1925,1,7.20E-05,-6.60E-06,1.20E-05
283.5,284,1925,1928,1,7.55E-05,-6.02E-06,1.26E-05
284,284.5,1928,1931,1,8.11E-05,-5.08E-06,1.35E-05
284.5,285,1931,1934,1,7.80E-05,-5.60E-06,1.30E-05
285,285.5,1934,1936,1,4.92E-05,-6.29E-06,1.23E-05
285.5,286,1936,1939,1,6.94E-05,-7.03E-06,1.16E-05
286,286.5,1939,1942,1,8.79E-05,-3.95E-06,1.47E-05
286.5,287,1942,1945,1,8.30E-05,-4.76E-06,1.38E-05
287,287.5,1945,1948,1,7.67E-05,-5.82E-06,1.28E-05
287.5,288,1948,1951,1,9.02E-05,-3.56E-06,1.50E-05
288,288.5,1951,1954,1,1.02E-04,-1.52E-06,1.71E-05
288.5,289,1954,1957,1,7.87E-05,-5.48E-06,1.31E-05
289,289.5,1957,1960,1,7.72E-05,-5.74E-06,1.29E-05
289.5,290,1960,1963,1,7.34E-05,-6.37E-06,1.22E-05
290,290.5,1963,1967,1,8.17E-05,-8.39E-06,1.02E-05
290.5,291,1967,1970,1,6.55E-05,-7.68E-06,1.09E-05
291,291.5,1970,1973,1,6.82E-05,-7.23E-06,1.14E-05
291.5,292,1973,1976,1,7.50E-05,-6.10E-06,1.25E-05
292,292.5,1976,1980,1,9.21E-05,-7.09E-06,1.15E-05
292.5,293,1980,1983,1,4.92E-05,-1.04E-05,8.20E-06
293,293.5,1983,1986,1,8.23E-05,-4.89E-06,1.37E-05
293.5,294,1986,1990,1,1.31E-04,-2.28E-06,1.63E-05
294,294.5,1990,1993,1,9.79E-05,-2.28E-06,1.63E-05
294.5,295,1993,1997,1,1.35E-04,-1.76E-06,1.68E-05
295,295.5,1997,2000,1,9.62E-05,-2.56E-06,1.60E-05
295.5,296,2000,2003,1,8.47E-05,-4.49E-06,1.41E-05
296,296.5,2003,2007,1,1.56E-04,8.74E-07,1.95E-05
296.5,297,2007,2011,1,1.54E-04,6.93E-07,1.93E-05
297,297.5,2011,2014,1,1.16E-04,7.26E-07,1.93E-05
297.5,298,2014,2018,1,1.51E-04,2.13E-07,1.88E-05
298,298.5,2018,2021,1,1.31E-04,3.15E-06,2.18E-05
298.5,299,2021,2025,1,1.81E-04,3.98E-06,2.26E-05
299,299.5,2025,2029,1,1.54E-04,6.52E-07,1.93E-05
299.5,300,2029,2032,1,1.08E-04,-5.64E-07,1.80E-05
300,300.5,2032,2036,1,1.17E-04,-3.99E-06,1.46E-05
300.5,301,2036,2040,1,1.08E-04,-5.04E-06,1.36E-05
301,301.5,2040,2043,1,9.37E-05,-2.99E-06,1.56E-05
301.5,302,2043,2047,1,1.42E-04,-8.47E-07,1.78E-05
302,302.5,2047,2051,1,1.25E-04,-2.97E-06,1.56E-05
302.5,303,2051,2055,1,1.16E-04,-4.04E-06,1.46E-05
303,303.5,2055,2059,1,1.38E-04,-1.40E-06,1.72E-05
303.5,304,2059,2063,1,1.39E-04,-1.21E-06,1.74E-05
304,304.5,2063,2066,1,1.02E-04,-1.53E-06,1.71E-05
304.5,305,2066,2070,1,1.14E-04,-4.30E-06,1.43E-05
305,305.5,2070,2074,1,1.44E-04,-6.01E-07,1.80E-05
305.5,306,2074,2078,1,1.60E-04,1.42E-06,2.00E-05
306,306.5,2078,2082,1,1.74E-04,3.17E-06,2.18E-05
306.5,307,2082,2086,1,1.73E-04,3.07E-06,2.17E-05
307,307.5,2086,2090,1,2.03E-04,6.73E-06,2.53E-05
307.5,308,2090,2094,1,2.16E-04,8.42E-06,2.70E-05
308,308.5,2094,2098,1,2.27E-04,9.77E-06,2.84E-05
308.5,309,2098,2102,1,2.62E-04,1.41E-05,3.27E-05
309,309.5,2102,2106,1,4.32E-04,3.54E-05,5.40E-05
309.5,310,2106,2110,1,1.00E-03,1.07E-04,1.26E-04
310,310.5,2110,2114,1,7.79E-04,7.88E-05,9.74E-05
310.5,311,2114,2118,1,1.37E-03,1.53E-04,1.72E-04
311,311.5,2118,2122,1,1.76E-03,2.01E-04,2.20E-04
311.5,312,2122,2126,1,8.45E-04,8.70E-05,1.06E-04
312,312.5,2126,2130,1,1.61E-04,1.49E-06,2.01E-05
312.5,313,2130,2134,1,1.26E-04,-2.89E-06,1.57E-05
313,313.5,2134,2138,1,1.35E-04,-1.78E-06,1.68E-05
313.5,314,2138,2142,1,1.53E-04,5.55E-07,1.92E-05
314,314.5,2142,2146,1,1.29E-04,-2.48E-06,1.61E-05
314.5,315,2146,2151,1,1.31E-04,-5.53E-06,1.31E-05
315,315.5,2151,2155,1,9.22E-05,-7.07E-06,1.15E-05
315.5,316,2155,2159,1,1.21E-04,-3.42E-06,1.52E-05
316,316.5,2159,2163,1,9.30E-05,-6.97E-06,1.16E-05
316.5,317,2163,2167,1,7.95E-05,-8.66E-06,9.94E-06
317,317.5,2167,2171,1,5.84E-05,-1.13E-05,7.30E-06
317.5,318,2171,2175,1,6.00E-05,-1.11E-05,7.50E-06
318,318.5,2175,2179,1,5.12E-05,-1.22E-05,6.40E-06
318.5,319,2179,2183,1,8.46E-05,-8.03E-06,1.06E-05
319,319.5,2183,2187,1,1.02E-04,-5.84E-06,1.28E-05
319.5,320,2187,2192,1,1.35E-04,-5.10E-06,1.35E-05
320,320.5,2192,2196,1,1.05E-04,-5.50E-06,1.31E-05
320.5,321,2196,2200,1,1.03E-04,-5.75E-06,1.29E-05
321,321.5,2200,2204,1,1.08E-04,-5.09E-06,1.35E-05
321.5,322,2204,2208,1,1.03E-04,-5.74E-06,1.29E-05
322,322.5,2208,2212,1,1.01E-04,-5.98E-06,1.26E-05
322.5,323,2212,2216,1,1.04E-04,-5.65E-06,1.30E-05
323,323.5,2216,2220,1,8.62E-05,-7.82E-06,1.08E-05
323.5,324,2220,2224,1,1.02E-04,-5.86E-06,1.27E-05
324,324.5,2224,2228,1,1.18E-04,-3.86E-06,1.47E-05
324.5,325,2228,2233,1,1.42E-04,-4.38E-06,1.42E-05
325,325.5,2233,2237,1,6.48E-05,-1.05E-05,8.10E-06
325.5,326,2237,2241,1,1.11E-04,-4.72E-06,1.39E-05
326,326.5,2241,2245,1,1.09E-04,-4.95E-06,1.37E-05
326.5,327,2245,2249,1,1.51E-04,2.91E-07,1.89E-05
327,327.5,2249,2253,1,1.00E-04,-6.09E-06,1.25E-05
327.5,328,2253,2257,1,1.06E-04,-5.30E-06,1.33E-05
328,328.5,2257,2261,1,1.17E-04,-3.93E-06,1.47E-05
328.5,329,2261,2265,1,1.00E-04,-6.04E-06,1.26E-05
329,329.5,2265,2269,1,1.09E-04,-5.01E-06,1.36E-05
329.5,330,2269,2273,1,1.14E-04,-4.31E-06,1.43E-05
330,330.5,2273,2277,1,9.76E-05,-6.40E-06,1.22E-05
330.5,331,2277,2281,1,9.75E-05,-6.41E-06,1.22E-05
331,331.5,2281,2285,1,9.26E-05,-7.02E-06,1.16E-05
331.5,332,2285,2289,1,7.53E-05,-9.19E-06,9.41E-06
332,332.5,2289,2292,1,6.80E-05,-7.27E-06,1.13E-05
332.5,333,2292,2296,1,9.35E-05,-6.91E-06,1.17E-05
333,333.5,2296,2300,1,9.46E-05,-6.77E-06,1.18E-05
333.5,334,2300,2304,1,9.03E-05,-7.31E-06,1.13E-05
334,334.5,2304,2308,1,1.02E-04,-5.80E-06,1.28E-05
334.5,335,2308,2312,1,1.23E-04,-3.17E-06,1.54E-05
335,335.5,2312,2316,1,1.25E-04,-2.97E-06,1.56E-05
335.5,336,2316,2319,1,8.87E-05,-3.81E-06,1.48E-05
336,336.5,2319,2323,1,1.17E-04,-4.01E-06,1.46E-05
336.5,337,2323,2327,1,1.17E-04,-4.00E-06,1.46E-05
337,337.5,2327,2331,1,1.09E-04,-4.96E-06,1.36E-05
337.5,338,2331,2334,1,7.18E-05,-6.63E-06,1.20E-05
338,338.5,2334,2338,1,9.59E-05,-6.61E-06,1.20E-05
338.5,339,2338,2342,1,1.06E-04,-5.34E-06,1.33E-05
339,339.5,2342,2345,1,7.97E-05,-5.31E-06,1.33E-05
339.5,340,2345,2349,1,1.12E-04,-4.54E-06,1.41E-05
340,340.5,2349,2352,1,8.18E-05,-4.97E-06,1.36E-05
340.5,341,2352,2356,1,1.10E-04,-4.90E-06,1.37E-05
341,341.5,2356,2360,1,1.22E-04,-3.32E-06,1.53E-05
341.5,342,2360,2363,1,8.90E-05,-3.76E-06,1.48E-05
342,342.5,2363,2367,1,1.22E-04,-3.33E-06,1.53E-05
342.5,343,2367,2370,1,9.98E-05,-1.96E-06,1.66E-05
343,343.5,2370,2373,1,8.77E-05,-3.98E-06,1.46E-05
343.5,344,2373,2377,1,1.26E-04,-2.84E-06,1.58E-05
344,344.4,2377,2380,1,1.26E-04,-1.86E-06,1.67E-05
344.4,344.85,2380,2383,1,1.27E-04,4.41E-07,1.90E-05
344.85,345.3,2383,2386,1,1.26E-04,2.26E-07,1.88E-05
345.3,345.75,2386,2389,1,1.35E-04,1.72E-06,2.03E-05
345.75,346.2,2389,2392,1,1.34E-04,1.45E-06,2.01E-05
346.2,346.65,2392,2395,1,1.49E-04,3.68E-06,2.23E-05
346.65,347.1,2395,2397,1,1.03E-04,4.62E-06,2.32E-05
347.1,347.55,2397,2400,1,1.75E-04,7.69E-06,2.63E-05
347.55,348,2400,2403,1,1.91E-04,1.01E-05,2.87E-05
348,348.45,2403,2406,1,2.03E-04,1.18E-05,3.04E-05
348.45,348.9,2406,2409,1,2.18E-04,1.41E-05,3.27E-05
348.9,349.35,2409,2412,1,2.18E-04,1.41E-05,3.27E-05
349.35,349.8,2412,2415,1,2.46E-04,1.83E-05,3.69E-05
349.8,350.25,2415,2418,1,2.34E-04,1.65E-05,3.51E-05
350.25,350.7,2418,2420,1,1.03E-04,4.49E-06,2.31E-05
350.7,351.15,2420,2423,1,1.40E-04,2.33E-06,2.09E-05
351.15,351.6,2423,2426,1,1.23E-04,-1.84E-07,1.84E-05
351.6,352,2426,2428,1,8.20E-05,-2.20E-06,1.64E-05
352,352.5,2428,2431,1,9.69E-05,-2.45E-06,1.62E-05
352.5,353,2431,2434,1,8.50E-05,-4.44E-06,1.42E-05
353,353.5,2434,2437,1,8.23E-05,-4.88E-06,1.37E-05
353.5,354,2437,2440,1,9.59E-05,-2.62E-06,1.60E-05
354,354.5,2440,2443,1,9.95E-05,-2.01E-06,1.66E-05
354.5,355,2443,2446,1,9.48E-05,-2.80E-06,1.58E-05
355,355.5,2446,2449,1,9.95E-05,-2.01E-06,1.66E-05
355.5,356,2449,2452,1,9.19E-05,-3.28E-06,1.53E-05
356,356.5,2452,2455,1,9.57E-05,-2.65E-06,1.60E-05
356.5,357,2455,2458,1,1.15E-04,5.16E-07,1.91E-05
357,357.5,2458,2461,1,1.11E-04,-4.38E-08,1.86E-05
357.5,358,2461,2464,1,1.27E-04,2.64E-06,2.12E-05
358,358.5,2464,2466,1,8.92E-05,3.69E-06,2.23E-05
358.5,359,2466,2469,1,1.32E-04,3.47E-06,2.21E-05
359,359.5,2469,2472,1,1.37E-04,4.16E-06,2.28E-05
359.5,360,2472,2475,1,1.29E-04,2.88E-06,2.15E-05
360,360.5,2475,2477,1,8.79E-05,3.38E-06,2.20E-05
360.5,361,2477,2480,1,1.27E-04,2.61E-06,2.12E-05
361,361.5,2480,2483,1,1.30E-04,3.01E-06,2.16E-05
361.5,362,2483,2485,1,7.86E-05,1.05E-06,1.97E-05
362,362.5,2485,2488,1,1.32E-04,3.40E-06,2.20E-05
362.5,363,2488,2491,1,1.30E-04,3.10E-06,2.17E-05
363,363.5,2491,2493,1,9.24E-05,4.50E-06,2.31E-05
363.5,364,2493,2496,1,1.28E-04,2.66E-06,2.13E-05
364,364.5,2496,2499,1,1.25E-04,2.28E-06,2.09E-05
364.5,365,2499,2501,1,8.98E-05,3.85E-06,2.25E-05
365,365.5,2501,2504,1,1.27E-04,2.50E-06,2.11E-05
365.5,366,2504,2506,1,6.83E-05,-1.52E-06,1.71E-05
366,366.5,2506,2509,1,9.48E-05,-2.80E-06,1.58E-05
366.5,367,2509,2511,1,6.28E-05,-2.89E-06,1.57E-05
367,367.5,2511,2514,1,1.11E-04,-1.29E-07,1.85E-05
367.5,368,2514,2516,1,7.14E-05,-7.59E-07,1.78E-05
368,368.5,2516,2519,1,1.29E-04,2.92E-06,2.15E-05
368.5,369,2519,2521,1,9.32E-05,4.71E-06,2.33E-05
369,369.5,2521,2524,1,1.38E-04,4.33E-06,2.29E-05
369.5,370,2524,2526,1,9.08E-05,4.09E-06,2.27E-05
370,370.5,2526,2528,1,9.44E-05,5.00E-06,2.36E-05
370.5,371,2528,2531,1,1.38E-04,4.32E-06,2.29E-05
371,371.5,2531,2533,1,8.59E-05,2.88E-06,2.15E-05
371.5,372,2533,2536,1,1.42E-04,5.08E-06,2.37E-05
372,372.5,2536,2538,1,9.17E-05,4.32E-06,2.29E-05
372.5,373,2538,2540,1,8.74E-05,3.24E-06,2.18E-05
373,373.5,2540,2543,1,1.31E-04,3.25E-06,2.19E-05
373.5,374,2543,2545,1,8.99E-05,3.87E-06,2.25E-05
374,374.5,2545,2547,1,9.78E-05,5.85E-06,2.45E-05
374.5,375,2547,2550,1,1.52E-04,6.76E-06,2.54E-05
375,375.5,2550,2552,1,9.97E-05,6.32E-06,2.49E-05
375.5,376,2552,2554,1,1.02E-04,6.92E-06,2.55E-05
376,376.5,2554,2556,1,1.08E-04,8.41E-06,2.70E-05
376.5,377,2556,2559,1,1.56E-04,7.47E-06,2.61E-05
377,377.5,2559,2561,1,1.05E-04,7.56E-06,2.62E-05
377.5,378,2561,2563,1,9.78E-05,5.86E-06,2.45E-05
378,378.5,2563,2565,1,9.49E-05,5.12E-06,2.37E-05
378.5,379,2565,2567,1,1.00E-04,6.49E-06,2.51E-05
379,379.5,2567,2570,1,1.57E-04,7.51E-06,2.61E-05
379.5,380,2570,2572,1,1.14E-04,9.91E-06,2.85E-05
380,380.5,2572,2574,1,9.27E-05,4.57E-06,2.32E-05
380.5,381,2574,2576,1,7.04E-05,-1.01E-06,1.76E-05
381,381.5,2576,2578,1,6.03E-05,-3.53E-06,1.51E-05
381.5,382,2578,2580,1,5.69E-05,-4.37E-06,1.42E-05
382,382.5,2580,2582,1,6.28E-05,-2.91E-06,1.57E-05
382.5,383,2582,2584,1,6.62E-05,-2.04E-06,1.66E-05
383,383.5,2584,2587,1,9.55E-05,-2.69E-06,1.59E-05
383.5,384,2587,2589,1,7.43E-05,-1.99E-08,1.86E-05
384,384.5,2589,2591,1,6.98E-05,-1.15E-06,1.75E-05
384.5,385,2591,2593,1,7.43E-05,-3.43E-08,1.86E-05
385,385.5,2593,2595,1,7.15E-05,-7.24E-07,1.79E-05
385.5,386,2595,2597,1,7.23E-05,-5.31E-07,1.81E-05
386,386.5,2597,2599,1,7.50E-05,1.51E-07,1.88E-05
386.5,387,2599,2601,1,7.91E-05,1.17E-06,1.98E-05
387,387.5,2601,2603,1,7.91E-05,1.17E-06,1.98E-05
387.5,388,2603,2605,1,6.87E-05,-1.43E-06,1.72E-05
388,388.5,2605,2607,1,7.29E-05,-3.84E-07,1.82E-05
388.5,389,2607,2609,1,7.84E-05,1.01E-06,1.96E-05
389,389.5,2609,2611,1,8.84E-05,3.51E-06,2.21E-05
389.5,390,2611,2613,1,7.04E-05,-9.89E-07,1.76E-05
390,390.5,2613,2615,1,7.04E-05,-1.01E-06,1.76E-05
390.5,391,2615,2617,1,6.58E-05,-2.14E-06,1.65E-05
391,391.5,2617,2619,1,6.78E-05,-1.65E-06,1.70E-05
391.5,392,2619,2621,1,6.79E-05,-1.63E-06,1.70E-05
392,392.5,2621,2623,1,6.93E-05,-1.27E-06,1.73E-05
392.5,393,2623,2625,1,8.21E-05,1.93E-06,2.05E-05
393,393.5,2625,2627,1,8.76E-05,3.29E-06,2.19E-05
393.5,394,2627,2629,1,1.01E-04,6.65E-06,2.53E-05
394,394.5,2629,2631,1,9.60E-05,5.40E-06,2.40E-05
394.5,395,2631,2633,1,9.58E-05,5.34E-06,2.39E-05
395,395.5,2633,2635,1,8.66E-05,3.05E-06,2.17E-05
395.5,396,2635,2636,1,4.74E-05,5.09E-06,2.37E-05
396,396.5,2636,2638,1,9.52E-05,5.20E-06,2.38E-05
396.5,397,2638,2640,1,1.16E-04,1.05E-05,2.91E-05
397,397.5,2640,2642,1,1.26E-04,1.28E-05,3.14E-05
397.5,398,2642,2644,1,1.14E-04,9.82E-06,2.84E-05
398,398.5,2644,2646,1,1.12E-04,9.46E-06,2.81E-05
398.5,399,2646,2648,1,1.09E-04,8.63E-06,2.72E-05
399,399.5,2648,2650,1,1.14E-04,9.82E-06,2.84E-05
399.5,400,2650,2652,1,1.26E-04,1.28E-05,3.14E-05
400,400.5,2652,2654,1,1.14E-04,9.86E-06,2.85E-05
400.5,401,2654,2656,1,1.36E-04,1.54E-05,3.40E-05
401,401.5,2656,2658,1,1.60E-04,2.15E-05,4.01E-05
401.5,402,2658,2660,1,2.40E-04,4.15E-05,6.01E-05
402,402.5,2660,2662,1,1.02E-04,6.91E-06,2.55E-05
402.5,403,2662,2663,1,5.17E-05,7.26E-06,2.59E-05
403,403.5,2663,2665,1,9.74E-05,5.76E-06,2.44E-05
403.5,404,2665,2667,1,8.12E-05,1.69E-06,2.03E-05
404,404.5,2667,2669,1,9.72E-05,5.69E-06,2.43E-05
404.5,405,2669,2671,1,9.65E-05,5.52E-06,2.41E-05
405,405.5,2671,2673,1,6.55E-05,-2.23E-06,1.64E-05
405.5,406,2673,2675,1,6.30E-05,-2.84E-06,1.58E-05
406,406.5,2675,2677,1,7.08E-05,-9.11E-07,1.77E-05
406.5,407,2677,2679,1,6.79E-05,-1.63E-06,1.70E-05
407,407.5,2679,2681,1,6.16E-05,-3.20E-06,1.54E-05
407.5,408,2681,2683,1,6.11E-05,-3.33E-06,1.53E-05
408,408.5,2683,2685,1,7.01E-05,-1.08E-06,1.75E-05
408.5,409,2685,2687,1,6.77E-05,-1.67E-06,1.69E-05
409,409.5,2687,2689,1,7.22E-05,-5.58E-07,1.80E-05
409.5,410,2689,2691,1,8.98E-05,3.85E-06,2.25E-05
410,410.5,2691,2693,1,1.04E-04,7.42E-06,2.60E-05
410.5,411,2693,2695,1,9.58E-05,5.35E-06,2.40E-05
411,411.5,2695,2697,1,9.23E-05,4.47E-06,2.31E-05
411.5,412,2697,2699,1,8.09E-05,1.63E-06,2.02E-05
412,412.5,2699,2701,1,8.26E-05,2.04E-06,2.06E-05
412.5,413,2701,2703,1,7.01E-05,-1.08E-06,1.75E-05
413,413.5,2703,2705,1,6.92E-05,-1.29E-06,1.73E-05
413.5,414,2705,2707,1,8.30E-05,2.16E-06,2.08E-05
414,414.5,2707,2709,1,8.50E-05,2.66E-06,2.13E-05
414.5,415,2709,2711,1,9.93E-05,6.23E-06,2.48E-05
415,415.5,2711,2713,1,9.88E-05,6.10E-06,2.47E-05
415.5,416,2713,2715,1,7.60E-05,3.88E-07,1.90E-05
416,416.5,2715,2717,1,9.65E-05,5.52E-06,2.41E-05
416.5,417,2717,2719,1,9.24E-05,4.51E-06,2.31E-05
417,417.5,2719,2721,1,1.00E-04,6.49E-06,2.51E-05
417.5,418,2721,2723,1,1.02E-04,6.88E-06,2.55E-05
418,418.5,2723,2725,1,9.83E-05,5.97E-06,2.46E-05
418.5,419,2725,2727,1,1.09E-04,8.58E-06,2.72E-05
419,419.5,2727,2729,1,1.08E-04,8.28E-06,2.69E-05
419.5,420,2729,2731,1,1.00E-04,6.51E-06,2.51E-05
420,420.5,2731,2733,1,9.99E-05,6.37E-06,2.50E-05
420.5,421,2733,2735,1,9.58E-05,5.35E-06,2.40E-05
421,421.5,2735,2738,1,1.19E-04,1.29E-06,1.99E-05
421.5,422,2738,2740,1,1.01E-04,6.62E-06,2.52E-05
422,422.5,2740,2742,1,1.28E-04,1.35E-05,3.21E-05
422.5,423,2742,2744,1,1.40E-04,1.63E-05,3.49E-05
423,423.5,2744,2746,1,1.35E-04,1.52E-05,3.38E-05
423.5,424,2746,2748,1,1.34E-04,1.49E-05,3.35E-05
424,424.5,2748,2751,1,2.77E-04,2.75E-05,4.61E-05
424.5,425,2751,2753,1,1.45E-04,1.76E-05,3.62E-05
425,425.5,2753,2755,1,1.13E-04,9.67E-06,2.83E-05
425.5,426,2755,2757,1,8.35E-05,2.28E-06,2.09E-05
426,426.5,2757,2760,1,1.24E-04,2.05E-06,2.07E-05
426.5,427,2760,2762,1,9.81E-05,5.93E-06,2.45E-05
427,427.5,2762,2764,1,7.22E-05,-5.56E-07,1.80E-05
427.5,428,2764,2766,1,7.19E-05,-6.35E-07,1.80E-05
428,428.5,2766,2769,1,1.19E-04,1.22E-06,1.98E-05
428.5,429,2769,2771,1,7.86E-05,1.05E-06,1.97E-05
429,429.5,2771,2774,1,1.25E-04,2.20E-06,2.08E-05
429.5,430,2774,2776,1,8.39E-05,2.37E-06,2.10E-05
430,430.5,2776,2778,1,9.38E-05,4.84E-06,2.34E-05
430.5,431,2778,2781,1,1.39E-04,4.49E-06,2.31E-05
431,431.5,2781,2783,1,1.02E-04,6.87E-06,2.55E-05
431.5,432,2783,2786,1,1.69E-04,9.51E-06,2.81E-05
432,432.5,2786,2788,1,1.11E-04,9.08E-06,2.77E-05
432.5,433,2788,2791,1,1.80E-04,1.14E-05,3.00E-05
433,433.5,2791,2793,1,8.44E-05,2.49E-06,2.11E-05
433.5,434,2793,2796,1,1.22E-04,1.80E-06,2.04E-05
434,434.5,2796,2798,1,8.08E-05,1.60E-06,2.02E-05
434.5,435,2798,2801,1,1.17E-04,8.54E-07,1.95E-05
435,435.5,2801,2803,1,8.21E-05,1.93E-06,2.05E-05
435.5,436,2803,2806,1,1.35E-04,3.94E-06,2.25E-05
436,436.5,2806,2809,1,1.40E-04,4.71E-06,2.33E-05
436.5,437,2809,2811,1,1.05E-04,7.53E-06,2.61E-05
437,437.5,2811,2814,1,1.49E-04,6.21E-06,2.48E-05
437.5,438,2814,2817,1,1.38E-04,4.47E-06,2.31E-05
438,438.5,2817,2819,1,8.89E-05,3.62E-06,2.22E-05
438.5,439,2819,2822,1,1.30E-04,2.99E-06,2.16E-05
439,439.5,2822,2825,1,1.31E-04,3.17E-06,2.18E-05
439.5,440,2825,2828,1,1.51E-04,6.54E-06,2.51E-05
440,440.5,2828,2831,1,1.51E-04,6.55E-06,2.52E-05
440.5,441,2831,2834,1,1.42E-04,5.09E-06,2.37E-05
441,441.5,2834,2836,1,9.13E-05,4.22E-06,2.28E-05
441.5,442,2836,2839,1,1.38E-04,4.43E-06,2.30E-05
442,442.5,2839,2842,1,1.43E-04,5.30E-06,2.39E-05
442.5,443,2842,2845,1,1.53E-04,6.90E-06,2.55E-05
443,443.5,2845,2848,1,1.56E-04,7.46E-06,2.61E-05
443.5,444.25,2848,2853,1,1.80E-04,8.35E-06,2.70E-05
444.25,445,2853,2858,1,1.69E-04,6.74E-06,2.53E-05
445,445.75,2858,2862,1,1.28E-04,5.34E-06,2.39E-05
445.75,446.5,2862,2867,1,1.62E-04,5.77E-06,2.44E-05
446.5,447.25,2867,2872,1,1.77E-04,7.90E-06,2.65E-05
447.25,448,2872,2877,1,1.86E-04,9.28E-06,2.79E-05
448,448.75,2877,2882,1,2.28E-04,1.56E-05,3.42E-05
448.75,449.5,2882,2887,1,2.02E-04,1.17E-05,3.03E-05
449.5,450,2887,2890,1,1.70E-04,9.78E-06,2.84E-05
450,450.5,2890,2894,1,2.26E-04,9.59E-06,2.82E-05
450.5,451,2894,2897,1,1.77E-04,1.09E-05,2.95E-05
451,451.5,2897,2901,1,2.37E-04,1.10E-05,2.96E-05
451.5,452,2901,2904,1,1.64E-04,8.66E-06,2.73E-05
452,452.5,2904,2908,1,2.39E-04,1.13E-05,2.99E-05
452.5,453,2908,2911,1,1.47E-04,5.94E-06,2.45E-05
453,453.5,2911,2915,1,2.10E-04,7.70E-06,2.63E-05
453.5,454,2915,2919,1,2.04E-04,6.92E-06,2.55E-05
454,454.5,2919,2923,1,2.00E-04,6.40E-06,2.50E-05
454.5,455,2923,2926,1,1.46E-04,5.69E-06,2.43E-05
455,455.5,2926,2930,1,1.88E-04,4.96E-06,2.36E-05
455.5,456,2930,2934,1,1.73E-04,3.03E-06,2.16E-05
456,456.5,2934,2938,1,1.80E-04,3.92E-06,2.25E-05
456.5,457,2938,2942,1,1.86E-04,4.59E-06,2.32E-05
457,457.5,2942,2946,1,2.05E-04,7.01E-06,2.56E-05
457.5,458,2946,2950,1,1.94E-04,5.63E-06,2.42E-05
458,458.5,2950,2954,1,1.94E-04,5.63E-06,2.42E-05
458.5,459,2954,2958,1,1.91E-04,5.26E-06,2.39E-05
459,459.5,2958,2962,1,1.94E-04,5.65E-06,2.43E-05
459.5,460,2962,2966,1,1.80E-04,3.95E-06,2.26E-05
460,460.5,2966,2970,1,1.83E-04,4.33E-06,2.29E-05
460.5,461,2970,2974,1,1.65E-04,1.97E-06,2.06E-05
461,461.5,2974,2978,1,1.68E-04,2.36E-06,2.10E-05
461.5,462,2978,2982,1,1.99E-04,6.26E-06,2.49E-05
462,462.5,2982,2986,1,1.94E-04,5.64E-06,2.42E-05
462.5,463,2986,2991,1,2.58E-04,7.22E-06,2.58E-05
463,463.5,2991,2995,1,1.94E-04,5.67E-06,2.43E-05
463.5,464,2995,2999,1,2.20E-04,8.93E-06,2.75E-05
464,464.5,2999,3004,1,2.65E-04,7.92E-06,2.65E-05
464.5,465,3004,3008,1,2.12E-04,7.96E-06,2.66E-05
465,465.5,3008,3012,1,2.20E-04,8.91E-06,2.75E-05
465.5,466,3012,3017,1,3.18E-04,1.32E-05,3.18E-05
466,466.5,3017,3021,1,2.44E-04,1.19E-05,3.05E-05
466.5,467,3021,3025,1,2.07E-04,7.32E-06,2.59E-05
467,467.5,3025,3030,1,2.49E-04,6.30E-06,2.49E-05
467.5,468,3030,3034,1,1.78E-04,3.64E-06,2.22E-05
468,468.5,3034,3039,1,2.26E-04,3.95E-06,2.26E-05
468.5,469,3039,3043,1,2.01E-04,6.51E-06,2.51E-05
469,469.5,3043,3048,1,2.43E-04,5.71E-06,2.43E-05
469.5,470,3048,3052,1,1.81E-04,4.03E-06,2.26E-05
470,470.5,3052,3057,1,2.32E-04,4.60E-06,2.32E-05
470.5,471,3057,3062,1,2.26E-04,3.98E-06,2.26E-05
471,471.5,3062,3066,1,1.88E-04,4.96E-06,2.36E-05
471.5,472,3066,3071,1,2.56E-04,6.95E-06,2.56E-05
472,472.5,3071,3075,1,1.99E-04,6.27E-06,2.49E-05
472.5,473,3075,3080,1,2.60E-04,7.39E-06,2.60E-05
473,473.5,3080,3085,1,2.39E-04,5.26E-06,2.39E-05
473.5,474,3085,3089,1,1.86E-04,4.59E-06,2.32E-05
474,474.5,3089,3094,1,2.40E-04,5.36E-06,2.40E-05
474.5,475,3094,3099,1,2.36E-04,5.00E-06,2.36E-05
475,475.5,3099,3104,1,2.13E-04,2.70E-06,2.13E-05
475.5,476,3104,3108,1,1.83E-04,4.29E-06,2.29E-05
476,476.5,3108,3113,1,2.25E-04,3.93E-06,2.25E-05
476.5,477,3113,3118,1,2.36E-04,5.01E-06,2.36E-05
477,477.5,3118,3123,1,2.42E-04,5.62E-06,2.42E-05
477.5,478,3123,3127,1,1.78E-04,3.63E-06,2.22E-05
478,478.5,3127,3132,1,2.52E-04,6.63E-06,2.52E-05
478.5,479,3132,3137,1,2.56E-04,6.97E-06,2.56E-05
479,479.5,3137,3142,1,2.40E-04,5.35E-06,2.40E-05
479.5,480,3142,3147,1,2.59E-04,7.26E-06,2.59E-05
480,480.5,3147,3151,1,2.04E-04,6.88E-06,2.55E-05
480.5,481,3151,3156,1,2.52E-04,6.59E-06,2.52E-05
481,481.5,3156,3161,1,2.44E-04,5.82E-06,2.44E-05
481.5,482,3161,3166,1,2.28E-04,4.21E-06,2.28E-05
482,482.5,3166,3171,1,2.59E-04,7.31E-06,2.59E-05
482.5,483,3171,3176,1,2.59E-04,7.30E-06,2.59E-05
483,483.5,3176,3181,1,2.19E-04,3.32E-06,2.19E-05
483.5,484,3181,3186,1,2.68E-04,8.24E-06,2.68E-05
484,484.5,3186,3190,1,2.50E-04,1.26E-05,3.12E-05
484.5,485,3190,3195,1,2.85E-04,9.93E-06,2.85E-05
485,485.5,3195,3200,1,2.75E-04,8.90E-06,2.75E-05
485.5,486,3200,3205,1,2.75E-04,8.92E-06,2.75E-05
486,486.5,3205,3210,1,2.78E-04,9.23E-06,2.78E-05
486.5,487,3210,3215,1,2.56E-04,7.04E-06,2.56E-05
487,487.5,3215,3220,1,2.39E-04,5.32E-06,2.39E-05
487.5,488,3220,3225,1,2.66E-04,7.95E-06,2.66E-05
488,488.5,3225,3230,1,2.85E-04,9.92E-06,2.85E-05
488.5,489,3230,3234,1,2.19E-04,8.75E-06,2.74E-05
489,489.5,3234,3239,1,3.21E-04,1.35E-05,3.21E-05
489.5,490,3239,3244,1,2.31E-04,4.50E-06,2.31E-05
490,490.5,3244,3249,1,2.89E-04,1.03E-05,2.89E-05
490.5,491,3249,3254,1,4.38E-04,2.52E-05,4.38E-05
491,491.5,3254,3259,1,5.27E-04,3.41E-05,5.27E-05
491.5,492,3259,3264,1,2.16E-04,2.99E-06,2.16E-05
492,492.5,3264,3269,1,2.39E-04,5.26E-06,2.39E-05
492.5,493,3269,3274,1,2.33E-04,4.68E-06,2.33E-05
493,493.5,3274,3279,1,2.52E-04,6.61E-06,2.52E-05
493.5,494,3279,3283,1,2.18E-04,8.70E-06,2.73E-05
494,494.5,3283,3288,1,3.01E-04,1.15E-05,3.01E-05
494.5,495,3288,3293,1,3.25E-04,1.39E-05,3.25E-05
495,495.5,3293,3298,1,3.58E-04,1.72E-05,3.58E-05
495.5,496,3298,3303,1,2.37E-04,5.10E-06,2.37E-05
496,496.5,3303,3308,1,2.36E-04,4.97E-06,2.36E-05
496.5,497,3308,3313,1,2.32E-04,4.60E-06,2.32E-05
497,497.5,3313,3318,1,2.46E-04,5.98E-06,2.46E-05
497.5,498,3318,3323,1,2.36E-04,4.99E-06,2.36E-05
498,498.5,3323,3328,1,2.33E-04,4.65E-06,2.33E-05
498.5,499,3328,3333,1,2.26E-04,3.96E-06,2.26E-05
499,499.5,3333,3338,1,2.02E-04,1.64E-06,2.02E-05
499.5,500,3338,3343,1,2.25E-04,3.94E-06,2.25E-05
500,500.5,3343,3348,1,2.32E-04,4.64E-06,2.32E-05
500.5,501,3348,3353,1,2.53E-04,6.68E-06,2.53E-05
501,501.5,3353,3358,1,1.96E-04,9.73E-07,1.96E-05
501.5,502,3358,3363,1,2.16E-04,2.97E-06,2.16E-05
502,502.5,3363,3368,1,2.28E-04,4.23E-06,2.28E-05
502.5,503,3368,3373,1,2.16E-04,3.00E-06,2.16E-05
503,503.5,3373,3377,1,1.96E-04,5.93E-06,2.45E-05
503.5,504,3377,3383,1,2.86E-04,5.27E-06,2.39E-05
504,504.5,3383,3388,1,2.59E-04,7.26E-06,2.59E-05
504.5,505,3388,3393,1,2.19E-04,3.33E-06,2.19E-05
505,505.5,3393,3398,1,2.23E-04,3.69E-06,2.23E-05
505.5,506,3398,3403,1,1.56E-04,-2.98E-06,1.56E-05
506,506.5,3403,3408,1,2.00E-04,1.39E-06,2.00E-05
506.5,507,3408,3413,1,2.06E-04,1.95E-06,2.06E-05
507,507.5,3413,3418,1,1.83E-04,-2.81E-07,1.83E-05
507.5,508,3418,3423,1,2.19E-04,3.31E-06,2.19E-05
508,508.5,3423,3428,1,2.20E-04,3.39E-06,2.20E-05
508.5,509,3428,3433,1,2.03E-04,1.72E-06,2.03E-05
509,509.5,3433,3438,1,2.10E-04,2.36E-06,2.10E-05
509.5,510,3438,3443,1,2.10E-04,2.40E-06,2.10E-05
510,510.5,3443,3448,1,2.24E-04,3.78E-06,2.24E-05
510.5,511,3448,3453,1,2.26E-04,3.98E-06,2.26E-05
511,511.5,3453,3459,1,2.43E-04,1.68E-06,2.03E-05
511.5,512,3459,3464,1,2.37E-04,5.11E-06,2.37E-05
512,512.5,3464,3469,1,2.45E-04,5.94E-06,2.45E-05
512.5,513,3469,3474,1,2.26E-04,4.00E-06,2.26E-05
513,513.5,3474,3479,1,2.48E-04,6.23E-06,2.48E-05
513.5,514,3479,3484,1,2.46E-04,5.97E-06,2.46E-05
514,514.5,3484,3490,1,2.96E-04,6.05E-06,2.47E-05
514.5,515,3490,3495,1,2.39E-04,5.27E-06,2.39E-05
515,515.5,3495,3500,1,2.45E-04,5.94E-06,2.45E-05
515.5,516,3500,3505,1,2.30E-04,4.39E-06,2.30E-05
516,516.5,3505,3510,1,2.29E-04,4.30E-06,2.29E-05
516.5,517,3510,3516,1,2.91E-04,5.67E-06,2.43E-05
517,517.5,3516,3521,1,2.36E-04,5.04E-06,2.36E-05
517.5,518,3521,3526,1,2.20E-04,3.35E-06,2.20E-05
518,518.5,3526,3532,1,2.75E-04,4.33E-06,2.29E-05
518.5,519,3532,3537,1,2.59E-04,7.27E-06,2.59E-05
519,519.5,3537,3542,1,2.82E-04,9.59E-06,2.82E-05
519.5,520,3542,3548,1,3.10E-04,7.23E-06,2.58E-05
520,520.5,3548,3553,1,1.99E-04,1.31E-06,1.99E-05
520.5,521,3553,3558,1,2.36E-04,4.97E-06,2.36E-05
521,521.5,3558,3564,1,2.79E-04,4.61E-06,2.32E-05
521.5,522,3564,3569,1,2.35E-04,4.94E-06,2.35E-05
522,522.5,3569,3575,1,3.34E-04,9.26E-06,2.79E-05
522.5,523,3575,3580,1,2.43E-04,5.65E-06,2.43E-05
523,523.5,3580,3586,1,2.51E-04,2.33E-06,2.09E-05
523.5,524,3586,3591,1,2.55E-04,6.93E-06,2.55E-05
524,524.5,3591,3596,1,2.79E-04,9.26E-06,2.79E-05
524.5,525,3596,3602,1,3.23E-04,8.30E-06,2.69E-05
525,525.5,3602,3608,1,3.14E-04,7.58E-06,2.62E-05
525.5,526,3608,3613,1,2.65E-04,7.92E-06,2.65E-05
526,526.5,3613,3619,1,3.30E-04,8.90E-06,2.75E-05
526.5,527,3619,3624,1,3.16E-04,1.30E-05,3.16E-05
527,527.5,3624,3630,1,3.34E-04,9.26E-06,2.79E-05
527.5,528,3630,3635,1,2.79E-04,9.25E-06,2.79E-05
528,528.5,3635,3641,1,2.99E-04,6.31E-06,2.49E-05
528.5,529,3641,3647,1,3.07E-04,6.98E-06,2.56E-05
529,529.5,3647,3652,1,2.59E-04,7.30E-06,2.59E-05
529.5,530,3652,3658,1,3.43E-04,1.00E-05,2.86E-05
530,530.5,3658,3664,1,4.18E-04,1.62E-05,3.48E-05
530.5,531,3664,3669,1,4.14E-04,2.28E-05,4.14E-05
531,531.5,3669,3675,1,4.21E-04,1.65E-05,3.51E-05
531.5,532,3675,3681,1,3.50E-04,1.06E-05,2.92E-05
532,532.5,3681,3687,1,4.54E-04,1.92E-05,3.78E-05
532.5,533,3687,3693,1,4.90E-04,2.22E-05,4.08E-05
533,533.5,3693,3698,1,4.94E-04,3.08E-05,4.94E-05
533.5,534,3698,3704,1,1.34E-03,9.28E-05,1.11E-04
534,534.5,3704,3710,1,2.34E-03,1.76E-04,1.95E-04
534.5,535,3710,3716,1,2.06E-03,1.53E-04,1.72E-04
535,535.5,3716,3722,1,9.11E-04,5.73E-05,7.59E-05
535.5,536,3722,3728,1,3.46E-04,1.02E-05,2.88E-05
536,536.5,3728,3734,1,2.80E-04,4.70E-06,2.33E-05
536.5,537,3734,3740,1,2.98E-04,6.22E-06,2.48E-05
537,537.5,3740,3746,1,2.51E-04,2.30E-06,2.09E-05
537.5,538,3746,3751,1,2.49E-04,6.32E-06,2.49E-05
538,538.5,3751,3757,1,2.86E-04,5.27E-06,2.39E-05
538.5,539,3757,3763,1,2.91E-04,5.69E-06,2.43E-05
539,539.5,3763,3769,1,3.27E-04,8.63E-06,2.72E-05
539.5,540,3769,3775,1,3.46E-04,1.02E-05,2.88E-05
540,540.5,3775,3781,1,3.59E-04,1.13E-05,2.99E-05
540.5,541,3781,3787,1,6.58E-04,3.62E-05,5.48E-05
541,541.5,3787,3793,1,1.07E-03,7.06E-05,8.92E-05
541.5,542,3793,3800,1,7.18E-04,3.27E-05,5.13E-05
542,542.5,3800,3806,1,3.54E-04,1.09E-05,2.95E-05
542.5,542.9,3806,3810,1,2.62E-04,7.62E-06,2.62E-05
542.9,543.5,3810,3818,1,4.61E-04,1.60E-05,3.46E-05
543.5,544.1,3818,3825,1,4.18E-04,1.72E-05,3.58E-05
544.1,544.7,3825,3832,1,4.23E-04,1.77E-05,3.63E-05
544.7,545.3,3832,3840,1,4.48E-04,1.50E-05,3.36E-05
545.3,545.9,3840,3847,1,3.86E-04,1.45E-05,3.31E-05
545.9,546.5,3847,3854,1,4.18E-04,1.72E-05,3.58E-05
546.5,547,3854,3860,1,4.21E-04,1.65E-05,3.51E-05
547,547.5,3860,3866,1,3.54E-04,1.09E-05,2.95E-05
547.5,548,3866,3872,1,2.89E-04,5.47E-06,2.41E-05
548,548.5,3872,3879,1,3.78E-04,8.38E-06,2.70E-05
548.5,549,3879,3885,1,2.90E-04,5.55E-06,2.42E-05
549,549.5,3885,3891,1,3.25E-04,8.50E-06,2.71E-05
549.5,550,3891,3897,1,3.08E-04,7.10E-06,2.57E-05
550,550.5,3897,3903,1,2.86E-04,5.26E-06,2.39E-05
550.5,551,3903,3909,1,2.53E-04,2.45E-06,2.11E-05
551,551.5,3909,3915,1,3.08E-04,7.03E-06,2.56E-05
551.5,552,3915,3921,1,2.95E-04,5.96E-06,2.46E-05
552,552.5,3921,3927,1,2.95E-04,5.99E-06,2.46E-05
552.5,553,3927,3933,1,3.73E-04,1.25E-05,3.11E-05
553,553.5,3933,3940,1,3.28E-04,4.82E-06,2.34E-05
553.5,554,3940,3946,1,2.95E-04,6.00E-06,2.46E-05
554,554.5,3946,3952,1,2.68E-04,3.74E-06,2.23E-05
554.5,555,3952,3958,1,2.27E-04,2.85E-07,1.89E-05
555,555.5,3958,3964,1,2.64E-04,3.39E-06,2.20E-05
555.5,556,3964,3970,1,3.07E-04,7.02E-06,2.56E-05
556,556.5,3970,3976,1,3.41E-04,9.79E-06,2.84E-05
556.5,557,3976,3982,1,3.27E-04,8.67E-06,2.73E-05
557,557.5,3982,3988,1,3.29E-04,8.80E-06,2.74E-05
557.5,558,3988,3994,1,3.04E-04,6.75E-06,2.54E-05
558,558.5,3994,4000,1,3.27E-04,8.69E-06,2.73E-05
558.5,559,4000,4006,1,3.33E-04,9.13E-06,2.77E-05
559,559.5,4006,4012,1,3.41E-04,9.84E-06,2.84E-05
559.5,560,4012,4018,1,3.50E-04,1.06E-05,2.92E-05
560,560.5,4018,4024,1,3.46E-04,1.02E-05,2.88E-05
560.5,561,4024,4030,1,3.44E-04,1.01E-05,2.87E-05
561,561.5,4030,4036,1,3.56E-04,1.11E-05,2.97E-05
561.5,562,4036,4042,1,3.53E-04,1.08E-05,2.94E-05
562,562.5,4042,4048,1,3.61E-04,1.15E-05,3.01E-05
562.5,563,4048,4054,1,3.62E-04,1.16E-05,3.02E-05
563,563.5,4054,4060,1,4.44E-04,1.84E-05,3.70E-05
563.5,564,4060,4066,1,3.97E-04,1.45E-05,3.31E-05
564,564.5,4066,4072,1,3.90E-04,1.39E-05,3.25E-05
564.5,565,4072,4078,1,4.42E-04,1.82E-05,3.68E-05
565,565.5,4078,4084,1,3.94E-04,1.42E-05,3.28E-05
565.5,566,4084,4090,1,3.79E-04,1.30E-05,3.16E-05
566,566.5,4090,4096,1,4.19E-04,1.63E-05,3.49E-05
566.5,567,4096,4102,1,4.57E-04,1.95E-05,3.81E-05
567,567.5,4102,4107,1,5.13E-04,3.27E-05,5.13E-05
567.5,568,4107,4113,1,5.64E-04,2.84E-05,4.70E-05
568,568.5,4113,4119,1,3.35E-04,9.29E-06,2.79E-05
568.5,569,4119,4125,1,3.37E-04,9.51E-06,2.81E-05
569,569.5,4125,4131,1,3.39E-04,9.64E-06,2.82E-05
569.5,570,4131,4136,1,3.09E-04,1.23E-05,3.09E-05
570,570.5,4136,4142,1,4.26E-04,1.69E-05,3.55E-05
570.5,571,4142,4148,1,5.05E-04,2.35E-05,4.21E-05
571,571.5,4148,4153,1,5.01E-04,3.15E-05,5.01E-05
571.5,572,4153,4159,1,4.70E-04,2.06E-05,3.92E-05
572,572.5,4159,4165,1,3.90E-04,1.39E-05,3.25E-05
572.5,573,4165,4170,1,3.12E-04,1.26E-05,3.12E-05
573,573.5,4170,4176,1,4.02E-04,1.49E-05,3.35E-05
573.5,574,4176,4182,1,3.58E-04,1.12E-05,2.98E-05
574,574.5,4182,4187,1,2.92E-04,1.06E-05,2.92E-05
574.5,575,4187,4193,1,3.21E-04,8.17E-06,2.68E-05
575,575.5,4193,4198,1,2.38E-04,5.17E-06,2.38E-05
575.5,576,4198,4204,1,3.13E-04,7.47E-06,2.61E-05
576,576.5,4204,4209,1,2.70E-04,8.43E-06,2.70E-05
576.5,577,4209,4215,1,3.95E-04,1.43E-05,3.29E-05
577,577.5,4215,4220,1,3.17E-04,1.31E-05,3.17E-05
577.5,578,4220,4226,1,3.72E-04,1.24E-05,3.10E-05
578,578.5,4226,4231,1,3.56E-04,1.70E-05,3.56E-05
578.5,579,4231,4236,1,2.93E-04,1.07E-05,2.93E-05
579,579.5,4236,4242,1,3.25E-04,8.46E-06,2.71E-05
579.5,580,4242,4247,1,2.68E-04,8.16E-06,2.68E-05
580,580.5,4247,4253,1,3.32E-04,9.06E-06,2.77E-05
580.5,581,4253,4258,1,2.83E-04,9.69E-06,2.83E-05
581,581.5,4258,4263,1,2.90E-04,1.04E-05,2.90E-05
581.5,582,4263,4269,1,3.64E-04,1.17E-05,3.03E-05
582,582.5,4269,4274,1,3.02E-04,1.16E-05,3.02E-05
582.5,583,4274,4279,1,3.91E-04,2.05E-05,3.91E-05
583,583.5,4279,4285,1,3.91E-04,1.40E-05,3.26E-05
583.5,584,4285,4290,1,3.30E-04,1.44E-05,3.30E-05
584,584.5,4290,4295,1,3.29E-04,1.43E-05,3.29E-05
584.5,585,4295,4300,1,3.45E-04,1.59E-05,3.45E-05
585,585.5,4300,4306,1,4.86E-04,2.19E-05,4.05E-05
585.5,586,4306,4311,1,4.33E-04,2.47E-05,4.33E-05
586,586.5,4311,4316,1,2.80E-04,9.37E-06,2.80E-05
586.5,587,4316,4321,1,2.65E-04,7.85E-06,2.65E-05
587,587.5,4321,4326,1,2.77E-04,9.09E-06,2.77E-05
587.5,588,4326,4332,1,2.88E-04,5.42E-06,2.40E-05
588,588.5,4332,4337,1,2.72E-04,8.64E-06,2.72E-05
588.5,589,4337,4342,1,2.95E-04,1.09E-05,2.95E-05
589,589.5,4342,4347,1,3.25E-04,1.39E-05,3.25E-05
589.5,590,4347,4352,1,3.44E-04,1.58E-05,3.44E-05
590,590.5,4352,4357,1,2.92E-04,1.06E-05,2.92E-05
590.5,591,4357,4362,1,3.18E-04,1.32E-05,3.18E-05
591,591.5,4362,4368,1,4.43E-04,1.83E-05,3.69E-05
591.5,592,4368,4373,1,4.51E-04,2.65E-05,4.51E-05
592,592.5,4373,4378,1,3.16E-04,1.30E-05,3.16E-05
592.5,593,4378,4383,1,2.92E-04,1.06E-05,2.92E-05
593,593.5,4383,4388,1,3.12E-04,1.26E-05,3.12E-05
593.5,594,4388,4393,1,3.21E-04,1.35E-05,3.21E-05
594,594.5,4393,4398,1,3.21E-04,1.35E-05,3.21E-05
594.5,595,4398,4403,1,3.07E-04,1.21E-05,3.07E-05
595,595.5,4403,4408,1,3.05E-04,1.19E-05,3.05E-05
595.5,596,4408,4413,1,3.07E-04,1.21E-05,3.07E-05
596,596.5,4413,4418,1,2.59E-04,7.34E-06,2.59E-05
596.5,597,4418,4423,1,2.78E-04,9.15E-06,2.78E-05
597,597.5,4423,4428,1,2.79E-04,9.27E-06,2.79E-05
597.5,598,4428,4433,1,2.89E-04,1.03E-05,2.89E-05
598,598.5,4433,4438,1,3.00E-04,1.14E-05,3.00E-05
598.5,599,4438,4443,1,2.76E-04,9.04E-06,2.76E-05
599,599.5,4443,4448,1,2.66E-04,8.03E-06,2.66E-05
599.5,600,4448,4453,1,2.89E-04,1.03E-05,2.89E-05
600,600.5,4453,4458,1,2.83E-04,9.67E-06,2.83E-05
600.5,601,4458,4463,1,2.82E-04,9.62E-06,2.82E-05
601,601.5,4463,4468,1,2.91E-04,1.05E-05,2.91E-05
601.5,602,4468,4473,1,2.89E-04,1.03E-05,2.89E-05
602,602.5,4473,4478,1,2.85E-04,9.89E-06,2.85E-05
602.5,603,4478,4483,1,2.86E-04,1.00E-05,2.86E-05
603,603.5,4483,4488,1,3.02E-04,1.16E-05,3.02E-05
603.5,604,4488,4493,1,3.16E-04,1.30E-05,3.16E-05
604,604.5,4493,4498,1,3.26E-04,1.40E-05,3.26E-05
604.5,605,4498,4503,1,3.15E-04,1.29E-05,3.15E-05
605,605.5,4503,4508,1,3.19E-04,1.33E-05,3.19E-05
605.5,606,4508,4513,1,3.42E-04,1.56E-05,3.42E-05
606,606.5,4513,4518,1,3.31E-04,1.45E-05,3.31E-05
606.5,607,4518,4523,1,3.14E-04,1.28E-05,3.14E-05
607,607.5,4523,4528,1,3.33E-04,1.47E-05,3.33E-05
607.5,608,4528,4533,1,3.39E-04,1.53E-05,3.39E-05
608,608.5,4533,4537,1,2.86E-04,1.72E-05,3.58E-05
608.5,609,4537,4542,1,3.31E-04,1.45E-05,3.31E-05
609,609.5,4542,4547,1,3.49E-04,1.63E-05,3.49E-05
609.5,610,4547,4552,1,3.55E-04,1.69E-05,3.55E-05
610,610.5,4552,4557,1,5.20E-04,3.34E-05,5.20E-05
610.5,611,4557,4562,1,4.75E-04,2.89E-05,4.75E-05
611,611.5,4562,4567,1,3.17E-04,1.31E-05,3.17E-05
611.5,612,4567,4572,1,3.19E-04,1.33E-05,3.19E-05
612,612.5,4572,4577,1,3.34E-04,1.48E-05,3.34E-05
612.5,613,4577,4582,1,3.15E-04,1.29E-05,3.15E-05
613,613.5,4582,4587,1,3.02E-04,1.16E-05,3.02E-05
613.5,614,4587,4592,1,2.89E-04,1.03E-05,2.89E-05
614,614.5,4592,4597,1,2.79E-04,9.28E-06,2.79E-05
614.5,615,4597,4602,1,2.81E-04,9.45E-06,2.81E-05
615,615.5,4602,4607,1,3.32E-04,1.46E-05,3.32E-05
615.5,616,4607,4612,1,3.81E-04,1.95E-05,3.81E-05
616,616.5,4612,4617,1,3.12E-04,1.26E-05,3.12E-05
616.5,617,4617,4622,1,3.08E-04,1.22E-05,3.08E-05
617,617.5,4622,4627,1,3.45E-04,1.59E-05,3.45E-05
617.5,618,4627,4632,1,3.75E-04,1.89E-05,3.75E-05
618,618.5,4632,4637,1,5.04E-04,3.18E-05,5.04E-05
618.5,619,4637,4642,1,7.05E-04,5.19E-05,7.05E-05
619,619.5,4642,4647,1,6.35E-04,4.49E-05,6.35E-05
619.5,620,4647,4652,1,4.11E-04,2.25E-05,4.11E-05
620,620.5,4652,4657,1,3.11E-04,1.25E-05,3.11E-05
620.5,621,4657,4662,1,2.81E-04,9.50E-06,2.81E-05
621,621.5,4662,4667,1,2.99E-04,1.13E-05,2.99E-05
621.5,622,4667,4672,1,2.86E-04,9.99E-06,2.86E-05
622,622.5,4672,4678,1,3.59E-04,1.13E-05,2.99E-05
622.5,623,4678,4683,1,3.18E-04,1.32E-05,3.18E-05
623,623.5,4683,4688,1,3.12E-04,1.26E-05,3.12E-05
623.5,624,4688,4693,1,2.96E-04,1.10E-05,2.96E-05
624,624.5,4693,4698,1,3.02E-04,1.16E-05,3.02E-05
624.5,625,4698,4703,1,3.45E-04,1.59E-05,3.45E-05
625,625.5,4703,4708,1,3.03E-04,1.17E-05,3.03E-05
625.5,626,4708,4714,1,4.36E-04,1.77E-05,3.63E-05
626,626.5,4714,4719,1,2.76E-04,9.01E-06,2.76E-05
626.5,627,4719,4724,1,2.69E-04,8.33E-06,2.69E-05
627,627.5,4724,4729,1,2.77E-04,9.06E-06,2.77E-05
627.5,628,4729,4735,1,3.62E-04,1.16E-05,3.02E-05
628,628.5,4735,4740,1,3.26E-04,1.40E-05,3.26E-05
628.5,629,4740,4745,1,3.43E-04,1.57E-05,3.43E-05
629,629.5,4745,4751,1,4.45E-04,1.85E-05,3.71E-05
629.5,630,4751,4756,1,3.85E-04,1.99E-05,3.85E-05
630,630.5,4756,4761,1,3.84E-04,1.98E-05,3.84E-05
630.5,631,4761,4767,1,4.38E-04,1.79E-05,3.65E-05
631,631.5,4767,4772,1,3.48E-04,1.62E-05,3.48E-05
631.5,632,4772,4777,1,3.67E-04,1.81E-05,3.67E-05
632,632.5,4777,4783,1,4.34E-04,1.76E-05,3.62E-05
632.5,633,4783,4788,1,3.56E-04,1.70E-05,3.56E-05
633,633.5,4788,4794,1,4.14E-04,1.59E-05,3.45E-05
633.5,634,4794,4799,1,3.85E-04,1.99E-05,3.85E-05
634,634.5,4799,4805,1,4.42E-04,1.82E-05,3.68E-05
634.5,635,4805,4810,1,3.98E-04,2.12E-05,3.98E-05
635,635.5,4810,4816,1,4.52E-04,1.91E-05,3.77E-05
635.5,636,4816,4821,1,3.97E-04,2.11E-05,3.97E-05
636,636.5,4821,4827,1,7.02E-04,3.99E-05,5.85E-05
636.5,637,4827,4832,1,5.10E-04,3.24E-05,5.10E-05
637,637.5,4832,4838,1,4.69E-04,2.05E-05,3.91E-05
637.5,638,4838,4844,1,4.82E-04,2.16E-05,4.02E-05
638,638.5,4844,4849,1,4.53E-04,2.67E-05,4.53E-05
638.5,639,4849,4855,1,4.10E-04,1.56E-05,3.42E-05
639,639.5,4855,4861,1,4.18E-04,1.62E-05,3.48E-05
639.5,640,4861,4867,1,4.20E-04,1.64E-05,3.50E-05
640,640.5,4867,4872,1,3.25E-04,1.39E-05,3.25E-05
640.5,641,4872,4878,1,3.47E-04,1.03E-05,2.89E-05
641,641.5,4878,4884,1,3.84E-04,1.34E-05,3.20E-05
641.5,642,4884,4890,1,4.21E-04,1.65E-05,3.51E-05
642,642.5,4890,4896,1,4.19E-04,1.63E-05,3.49E-05
642.5,643,4896,4902,1,4.12E-04,1.57E-05,3.43E-05
643,643.5,4902,4908,1,4.12E-04,1.57E-05,3.43E-05
643.5,644,4908,4914,1,4.36E-04,1.77E-05,3.63E-05
644,644.5,4914,4920,1,4.67E-04,2.03E-05,3.89E-05
644.5,645,4920,4926,1,5.02E-04,2.32E-05,4.18E-05
645,645.5,4926,4932,1,5.24E-04,2.51E-05,4.37E-05
645.5,646,4932,4938,1,5.20E-04,2.47E-05,4.33E-05
646,646.5,4938,4944,1,6.88E-04,3.87E-05,5.73E-05
646.5,647,4944,4950,1,1.47E-03,1.04E-04,1.23E-04
647,647.5,4950,4956,1,1.48E-03,1.05E-04,1.24E-04
647.5,648,4956,4962,1,6.16E-04,3.27E-05,5.13E-05
648,648.5,4962,4968,1,3.97E-04,1.45E-05,3.31E-05
648.5,649,4968,4974,1,4.45E-04,1.85E-05,3.71E-05
649,649.5,4974,4981,1,4.80E-04,1.57E-05,3.43E-05
649.5,650,4981,4987,1,3.77E-04,1.28E-05,3.14E-05
650,650.5,4987,4993,1,3.79E-04,1.30E-05,3.16E-05
650.5,651,4993,4999,1,3.42E-04,9.94E-06,2.85E-05
651,651.5,4999,5005,1,3.65E-04,1.18E-05,3.04E-05
651.5,652,5005,5012,1,4.70E-04,1.50E-05,3.36E-05
652,652.5,5012,5018,1,4.03E-04,1.50E-05,3.36E-05
652.5,653,5018,5024,1,4.08E-04,1.54E-05,3.40E-05
653,653.5,5024,5031,1,5.17E-04,1.83E-05,3.69E-05
653.5,654,5031,5037,1,4.48E-04,1.87E-05,3.73E-05
654,654.5,5037,5043,1,4.24E-04,1.67E-05,3.53E-05
654.5,655,5043,5050,1,5.35E-04,1.96E-05,3.82E-05
655,655.5,5050,5056,1,4.14E-04,1.59E-05,3.45E-05
655.5,656,5056,5063,1,4.91E-04,1.65E-05,3.51E-05
656,656.5,5063,5069,1,4.43E-04,1.83E-05,3.69E-05
656.5,657,5069,5075,1,4.42E-04,1.82E-05,3.68E-05
657,657.5,5075,5082,1,5.26E-04,1.90E-05,3.76E-05
657.5,658,5082,5088,1,4.85E-04,2.18E-05,4.04E-05
658,658.5,5088,5095,1,5.63E-04,2.16E-05,4.02E-05
658.5,659,5095,5101,1,4.66E-04,2.02E-05,3.88E-05
659,659.5,5101,5108,1,5.50E-04,2.07E-05,3.93E-05
659.5,660,5108,5114,1,4.90E-04,2.22E-05,4.08E-05
660,660.5,5114,5121,1,5.84E-04,2.31E-05,4.17E-05
660.5,661,5121,5127,1,5.17E-04,2.45E-05,4.31E-05
661,661.5,5127,5134,1,5.88E-04,2.34E-05,4.20E-05
661.5,662,5134,5141,1,5.96E-04,2.40E-05,4.26E-05
662,662.5,5141,5147,1,5.02E-04,2.32E-05,4.18E-05
662.5,663,5147,5154,1,6.33E-04,2.66E-05,4.52E-05
663,663.5,5154,5160,1,6.38E-04,3.46E-05,5.32E-05
663.5,664,5160,5167,1,5.78E-04,2.27E-05,4.13E-05
664,664.5,5167,5174,1,6.22E-04,2.58E-05,4.44E-05
664.5,665,5174,5180,1,5.82E-04,2.99E-05,4.85E-05
665,665.5,5180,5187,1,6.22E-04,2.58E-05,4.44E-05
665.5,666,5187,5193,1,5.26E-04,2.52E-05,4.38E-05
666,666.5,5193,5200,1,6.17E-04,2.55E-05,4.41E-05
666.5,667,5200,5207,1,6.51E-04,2.79E-05,4.65E-05
667,667.5,5207,5214,1,7.08E-04,3.20E-05,5.06E-05
667.5,668,5214,5220,1,5.93E-04,3.08E-05,4.94E-05
668,668.5,5220,5227,1,8.83E-04,4.45E-05,6.31E-05
668.5,669,5227,5234,1,7.91E-04,3.79E-05,5.65E-05
669,669.5,5234,5240,1,5.59E-04,2.80E-05,4.66E-05
669.5,670,5240,5247,1,6.71E-04,2.93E-05,4.79E-05
670,670.5,5247,5254,1,6.71E-04,2.93E-05,4.79E-05
670.5,671,5254,5260,1,5.82E-04,2.99E-05,4.85E-05
671,671.5,5260,5267,1,6.44E-04,2.74E-05,4.60E-05
671.5,672,5267,5274,1,5.88E-04,2.34E-05,4.20E-05
672,672.5,5274,5281,1,6.31E-04,2.65E-05,4.51E-05
672.5,673,5281,5287,1,5.51E-04,2.73E-05,4.59E-05
673,673.5,5287,5294,1,6.68E-04,2.91E-05,4.77E-05
673.5,674,5294,5301,1,6.40E-04,2.71E-05,4.57E-05
674,674.5,5301,5308,1,6.38E-04,2.70E-05,4.56E-05
674.5,675,5308,5314,1,5.41E-04,2.65E-05,4.51E-05
675,675.5,5314,5321,1,6.22E-04,2.58E-05,4.44E-05
675.5,676,5321,5328,1,6.15E-04,2.53E-05,4.39E-05
676,676.5,5328,5335,1,5.94E-04,2.38E-05,4.24E-05
676.5,677,5335,5341,1,5.14E-04,2.42E-05,4.28E-05
677,677.5,5341,5348,1,6.17E-04,2.55E-05,4.41E-05
677.5,678,5348,5355,1,6.16E-04,2.54E-05,4.40E-05
678,678.5,5355,5362,1,5.84E-04,2.31E-05,4.17E-05
678.5,679,5362,5368,1,5.17E-04,2.45E-05,4.31E-05
679,679.5,5368,5375,1,6.16E-04,2.54E-05,4.40E-05
679.5,680,5375,5382,1,5.94E-04,2.38E-05,4.24E-05
680,680.5,5382,5389,1,6.06E-04,2.47E-05,4.33E-05
680.5,681,5389,5396,1,6.37E-04,2.69E-05,4.55E-05
681,681.5,5396,5402,1,5.56E-04,2.77E-05,4.63E-05
681.5,682,5402,5409,1,6.08E-04,2.48E-05,4.34E-05
682,682.5,5409,5416,1,6.22E-04,2.58E-05,4.44E-05
682.5,683,5416,5423,1,6.99E-04,3.13E-05,4.99E-05
683,683.5,5423,5429,1,5.62E-04,2.82E-05,4.68E-05
683.5,684,5429,5436,1,6.89E-04,3.06E-05,4.92E-05
684,684.5,5436,5443,1,6.54E-04,2.81E-05,4.67E-05
684.5,685,5443,5450,1,5.82E-04,2.30E-05,4.16E-05
685,685.5,5450,5456,1,3.41E-04,9.84E-06,2.84E-05
685.5,686,5456,5463,1,4.34E-04,1.24E-05,3.10E-05
686,686.5,5463,5470,1,3.90E-04,9.26E-06,2.79E-05
686.5,687,5470,5477,1,3.37E-04,5.46E-06,2.41E-05
687,687.5,5477,5483,1,3.04E-04,6.71E-06,2.53E-05
687.5,688,5483,5490,1,4.73E-04,1.52E-05,3.38E-05
688,688.5,5490,5497,1,5.57E-04,2.12E-05,3.98E-05
688.5,689,5497,5504,1,4.76E-04,1.54E-05,3.40E-05
689,689.5,5504,5510,1,3.66E-04,1.19E-05,3.05E-05
689.5,690,5510,5517,1,4.14E-04,1.10E-05,2.96E-05
690,690.5,5517,5524,1,4.14E-04,1.10E-05,2.96E-05
690.5,691,5524,5530,1,3.59E-04,1.13E-05,2.99E-05
691,691.5,5530,5537,1,4.55E-04,1.39E-05,3.25E-05
691.5,692,5537,5544,1,4.14E-04,1.10E-05,2.96E-05
692,692.5,5544,5551,1,4.49E-04,1.35E-05,3.21E-05
692.5,693,5551,5557,1,4.28E-04,1.71E-05,3.57E-05
693,693.5,5557,5564,1,4.37E-04,1.26E-05,3.12E-05
693.5,694,5564,5571,1,4.35E-04,1.25E-05,3.11E-05
694,694.5,5571,5577,1,4.08E-04,1.54E-05,3.40E-05
694.5,695,5577,5584,1,2.67E-04,4.73E-07,1.91E-05
695,695.5,5584,5591,1,2.56E-04,-2.85E-07,1.83E-05
695.5,696,5591,5597,1,2.51E-04,2.32E-06,2.09E-05
696,696.5,5597,5604,1,2.62E-04,1.17E-07,1.87E-05
696.5,697,5604,5610,1,2.40E-04,1.40E-06,2.00E-05
697,697.5,5610,5617,1,2.76E-04,1.12E-06,1.97E-05
697.5,698,5617,5624,1,3.03E-04,3.01E-06,2.16E-05
698,698.5,5624,5630,1,2.56E-04,2.75E-06,2.14E-05
698.5,699,5630,5637,1,3.24E-04,4.55E-06,2.32E-05
699,699.5,5637,5643,1,2.71E-04,4.00E-06,2.26E-05
699.5,700,5643,5650,1,3.17E-04,4.06E-06,2.27E-05
700,700.5,5650,5657,1,3.21E-04,4.34E-06,2.29E-05
700.5,701,5657,5663,1,2.86E-04,5.26E-06,2.39E-05
701,701.5,5663,5670,1,2.89E-04,2.07E-06,2.07E-05
701.5,702,5670,5676,1,2.16E-04,-6.35E-07,1.80E-05
702,702.5,5676,5683,1,3.36E-04,5.37E-06,2.40E-05
702.5,703,5683,5689,1,2.88E-04,5.37E-06,2.40E-05
703,703.5,5689,5696,1,2.56E-04,-2.84E-07,1.83E-05
703.5,704,5696,5702,1,3.02E-04,6.54E-06,2.51E-05
704,704.5,5702,5709,1,3.66E-04,7.57E-06,2.62E-05
704.5,705,5709,5715,1,3.36E-04,9.38E-06,2.80E-05
705,705.5,5715,5722,1,3.33E-04,5.20E-06,2.38E-05
705.5,706,5722,5728,1,3.42E-04,9.91E-06,2.85E-05
706,706.5,5728,5735,1,3.80E-04,8.52E-06,2.71E-05
706.5,707,5735,5741,1,3.67E-04,1.20E-05,3.06E-05
707,707.5,5741,5748,1,4.41E-04,1.29E-05,3.15E-05
707.5,708,5748,5754,1,3.97E-04,1.45E-05,3.31E-05
708,708.5,5754,5760,1,2.83E-04,4.99E-06,2.36E-05
708.5,709,5760,5767,1,3.99E-04,9.92E-06,2.85E-05
709,709.5,5767,5773,1,3.61E-04,1.15E-05,3.01E-05
709.5,710,5773,5780,1,4.84E-04,1.60E-05,3.46E-05
710,710.5,5780,5786,1,4.96E-04,2.27E-05,4.13E-05
710.5,711,5786,5792,1,4.72E-04,2.07E-05,3.93E-05
711,711.5,5792,5799,1,8.12E-04,3.94E-05,5.80E-05
711.5,712,5799,5805,1,2.06E-03,1.53E-04,1.72E-04
712,712.5,5805,5811,1,2.83E-03,2.17E-04,2.36E-04
712.5,713,5811,5817,1,1.19E-03,8.06E-05,9.92E-05
713,713.5,5817,5824,1,6.34E-04,2.67E-05,4.53E-05
713.5,714,5824,5830,1,5.15E-04,2.43E-05,4.29E-05
714,714.5,5830,5836,1,3.73E-04,1.25E-05,3.11E-05
714.5,715,5836,5842,1,4.81E-04,2.15E-05,4.01E-05
715,715.5,5842,5849,1,6.58E-04,2.84E-05,4.70E-05
715.5,716,5849,5855,1,5.24E-04,2.51E-05,4.37E-05
716,716.5,5855,5861,1,1.18E-03,7.95E-05,9.81E-05
716.5,717,5861,5867,1,9.72E-04,6.24E-05,8.10E-05
717,717.5,5867,5873,1,1.38E-03,9.63E-05,1.15E-04
717.5,718,5873,5879,1,9.56E-04,6.11E-05,7.97E-05
718,718.5,5879,5886,1,1.76E-03,1.07E-04,1.26E-04
718.5,719,5886,5892,1,8.33E-04,5.08E-05,6.94E-05
719,719.5,5892,5898,1,4.52E-04,1.91E-05,3.77E-05
719.5,720,5898,5904,1,3.33E-04,9.11E-06,2.77E-05
720,720.5,5904,5910,1,3.30E-04,8.86E-06,2.75E-05
720.5,721,5910,5916,1,3.06E-04,6.88E-06,2.55E-05
721,721.5,5916,5922,1,7.44E-04,4.34E-05,6.20E-05
721.5,722,5922,5928,1,7.91E-04,4.73E-05,6.59E-05
722,722.5,5928,5934,1,4.63E-04,2.00E-05,3.86E-05
722.5,723,5934,5940,1,4.69E-04,2.05E-05,3.91E-05
723,723.5,5940,5946,1,2.78E-04,4.60E-06,2.32E-05
723.5,724,5946,5952,1,3.11E-04,7.28E-06,2.59E-05
724,724.5,5952,5958,1,3.08E-04,7.07E-06,2.57E-05
724.5,725,5958,5963,1,2.49E-04,6.26E-06,2.49E-05
725,725.5,5963,5969,1,3.52E-04,1.07E-05,2.93E-05
725.5,726,5969,5975,1,3.76E-04,1.27E-05,3.13E-05
726,726.5,5975,5981,1,2.99E-04,6.29E-06,2.49E-05
726.5,727,5981,5987,1,3.22E-04,8.22E-06,2.68E-05
727,727.5,5987,5993,1,3.00E-04,6.40E-06,2.50E-05
727.5,728,5993,5998,1,2.27E-04,4.06E-06,2.27E-05
728,728.5,5998,6004,1,2.83E-04,4.98E-06,2.36E-05
728.5,729,6004,6010,1,3.14E-04,7.56E-06,2.62E-05
729,729.5,6010,6016,1,4.12E-04,1.57E-05,3.43E-05
729.5,730,6016,6021,1,4.87E-04,3.01E-05,4.87E-05
730,730.5,6021,6027,1,5.14E-04,2.42E-05,4.28E-05
730.5,731,6027,6033,1,4.06E-04,1.52E-05,3.38E-05
731,731.5,6033,6039,1,4.54E-04,1.92E-05,3.78E-05
731.5,732,6039,6044,1,4.04E-04,2.18E-05,4.04E-05
732,732.5,6044,6050,1,4.85E-04,2.18E-05,4.04E-05
732.5,733,6050,6056,1,4.09E-04,1.55E-05,3.41E-05
733,733.5,6056,6061,1,3.93E-04,2.07E-05,3.93E-05
733.5,734,6061,6067,1,4.85E-04,2.18E-05,4.04E-05
734,734.5,6067,6073,1,5.16E-04,2.44E-05,4.30E-05
734.5,735,6073,6078,1,4.15E-04,2.29E-05,4.15E-05
735,735.5,6078,6084,1,6.36E-04,3.44E-05,5.30E-05
735.5,736,6084,6089,1,4.00E-04,2.14E-05,4.00E-05
736,736.5,6089,6095,1,4.86E-04,2.19E-05,4.05E-05
736.5,737,6095,6100,1,3.65E-04,1.79E-05,3.65E-05
737,737.5,6100,6106,1,4.73E-04,2.08E-05,3.94E-05
737.5,738,6106,6112,1,4.78E-04,2.12E-05,3.98E-05
738,738.5,6112,6117,1,2.76E-04,8.95E-06,2.76E-05
738.5,739,6117,6123,1,4.39E-04,1.80E-05,3.66E-05
739,739.5,6123,6128,1,2.64E-04,7.83E-06,2.64E-05
739.5,740,6128,6134,1,4.19E-04,1.63E-05,3.49E-05
740,740.5,6134,6139,1,2.23E-04,3.67E-06,2.23E-05
740.5,741,6139,6145,1,4.52E-04,1.91E-05,3.77E-05
741,741.5,6145,6150,1,3.29E-04,1.43E-05,3.29E-05
741.5,742,6150,6156,1,3.24E-04,8.42E-06,2.70E-05
742,742.5,6156,6161,1,3.89E-04,2.03E-05,3.89E-05
742.5,743,6161,6166,1,3.04E-04,1.18E-05,3.04E-05
743,743.5,6166,6172,1,5.36E-04,2.61E-05,4.47E-05
743.5,744,6172,6177,1,5.26E-04,3.40E-05,5.26E-05
744,744.5,6177,6183,1,6.76E-04,3.77E-05,5.63E-05
744.5,745,6183,6188,1,5.80E-04,3.94E-05,5.80E-05
745,745.5,6188,6194,1,6.35E-04,3.43E-05,5.29E-05
745.5,746,6194,6199,1,3.18E-04,1.32E-05,3.18E-05
746,746.5,6199,6204,1,3.64E-04,1.78E-05,3.64E-05
746.5,747,6204,6210,1,3.98E-04,1.46E-05,3.32E-05
747,747.5,6210,6215,1,4.97E-04,3.11E-05,4.97E-05
747.5,748,6215,6220,1,7.26E-04,5.40E-05,7.26E-05
