cmTop_i                   ,ageTop_i,charCount_i            ,charVol_i       ,charCon_i,charAcc_i,charBkg,charPeak,thresh1,thresh2,thresh3,threshFinal,threshFinalNeg,SNI,threshGOF,peak1,peaks2,peaks3,peaksFinal,peaksInsig,peakMag,smPeakFrequ,smFRIs
NaN                             ,-60,0,0,0,0,2.88E-05,-2.88E-05,6.82E-06,9.90E-06,1.34E-05,1.34E-05,-1.46E-05,1.198,0.12048,0,0,0,0,0,0,3.8742,NaN                            
NaN                             ,-50,6.12E-06,0.1,6.12E-06,3.06E-07,2.84E-05,-2.81E-05,6.66E-06,9.69E-06,1.31E-05,1.31E-05,-1.44E-05,1.4719,0.13399,0,0,0,0,0,0,3.8643,NaN                            
6.7,-40,8.79E-05,1,8.79E-05,2.90E-05,2.80E-05,1.03E-06,6.51E-06,9.48E-06,1.28E-05,1.28E-05,-1.41E-05,1.7515,0.1972,0,0,0,0,0,0,3.8543,NaN                            
10,-30,0.00011518,1,0.00011518,3.40E-05,2.76E-05,6.38E-06,6.35E-06,9.27E-06,1.25E-05,1.25E-05,-1.39E-05,2.0372,0.22126,0,0,0,0,0,0,3.8442,NaN                            
12.95,-20,0.000141,1,0.000141,3.45E-05,2.72E-05,7.33E-06,6.20E-06,9.06E-06,1.23E-05,1.23E-05,-1.37E-05,2.3291,0.27269,1,0,0,0,0,0,3.834,NaN                            
15.4,-10,0.0001392,1,0.0001392,3.20E-05,2.68E-05,5.18E-06,6.05E-06,8.85E-06,1.20E-05,1.20E-05,-1.34E-05,2.6275,0.32204,0,0,0,0,0,0,3.8237,NaN                            
17.7,0,0.0002044,1,0.0002044,3.41E-05,2.65E-05,7.61E-06,5.90E-06,8.65E-06,1.17E-05,1.17E-05,-1.32E-05,2.9324,0.44776,0,0,0,0,0,0,3.8133,NaN                            
19.3667,10,0.0003012,1,0.0003012,4.32E-05,2.61E-05,1.71E-05,5.75E-06,8.44E-06,1.15E-05,1.15E-05,-1.30E-05,3.2441,0.55887,0,0,0,0,0,0,3.8028,NaN                            
20.8,20,0.0002518,1,0.0002518,4.03E-05,2.57E-05,1.46E-05,5.60E-06,8.24E-06,1.12E-05,1.12E-05,-1.28E-05,3.5625,0.56845,0,1,1,1,0,9.87E-05,3.7922,NaN                            
22.4,30,0.0002278,1,0.0002278,3.27E-05,2.54E-05,7.29E-06,5.46E-06,8.05E-06,1.09E-05,1.09E-05,-1.25E-05,3.8877,0.45239,1,0,0,0,0,0,3.7815,NaN                            
23.8333,40,0.0001897,1,0.0001897,2.72E-05,2.50E-05,2.18E-06,5.31E-06,7.85E-06,1.07E-05,1.07E-05,-1.23E-05,4.2196,0.57622,0,0,0,0,0,0,3.7707,NaN                            
25.2667,50,0.0001222,1,0.0001222,2.00E-05,2.47E-05,-4.70E-06,5.17E-06,7.65E-06,1.04E-05,1.04E-05,-1.21E-05,4.5581,0.70728,0,0,0,0,0,0,3.7597,NaN                            
26.9,60,0.0001203,1,0.0001203,2.01E-05,2.43E-05,-4.26E-06,5.03E-06,7.46E-06,1.02E-05,1.02E-05,-1.19E-05,4.9032,0.77801,0,0,0,0,0,0,3.7487,NaN                            
28.5667,70,0.0001155,1,0.0001155,2.04E-05,2.40E-05,-3.55E-06,4.89E-06,7.27E-06,9.94E-06,9.94E-06,-1.17E-05,5.2545,0.77946,0,0,0,0,0,0,3.7376,NaN                            
30.3333,80,0.00010738,1,0.00010738,1.90E-05,2.36E-05,-4.64E-06,4.75E-06,7.08E-06,9.69E-06,9.69E-06,-1.14E-05,5.6119,0.80873,0,0,0,0,0,0,3.7263,NaN                            
32.1,90,9.97E-05,1,9.97E-05,1.70E-05,2.33E-05,-6.31E-06,4.62E-06,6.90E-06,9.45E-06,9.45E-06,-1.12E-05,5.975,0.77258,0,0,0,0,0,0,3.715,NaN                            
33.8,100,8.72E-05,1,8.72E-05,1.54E-05,2.29E-05,-7.51E-06,4.48E-06,6.71E-06,9.21E-06,9.21E-06,-1.10E-05,6.3433,0.59947,0,0,0,0,0,0,3.7036,NaN                            
35.5667,110,0.00011751,1,0.00011751,1.98E-05,2.26E-05,-2.79E-06,4.35E-06,6.53E-06,8.97E-06,8.97E-06,-1.08E-05,6.7163,0.87708,0,0,0,0,0,0,3.6921,280.4113
37.25,120,0.00010881,1,0.00010881,1.90E-05,2.22E-05,-3.18E-06,4.21E-06,6.34E-06,8.73E-06,8.73E-06,-1.06E-05,7.0933,0.92951,0,0,0,0,0,0,3.6805,281.573
39,130,0.0002917,1,0.0002917,5.25E-05,2.19E-05,3.06E-05,4.08E-06,6.16E-06,8.49E-06,8.49E-06,-1.04E-05,7.4732,0.93217,0,0,0,0,0,0,3.6689,282.7319
40.8,140,0.0003838,1,0.0003838,7.29E-05,2.15E-05,5.14E-05,3.95E-06,5.98E-06,8.25E-06,8.25E-06,-1.02E-05,7.8552,0.89836,0,0,0,0,0,0,3.6572,283.888
42.7,150,0.0005077,1,0.0005077,9.98E-05,2.12E-05,7.87E-05,3.81E-06,5.79E-06,8.01E-06,8.01E-06,-9.94E-06,8.238,0.88565,0,0,0,0,0,0,3.6455,285.0408
44.6667,160,0.0002961,1,0.0002961,5.63E-05,2.08E-05,3.54E-05,3.68E-06,5.61E-06,7.77E-06,7.77E-06,-9.73E-06,8.6211,0.87513,1,1,1,1,0,0.0021269,3.6337,286.1901
46.5667,170,0.0001115,1,0.0001115,2.21E-05,2.05E-05,1.65E-06,3.55E-06,5.43E-06,7.53E-06,7.53E-06,-9.52E-06,9.0062,0.8692,0,0,0,0,0,0,3.6219,287.3356
48.55,180,8.24E-05,1,8.24E-05,1.65E-05,2.01E-05,-3.63E-06,3.42E-06,5.25E-06,7.30E-06,7.30E-06,-9.31E-06,9.4002,0.82358,0,0,0,0,0,0,3.61,288.4768
50.55,190,8.35E-05,1,8.35E-05,1.66E-05,1.97E-05,-3.19E-06,3.29E-06,5.08E-06,7.08E-06,7.08E-06,-9.11E-06,9.8182,0.82195,0,0,0,0,0,0,3.5981,289.6133
52.5333,200,9.27E-05,1,9.27E-05,1.76E-05,1.94E-05,-1.77E-06,3.21E-06,4.96E-06,6.92E-06,6.92E-06,-8.94E-06,10.374,0.96627,0,0,0,0,0,0,3.5862,290.7448
54.4333,210,9.19E-05,1,9.19E-05,1.84E-05,1.90E-05,-6.45E-07,3.14E-06,4.85E-06,6.77E-06,6.77E-06,-8.77E-06,10.9311,0.82737,0,0,0,0,0,0,3.5743,291.8708
56.4333,220,0.0001063,1,0.0001063,2.02E-05,1.87E-05,1.50E-06,3.07E-06,4.75E-06,6.64E-06,6.64E-06,-8.62E-06,11.4844,0.77273,0,0,0,0,0,0,3.5623,292.991
58.3333,230,0.00010194,1,0.00010194,1.87E-05,1.84E-05,2.75E-07,3.01E-06,4.66E-06,6.51E-06,6.51E-06,-8.47E-06,12.0294,0.89892,0,0,0,0,0,0,3.5503,294.1048
60.1667,240,0.0001111,1,0.0001111,1.87E-05,1.83E-05,4.38E-07,2.96E-06,4.59E-06,6.41E-06,6.41E-06,-8.32E-06,12.562,0.99707,0,0,0,0,0,0,3.5383,295.2118
61.85,250,9.38E-05,1,9.38E-05,1.64E-05,1.81E-05,-1.74E-06,2.92E-06,4.52E-06,6.31E-06,6.31E-06,-8.18E-06,13.0794,0.99024,0,0,0,0,0,0,3.5262,296.3115
63.6,260,0.00011389,1,0.00011389,1.71E-05,1.81E-05,-9.71E-07,2.88E-06,4.46E-06,6.22E-06,6.22E-06,-8.05E-06,13.579,0.98439,0,0,0,0,0,0,3.5142,297.4035
65.1,270,0.00012262,1,0.00012262,1.96E-05,1.80E-05,1.63E-06,2.86E-06,4.41E-06,6.15E-06,6.15E-06,-7.92E-06,14.0592,0.98164,0,0,0,0,0,0,3.5021,298.4873
66.7,280,9.31E-05,1,9.31E-05,1.51E-05,1.79E-05,-2.81E-06,2.83E-06,4.36E-06,6.08E-06,6.08E-06,-7.81E-06,14.5185,0.98429,0,0,0,0,0,0,3.49,299.5625
68.325,290,0.00010331,1,0.00010331,1.58E-05,1.79E-05,-2.12E-06,2.82E-06,4.33E-06,6.02E-06,6.02E-06,-7.69E-06,14.9557,0.93434,0,0,0,0,0,0,3.4778,300.6285
69.85,300,0.000114,1,0.000114,1.65E-05,1.79E-05,-1.33E-06,2.80E-06,4.30E-06,5.97E-06,5.97E-06,-7.59E-06,15.3695,0.92387,0,0,0,0,0,0,3.4656,301.685
71.3,310,0.00011839,1,0.00011839,1.78E-05,1.79E-05,-1.07E-07,2.79E-06,4.27E-06,5.93E-06,5.93E-06,-7.48E-06,15.7586,0.94367,0,0,0,0,0,0,3.4535,302.7315
72.8,320,0.0001339,1,0.0001339,1.84E-05,1.79E-05,5.31E-07,2.78E-06,4.25E-06,5.89E-06,5.89E-06,-7.38E-06,16.1212,0.94789,0,0,0,0,0,0,3.4412,303.7675
74.175,330,0.0001334,1,0.0001334,1.86E-05,1.79E-05,6.26E-07,2.78E-06,4.23E-06,5.85E-06,5.85E-06,-7.29E-06,16.4554,0.95545,0,0,0,0,0,0,3.429,304.7927
75.5667,340,0.0001182,1,0.0001182,1.72E-05,1.80E-05,-7.38E-07,2.77E-06,4.20E-06,5.81E-06,5.81E-06,-7.19E-06,16.759,0.98408,0,0,0,0,0,0,3.4167,305.8067
77.025,350,0.00011997,1,0.00011997,1.65E-05,1.80E-05,-1.53E-06,2.76E-06,4.18E-06,5.77E-06,5.77E-06,-7.10E-06,17.0298,0.91455,0,0,0,0,0,0,3.4043,306.809
78.4,360,0.0001228,1,0.0001228,1.66E-05,1.81E-05,-1.50E-06,2.76E-06,4.16E-06,5.74E-06,5.74E-06,-7.00E-06,17.2657,0.86176,0,0,0,0,0,0,3.3919,307.7995
79.75,370,0.0001248,1,0.0001248,1.56E-05,1.81E-05,-2.54E-06,2.75E-06,4.14E-06,5.70E-06,5.70E-06,-6.91E-06,17.465,0.87785,0,0,0,0,0,0,3.3794,308.7778
81,380,0.0001406,1,0.0001406,1.93E-05,1.82E-05,1.12E-06,2.74E-06,4.11E-06,5.66E-06,5.66E-06,-6.81E-06,17.6259,0.86965,0,0,0,0,0,0,3.3667,309.7437
82.375,390,0.00012912,1,0.00012912,1.78E-05,1.83E-05,-5.28E-07,2.73E-06,4.09E-06,5.62E-06,5.62E-06,-6.72E-06,17.7467,0.91385,0,0,0,0,0,0,3.3539,310.6969
83.75,400,0.0001462,1,0.0001462,1.83E-05,1.84E-05,-8.20E-08,2.72E-06,4.07E-06,5.58E-06,5.58E-06,-6.62E-06,17.8262,0.85133,0,0,0,0,0,0,3.3408,311.6374
85,410,0.0001293,1,0.0001293,1.78E-05,1.84E-05,-6.33E-07,2.72E-06,4.05E-06,5.54E-06,5.54E-06,-6.53E-06,17.8636,0.73616,0,0,0,0,0,0,3.3273,312.5651
86.375,420,0.0001334,1,0.0001334,1.67E-05,1.85E-05,-1.80E-06,2.71E-06,4.03E-06,5.51E-06,5.51E-06,-6.45E-06,17.859,0.80333,0,0,0,0,0,0,3.3133,313.48
87.625,430,0.0001458,1,0.0001458,1.82E-05,1.86E-05,-3.39E-07,2.71E-06,4.02E-06,5.48E-06,5.48E-06,-6.37E-06,17.8135,0.84345,0,0,0,0,0,0,3.2984,314.3824
88.875,440,0.0001461,1,0.0001461,2.01E-05,1.87E-05,1.44E-06,2.71E-06,4.01E-06,5.46E-06,5.46E-06,-6.29E-06,17.7295,0.82923,0,0,0,0,0,0,3.2825,315.2725
90.25,450,0.0001388,1,0.0001388,1.74E-05,1.87E-05,-1.39E-06,2.72E-06,4.00E-06,5.44E-06,5.44E-06,-6.22E-06,17.6102,0.85991,0,0,0,0,0,0,3.2652,316.1506
91.5,460,0.000137,1,0.000137,1.71E-05,1.88E-05,-1.70E-06,2.73E-06,4.00E-06,5.44E-06,5.44E-06,-6.16E-06,17.4582,0.94285,0,0,0,0,0,0,3.2479,317.0176
92.75,470,0.000129,1,0.000129,1.61E-05,1.89E-05,-2.79E-06,2.74E-06,4.01E-06,5.44E-06,5.44E-06,-6.11E-06,17.2754,0.92126,0,0,0,0,0,0,3.2308,317.8741
94,480,0.000175,1,0.000175,2.19E-05,1.90E-05,2.87E-06,2.76E-06,4.02E-06,5.45E-06,5.45E-06,-6.06E-06,17.0642,0.94824,0,0,0,0,0,0,3.2139,318.7213
95.25,490,0.0001601,1,0.0001601,2.20E-05,1.91E-05,2.92E-06,2.78E-06,4.04E-06,5.46E-06,5.46E-06,-6.02E-06,16.8278,0.85932,1,0,0,0,0,0,3.1973,319.5605
96.625,500,0.0001637,1,0.0001637,2.05E-05,1.92E-05,1.28E-06,2.80E-06,4.06E-06,5.48E-06,5.48E-06,-5.99E-06,16.57,0.75088,0,0,0,0,0,0,3.181,320.3934
97.875,510,0.0001575,1,0.0001575,1.97E-05,1.93E-05,4.18E-07,2.82E-06,4.09E-06,5.50E-06,5.50E-06,-5.96E-06,16.2949,0.77413,0,0,0,0,0,0,3.1651,321.2219
99.125,520,0.000164,1,0.000164,2.05E-05,1.94E-05,1.14E-06,2.85E-06,4.12E-06,5.53E-06,5.53E-06,-5.94E-06,16.0068,0.75112,0,0,0,0,0,0,3.1496,322.0487
100.375,530,0.0001406,1,0.0001406,1.76E-05,1.94E-05,-1.87E-06,2.88E-06,4.15E-06,5.57E-06,5.57E-06,-5.93E-06,15.7097,0.77393,0,0,0,0,0,0,3.1347,322.8768
101.625,540,0.0001471,1,0.0001471,1.84E-05,1.95E-05,-1.15E-06,2.91E-06,4.18E-06,5.61E-06,5.61E-06,-5.92E-06,15.407,0.82208,0,0,0,0,0,0,3.1203,323.7098
102.875,550,0.0001681,1,0.0001681,2.10E-05,1.96E-05,1.39E-06,2.95E-06,4.22E-06,5.65E-06,5.65E-06,-5.92E-06,15.1016,0.86527,0,0,0,0,0,0,3.1065,324.5517
104.125,560,0.0001718,1,0.0001718,2.15E-05,1.97E-05,1.76E-06,2.98E-06,4.26E-06,5.70E-06,5.70E-06,-5.92E-06,14.7959,0.94139,0,0,0,0,0,0,3.0934,325.4068
105.375,570,0.0001644,1,0.0001644,2.06E-05,1.98E-05,7.39E-07,3.02E-06,4.31E-06,5.75E-06,5.75E-06,-5.92E-06,14.4923,0.95296,0,0,0,0,0,0,3.0809,326.2794
106.625,580,0.0001606,1,0.0001606,2.21E-05,1.99E-05,2.18E-06,3.06E-06,4.36E-06,5.81E-06,5.81E-06,-5.93E-06,14.1926,0.97537,0,0,0,0,0,0,3.0691,327.1732
108,590,0.0001956,1,0.0001956,2.45E-05,2.00E-05,4.45E-06,3.10E-06,4.40E-06,5.86E-06,5.86E-06,-5.95E-06,13.8981,0.98006,0,0,0,0,0,0,3.0581,328.0908
109.25,600,0.0003928,1,0.0003928,4.91E-05,2.01E-05,2.90E-05,3.15E-06,4.46E-06,5.93E-06,5.93E-06,-5.96E-06,13.6095,0.95845,1,1,1,1,0,0.00023072,3.0477,329.0321
110.5,610,0.000182,1,0.000182,2.28E-05,2.02E-05,2.55E-06,3.19E-06,4.51E-06,5.99E-06,5.99E-06,-5.99E-06,13.3262,0.99096,0,0,0,0,0,0,3.0379,329.9945
111.75,620,0.000138,1,0.000138,1.73E-05,2.03E-05,-3.05E-06,3.23E-06,4.57E-06,6.06E-06,6.06E-06,-6.02E-06,13.0465,0.99296,0,0,0,0,0,0,3.0287,330.5276
113,630,0.0001262,1,0.0001262,1.74E-05,2.04E-05,-3.05E-06,3.28E-06,4.62E-06,6.13E-06,6.13E-06,-6.05E-06,12.7673,0.9499,0,0,0,0,0,0,3.0199,331.0493
114.375,640,0.0001321,1,0.0001321,1.65E-05,2.05E-05,-4.00E-06,3.33E-06,4.68E-06,6.20E-06,6.20E-06,-6.09E-06,12.485,0.93156,0,0,0,0,0,0,3.0115,331.5544
115.625,650,0.0001482,1,0.0001482,1.85E-05,2.06E-05,-2.10E-06,3.37E-06,4.74E-06,6.28E-06,6.28E-06,-6.14E-06,12.1963,0.91846,0,0,0,0,0,0,3.0034,332.0367
116.875,660,0.0001404,1,0.0001404,1.93E-05,2.07E-05,-1.43E-06,3.42E-06,4.80E-06,6.35E-06,6.35E-06,-6.19E-06,11.8988,0.91245,0,0,0,0,0,0,2.9954,332.4894
118.25,670,0.0001626,1,0.0001626,2.03E-05,2.08E-05,-5.24E-07,3.46E-06,4.86E-06,6.43E-06,6.43E-06,-6.25E-06,11.5922,0.94275,0,0,0,0,0,0,2.9874,332.5356
119.5,680,0.0001533,1,0.0001533,2.11E-05,2.10E-05,1.11E-07,3.51E-06,4.92E-06,6.50E-06,6.50E-06,-6.31E-06,11.2769,0.94109,0,0,0,0,0,0,2.9794,332.5818
120.875,690,0.0001692,1,0.0001692,2.19E-05,2.11E-05,7.66E-07,3.55E-06,4.97E-06,6.57E-06,6.57E-06,-6.37E-06,10.9535,0.9779,0,0,0,0,0,0,2.9712,332.6281
122.1667,700,0.0001592,1,0.0001592,2.12E-05,2.12E-05,1.16E-08,3.58E-06,5.02E-06,6.64E-06,6.64E-06,-6.44E-06,10.6227,0.97116,0,0,0,0,0,0,2.9628,332.6743
123.5,710,0.0001586,1,0.0001586,2.18E-05,2.13E-05,4.61E-07,3.62E-06,5.07E-06,6.70E-06,6.70E-06,-6.50E-06,10.2858,0.95079,0,0,0,0,0,0,2.954,332.7206
124.875,720,0.000158,1,0.000158,2.17E-05,2.15E-05,2.42E-07,3.65E-06,5.12E-06,6.76E-06,6.76E-06,-6.56E-06,9.9445,0.93407,0,0,0,0,0,0,2.9449,332.7668
126.25,730,0.0001486,1,0.0001486,2.04E-05,2.16E-05,-1.19E-06,3.68E-06,5.16E-06,6.82E-06,6.82E-06,-6.62E-06,9.6008,0.95002,0,0,0,0,0,0,2.9354,332.813
127.625,740,0.0001465,1,0.0001465,2.01E-05,2.18E-05,-1.63E-06,3.70E-06,5.20E-06,6.88E-06,6.88E-06,-6.69E-06,9.257,0.96437,0,0,0,0,0,0,2.9254,332.8593
129,750,0.0001464,1,0.0001464,2.01E-05,2.19E-05,-1.79E-06,3.73E-06,5.24E-06,6.93E-06,6.93E-06,-6.75E-06,8.9164,0.96377,0,0,0,0,0,0,2.915,332.9055
130.375,760,0.0001452,1,0.0001452,2.00E-05,2.21E-05,-2.10E-06,3.76E-06,5.28E-06,6.99E-06,6.99E-06,-6.82E-06,8.5826,0.92596,0,0,0,0,0,0,2.9042,333.2778
131.75,770,0.0001531,1,0.0001531,2.17E-05,2.22E-05,-5.17E-07,3.79E-06,5.32E-06,7.05E-06,7.05E-06,-6.89E-06,8.2595,0.9946,0,0,0,0,0,0,2.893,333.5991
133.1667,780,0.0001588,1,0.0001588,2.32E-05,2.23E-05,8.17E-07,3.82E-06,5.37E-06,7.11E-06,7.11E-06,-6.97E-06,7.9508,0.95612,0,0,0,0,0,0,2.8816,333.8629
134.625,790,0.000165,1,0.000165,2.27E-05,2.25E-05,2.19E-07,3.85E-06,5.42E-06,7.18E-06,7.18E-06,-7.05E-06,7.6596,0.95527,0,0,0,0,0,0,2.87,334.0627
136,800,0.0001791,1,0.0001791,2.46E-05,2.26E-05,2.04E-06,3.89E-06,5.47E-06,7.25E-06,7.25E-06,-7.14E-06,7.3885,0.98418,0,0,0,0,0,0,2.8583,334.1927
137.375,810,0.0001531,1,0.0001531,2.23E-05,2.27E-05,-3.65E-07,3.93E-06,5.54E-06,7.34E-06,7.34E-06,-7.24E-06,7.1394,0.96862,0,0,0,0,0,0,2.8467,334.2479
138.8333,820,0.0001564,1,0.0001564,2.22E-05,2.28E-05,-6.27E-07,3.97E-06,5.60E-06,7.43E-06,7.43E-06,-7.34E-06,6.9136,0.91792,0,0,0,0,0,0,2.8354,334.2236
140.25,830,0.0001552,1,0.0001552,2.20E-05,2.29E-05,-8.72E-07,4.02E-06,5.68E-06,7.53E-06,7.53E-06,-7.45E-06,6.7116,0.96736,0,0,0,0,0,0,2.8244,334.116
141.6667,840,0.0001728,1,0.0001728,2.30E-05,2.29E-05,1.25E-07,4.08E-06,5.76E-06,7.64E-06,7.64E-06,-7.57E-06,6.5334,0.96622,0,0,0,0,0,0,2.8141,333.9219
143,850,0.0001796,1,0.0001796,2.69E-05,2.30E-05,3.99E-06,4.14E-06,5.84E-06,7.75E-06,7.75E-06,-7.70E-06,6.3783,0.91906,0,0,0,0,0,0,2.8046,333.6389
144.5,860,0.0001931,1,0.0001931,2.66E-05,2.30E-05,3.58E-06,4.21E-06,5.94E-06,7.88E-06,7.88E-06,-7.83E-06,6.2453,0.91878,0,0,0,0,0,0,2.7959,333.265
145.875,870,0.0001798,1,0.0001798,2.62E-05,2.30E-05,3.26E-06,4.27E-06,6.04E-06,8.01E-06,8.01E-06,-7.97E-06,6.1331,0.88814,0,0,0,0,0,0,2.7884,332.7991
147.3333,880,0.000212,1,0.000212,2.83E-05,2.29E-05,5.33E-06,4.35E-06,6.14E-06,8.15E-06,8.15E-06,-8.11E-06,6.04,0.85234,1,0,0,0,0,0,2.7821,332.241
148.6667,890,0.0001699,1,0.0001699,2.48E-05,2.29E-05,1.88E-06,4.42E-06,6.24E-06,8.29E-06,8.29E-06,-8.25E-06,5.9643,0.38332,0,0,0,0,0,0,2.7771,331.5911
150.125,900,0.0001658,1,0.0001658,2.28E-05,2.28E-05,-4.74E-08,4.50E-06,6.35E-06,8.43E-06,8.43E-06,-8.40E-06,5.9036,0.38462,0,0,0,0,0,0,2.7736,330.8508
151.5,910,0.0001666,1,0.0001666,2.29E-05,2.28E-05,1.24E-07,4.57E-06,6.46E-06,8.58E-06,8.58E-06,-8.54E-06,5.8555,0.36449,0,0,0,0,0,0,2.7716,330.0222
152.875,920,0.0001901,1,0.0001901,2.61E-05,2.27E-05,3.42E-06,4.65E-06,6.57E-06,8.72E-06,8.72E-06,-8.68E-06,5.8174,0.38578,0,0,0,0,0,0,2.7712,329.1083
154.25,930,0.0001911,1,0.0001911,2.63E-05,2.26E-05,3.63E-06,4.73E-06,6.68E-06,8.86E-06,8.86E-06,-8.81E-06,5.7867,0.35496,0,0,0,0,0,0,2.7725,328.1132
155.625,940,0.0003223,1,0.0003223,4.03E-05,2.26E-05,1.77E-05,4.80E-06,6.78E-06,9.00E-06,9.00E-06,-8.94E-06,5.7616,0.16917,0,0,0,0,0,0,2.7755,327.0416
156.875,950,0.0002303,1,0.0002303,3.17E-05,2.25E-05,9.17E-06,4.87E-06,6.88E-06,9.13E-06,9.13E-06,-9.06E-06,5.7414,0.66224,1,1,1,1,0,9.64E-05,2.7801,325.899
158.25,960,0.0001671,1,0.0001671,2.30E-05,2.24E-05,5.52E-07,4.94E-06,6.97E-06,9.25E-06,9.25E-06,-9.18E-06,5.7261,0.8447,0,0,0,0,0,0,2.7862,324.6918
159.625,970,0.0001728,1,0.0001728,2.16E-05,2.24E-05,-7.53E-07,5.01E-06,7.06E-06,9.37E-06,9.37E-06,-9.29E-06,5.7161,0.72763,0,0,0,0,0,0,2.7938,323.427
160.875,980,0.0001387,1,0.0001387,1.79E-05,2.23E-05,-4.37E-06,5.07E-06,7.15E-06,9.48E-06,9.48E-06,-9.39E-06,5.7121,0.769,0,0,0,0,0,0,2.8028,322.1123
162.1667,990,0.0001406,1,0.0001406,1.87E-05,2.22E-05,-3.47E-06,5.12E-06,7.22E-06,9.58E-06,9.58E-06,-9.48E-06,5.7153,0.84737,0,0,0,0,0,0,2.813,320.7559
163.5,1000,0.0001998,1,0.0001998,2.50E-05,2.22E-05,2.82E-06,5.18E-06,7.30E-06,9.68E-06,9.68E-06,-9.56E-06,5.7266,0.76604,0,0,0,0,0,0,2.8242,319.3664
164.75,1010,0.0001978,1,0.0001978,2.47E-05,2.21E-05,2.63E-06,5.23E-06,7.37E-06,9.77E-06,9.77E-06,-9.64E-06,5.7469,0.72051,0,0,0,0,0,0,2.8363,317.9528
166,1020,0.000186,1,0.000186,2.33E-05,2.20E-05,1.22E-06,5.27E-06,7.43E-06,9.85E-06,9.85E-06,-9.72E-06,5.7765,0.71851,0,0,0,0,0,0,2.8491,316.5247
167.25,1030,0.0001664,1,0.0001664,2.08E-05,2.20E-05,-1.18E-06,5.31E-06,7.49E-06,9.92E-06,9.92E-06,-9.79E-06,5.8149,0.89241,0,0,0,0,0,0,2.8625,315.0918
168.5,1040,0.000161,1,0.000161,2.01E-05,2.19E-05,-1.81E-06,5.35E-06,7.54E-06,9.99E-06,9.99E-06,-9.85E-06,5.8611,0.8922,0,0,0,0,0,0,2.8763,313.6641
169.75,1050,0.0001318,1,0.0001318,1.65E-05,2.19E-05,-5.41E-06,5.38E-06,7.58E-06,1.01E-05,1.01E-05,-9.90E-06,5.9132,0.96506,0,0,0,0,0,0,2.8904,312.2511
171,1060,0.000138,1,0.000138,1.73E-05,2.18E-05,-4.60E-06,5.41E-06,7.62E-06,1.01E-05,1.01E-05,-9.95E-06,5.9694,0.98793,0,0,0,0,0,0,2.9046,310.8621
172.25,1070,0.0001759,1,0.0001759,1.98E-05,2.18E-05,-2.02E-06,5.42E-06,7.64E-06,1.01E-05,1.01E-05,-9.99E-06,6.0275,0.99572,0,0,0,0,0,0,2.9188,309.5057
173.375,1080,0.0001395,1,0.0001395,1.74E-05,2.18E-05,-4.34E-06,5.43E-06,7.65E-06,1.01E-05,1.01E-05,-1.00E-05,6.0852,0.99746,0,0,0,0,0,0,2.9328,308.1897
174.625,1090,0.0001336,1,0.0001336,1.57E-05,2.18E-05,-6.05E-06,5.43E-06,7.65E-06,1.01E-05,1.01E-05,-1.00E-05,6.14,0.99736,0,0,0,0,0,0,2.9465,306.9208
175.8,1100,0.0001364,1,0.0001364,1.64E-05,2.17E-05,-5.36E-06,5.41E-06,7.63E-06,1.01E-05,1.01E-05,-1.00E-05,6.1895,0.99301,0,0,0,0,0,0,2.9597,305.7039
177,1110,0.00011084,1,0.00011084,1.25E-05,2.17E-05,-9.25E-06,5.38E-06,7.60E-06,1.01E-05,1.01E-05,-1.00E-05,6.2317,0.97108,0,0,0,0,0,0,2.9723,305.6209
178.125,1120,0.00018842,1,0.00018842,2.21E-05,2.17E-05,4.27E-07,5.34E-06,7.55E-06,1.00E-05,1.00E-05,-9.97E-06,6.2654,0.95905,0,0,0,0,0,0,2.9843,305.5379
179.3,1130,0.0002346,1,0.0002346,2.82E-05,2.17E-05,6.44E-06,5.29E-06,7.48E-06,9.93E-06,9.93E-06,-9.91E-06,6.2899,0.93197,1,0,0,0,0,0,2.9956,305.4549
180.5,1140,0.0002055,1,0.0002055,2.26E-05,2.17E-05,8.77E-07,5.22E-06,7.39E-06,9.82E-06,9.82E-06,-9.84E-06,6.3053,0.85917,0,0,0,0,0,0,3.0061,305.3719
181.6,1150,0.0001842,1,0.0001842,2.12E-05,2.18E-05,-5.67E-07,5.15E-06,7.29E-06,9.69E-06,9.69E-06,-9.75E-06,6.3123,0.75724,0,0,0,0,0,0,3.0158,305.2889
182.75,1160,0.0001862,1,0.0001862,2.09E-05,2.18E-05,-8.35E-07,5.06E-06,7.18E-06,9.55E-06,9.55E-06,-9.64E-06,6.3121,0.80943,0,0,0,0,0,0,3.0248,305.2059
183.875,1170,0.000211,1,0.000211,2.37E-05,2.18E-05,1.91E-06,4.97E-06,7.05E-06,9.39E-06,9.39E-06,-9.52E-06,6.3064,0.7767,0,0,0,0,0,0,3.0333,305.123
185,1180,0.000192,1,0.000192,2.11E-05,2.19E-05,-7.57E-07,4.87E-06,6.92E-06,9.22E-06,9.22E-06,-9.39E-06,6.2968,0.47348,0,0,0,0,0,0,3.0412,305.04
186.1,1190,0.0002058,1,0.0002058,2.26E-05,2.19E-05,7.01E-07,4.77E-06,6.78E-06,9.04E-06,9.04E-06,-9.25E-06,6.2855,0.82016,0,0,0,0,0,0,3.0487,304.957
187.2,1200,0.0002574,1,0.0002574,2.70E-05,2.20E-05,5.02E-06,4.66E-06,6.64E-06,8.86E-06,8.86E-06,-9.10E-06,6.2744,0.49492,0,0,0,0,0,0,3.056,304.874
188.25,1210,0.0002714,1,0.0002714,2.85E-05,2.21E-05,6.42E-06,4.55E-06,6.50E-06,8.67E-06,8.67E-06,-8.95E-06,6.2661,0.74599,0,0,0,0,0,0,3.0633,304.791
189.3,1220,0.0002688,1,0.0002688,2.96E-05,2.22E-05,7.41E-06,4.45E-06,6.35E-06,8.49E-06,8.49E-06,-8.80E-06,6.2627,0.74894,0,0,0,0,0,0,3.0705,304.708
190.4,1230,0.0005477,1,0.0005477,6.02E-05,2.22E-05,3.80E-05,4.34E-06,6.22E-06,8.31E-06,8.31E-06,-8.65E-06,6.266,0.6914,0,0,0,0,0,0,3.078,304.625
191.5,1240,0.000327,1,0.000327,3.27E-05,2.23E-05,1.04E-05,4.25E-06,6.08E-06,8.14E-06,8.14E-06,-8.51E-06,6.2762,0.71524,1,1,1,1,0,0.00035114,3.0857,304.542
192.5,1250,0.0002254,1,0.0002254,2.48E-05,2.24E-05,2.38E-06,4.16E-06,5.96E-06,7.98E-06,7.98E-06,-8.37E-06,6.2928,0.70775,0,0,0,0,0,0,3.0938,303.4361
193.6,1260,0.0001946,1,0.0001946,1.95E-05,2.25E-05,-3.04E-06,4.07E-06,5.84E-06,7.83E-06,7.83E-06,-8.24E-06,6.3147,0.581,0,0,0,0,0,0,3.1023,302.3854
194.6,1270,0.000199,1,0.000199,2.04E-05,2.26E-05,-2.17E-06,3.99E-06,5.74E-06,7.69E-06,7.69E-06,-8.12E-06,6.3397,0.67414,0,0,0,0,0,0,3.1114,301.3863
195.625,1280,0.0001945,1,0.0001945,2.09E-05,2.26E-05,-1.72E-06,3.93E-06,5.64E-06,7.57E-06,7.57E-06,-8.01E-06,6.3657,0.44562,0,0,0,0,0,0,3.121,300.4331
196.7,1290,0.0002337,1,0.0002337,2.34E-05,2.27E-05,7.12E-07,3.86E-06,5.56E-06,7.46E-06,7.46E-06,-7.90E-06,6.3907,0.43321,0,0,0,0,0,0,3.1311,299.5175
197.7,1300,0.0001951,1,0.0001951,1.95E-05,2.27E-05,-3.16E-06,3.81E-06,5.48E-06,7.36E-06,7.36E-06,-7.81E-06,6.4129,0.54645,0,0,0,0,0,0,3.1418,298.6305
198.7,1310,0.0002015,1,0.0002015,2.02E-05,2.27E-05,-2.50E-06,3.76E-06,5.42E-06,7.27E-06,7.27E-06,-7.72E-06,6.4304,0.47857,0,0,0,0,0,0,3.1531,297.7619
199.7,1320,0.0002172,1,0.0002172,2.39E-05,2.26E-05,1.27E-06,3.72E-06,5.36E-06,7.19E-06,7.19E-06,-7.64E-06,6.442,0.80379,0,0,0,0,0,0,3.1648,296.9014
200.8,1330,0.0002317,1,0.0002317,2.32E-05,2.26E-05,6.05E-07,3.68E-06,5.30E-06,7.12E-06,7.12E-06,-7.57E-06,6.4463,0.75471,0,0,0,0,0,0,3.1771,296.0386
201.8,1340,0.0002287,1,0.0002287,2.29E-05,2.25E-05,3.75E-07,3.65E-06,5.26E-06,7.06E-06,7.06E-06,-7.50E-06,6.4426,0.56572,0,0,0,0,0,0,3.1897,295.1633
202.8,1350,0.0002305,1,0.0002305,2.31E-05,2.24E-05,6.38E-07,3.62E-06,5.21E-06,7.00E-06,7.00E-06,-7.43E-06,6.43,0.7101,0,0,0,0,0,0,3.2028,294.2661
203.8,1360,0.0002352,1,0.0002352,2.35E-05,2.23E-05,1.20E-06,3.60E-06,5.18E-06,6.95E-06,6.95E-06,-7.37E-06,6.4083,0.55249,0,0,0,0,0,0,3.2161,293.3385
204.8,1370,0.0002197,1,0.0002197,2.20E-05,2.22E-05,-2.49E-07,3.57E-06,5.14E-06,6.90E-06,6.90E-06,-7.31E-06,6.3772,0.45451,0,0,0,0,0,0,3.2297,292.3732
205.8,1380,0.0002399,1,0.0002399,2.40E-05,2.21E-05,1.88E-06,3.55E-06,5.11E-06,6.85E-06,6.85E-06,-7.25E-06,6.3367,0.57075,0,0,0,0,0,0,3.2434,291.3649
206.8,1390,0.0002471,1,0.0002471,2.47E-05,2.20E-05,2.71E-06,3.53E-06,5.08E-06,6.81E-06,6.81E-06,-7.20E-06,6.2874,0.60683,0,0,0,0,0,0,3.2572,290.3099
207.8,1400,0.000223,1,0.000223,2.23E-05,2.19E-05,4.08E-07,3.52E-06,5.05E-06,6.77E-06,6.77E-06,-7.15E-06,6.2302,0.74441,0,0,0,0,0,0,3.271,289.2056
208.8,1410,0.0002115,1,0.0002115,2.12E-05,2.18E-05,-6.27E-07,3.50E-06,5.03E-06,6.74E-06,6.74E-06,-7.11E-06,6.1662,0.74092,0,0,0,0,0,0,3.2848,288.05
209.8,1420,0.0002116,1,0.0002116,2.12E-05,2.17E-05,-5.01E-07,3.50E-06,5.02E-06,6.72E-06,6.72E-06,-7.08E-06,6.0969,0.53865,0,0,0,0,0,0,3.2983,286.842
210.8,1430,0.0002227,1,0.0002227,2.23E-05,2.15E-05,7.23E-07,3.49E-06,5.01E-06,6.71E-06,6.71E-06,-7.06E-06,6.0234,0.70258,0,0,0,0,0,0,3.3116,285.5809
211.8,1440,0.0002178,1,0.0002178,2.34E-05,2.14E-05,1.98E-06,3.49E-06,5.01E-06,6.71E-06,6.71E-06,-7.05E-06,5.9469,0.68324,0,0,0,0,0,0,3.3245,284.2676
212.875,1450,0.0002233,1,0.0002233,2.29E-05,2.13E-05,1.56E-06,3.49E-06,5.01E-06,6.72E-06,6.72E-06,-7.06E-06,5.8683,0.91696,0,0,0,0,0,0,3.337,282.904
213.9,1460,0.0002146,1,0.0002146,2.15E-05,2.12E-05,2.27E-07,3.50E-06,5.02E-06,6.73E-06,6.73E-06,-7.09E-06,5.7876,0.91613,0,0,0,0,0,0,3.3491,281.493
214.9,1470,0.0002173,1,0.0002173,2.17E-05,2.11E-05,5.87E-07,3.51E-06,5.04E-06,6.76E-06,6.76E-06,-7.13E-06,5.7047,0.68427,0,0,0,0,0,0,3.3606,280.0383
215.9,1480,0.0002271,1,0.0002271,2.27E-05,2.11E-05,1.65E-06,3.52E-06,5.06E-06,6.79E-06,6.79E-06,-7.19E-06,5.6188,0.1249,0,0,0,0,0,0,3.3716,278.5442
216.9,1490,0.000173,1,0.000173,1.90E-05,2.10E-05,-1.94E-06,3.53E-06,5.08E-06,6.82E-06,6.82E-06,-7.26E-06,5.5293,0.41908,0,0,0,0,0,0,3.3821,277.0159
218,1500,0.000184,1,0.000184,1.84E-05,2.09E-05,-2.49E-06,3.54E-06,5.10E-06,6.86E-06,6.86E-06,-7.34E-06,5.4354,0.85296,0,0,0,0,0,0,3.3918,275.459
219,1510,0.0001808,1,0.0001808,1.99E-05,2.08E-05,-9.60E-07,3.54E-06,5.12E-06,6.89E-06,6.89E-06,-7.43E-06,5.3369,0.60094,0,0,0,0,0,0,3.401,273.8792
220.1,1520,0.0001864,1,0.0001864,1.91E-05,2.08E-05,-1.68E-06,3.55E-06,5.14E-06,6.93E-06,6.93E-06,-7.53E-06,5.2337,0.58519,0,0,0,0,0,0,3.4094,272.2829
221.125,1530,0.000159,1,0.000159,1.71E-05,2.07E-05,-3.64E-06,3.54E-06,5.15E-06,6.95E-06,6.95E-06,-7.63E-06,5.1261,0.5585,0,0,0,0,0,0,3.4171,270.6763
222.2,1540,0.0001744,1,0.0001744,1.92E-05,2.07E-05,-1.51E-06,3.54E-06,5.16E-06,6.98E-06,6.98E-06,-7.74E-06,5.0143,0.31127,0,0,0,0,0,0,3.4241,269.0659
223.3,1550,0.0002119,1,0.0002119,2.28E-05,2.07E-05,2.11E-06,3.52E-06,5.16E-06,7.00E-06,7.00E-06,-7.85E-06,4.8987,0.39391,0,0,0,0,0,0,3.4303,267.4582
224.375,1560,0.0002025,1,0.0002025,2.28E-05,2.07E-05,2.13E-06,3.51E-06,5.16E-06,7.01E-06,7.01E-06,-7.96E-06,4.7795,0.48901,0,0,0,0,0,0,3.4357,265.8594
225.5,1570,0.0001863,1,0.0001863,2.05E-05,2.07E-05,-1.65E-07,3.49E-06,5.16E-06,7.02E-06,7.02E-06,-8.08E-06,4.6571,0.80127,0,0,0,0,0,0,3.4405,264.2758
226.6,1580,0.0001726,1,0.0001726,1.90E-05,2.07E-05,-1.69E-06,3.48E-06,5.16E-06,7.04E-06,7.04E-06,-8.20E-06,4.5316,0.7171,0,0,0,0,0,0,3.4444,262.7135
227.7,1590,0.0001538,1,0.0001538,1.81E-05,2.07E-05,-2.63E-06,3.47E-06,5.16E-06,7.06E-06,7.06E-06,-8.32E-06,4.404,0.37066,0,0,0,0,0,0,3.4478,261.178
228.875,1600,0.0001464,1,0.0001464,1.65E-05,2.07E-05,-4.26E-06,3.46E-06,5.17E-06,7.10E-06,7.10E-06,-8.46E-06,4.2757,0.070266,0,0,0,0,0,0,3.4505,259.6747
230,1610,0.0001792,1,0.0001792,2.15E-05,2.07E-05,7.57E-07,3.46E-06,5.20E-06,7.14E-06,7.14E-06,-8.60E-06,4.1486,0.61057,0,0,0,0,0,0,3.4527,258.2086
231.2,1620,0.0001785,1,0.0001785,2.10E-05,2.07E-05,2.32E-07,3.47E-06,5.23E-06,7.20E-06,7.20E-06,-8.75E-06,4.0268,0.39005,0,0,0,0,0,0,3.4545,256.7841
232.375,1630,0.0001467,1,0.0001467,1.83E-05,2.07E-05,-2.37E-06,3.49E-06,5.28E-06,7.28E-06,7.28E-06,-8.91E-06,3.9159,0.33862,0,0,0,0,0,0,3.456,255.4051
233.625,1640,0.0001208,1,0.0001208,1.51E-05,2.06E-05,-5.54E-06,3.53E-06,5.35E-06,7.39E-06,7.39E-06,-9.09E-06,3.8228,0.34185,0,0,0,0,0,0,3.4574,254.0749
234.875,1650,0.0001263,1,0.0001263,1.58E-05,2.05E-05,-4.74E-06,3.59E-06,5.45E-06,7.52E-06,7.52E-06,-9.29E-06,3.754,0.49686,0,0,0,0,0,0,3.4587,252.7961
236.125,1660,0.0001589,1,0.0001589,1.99E-05,2.04E-05,-5.22E-07,3.67E-06,5.57E-06,7.70E-06,7.70E-06,-9.50E-06,3.7155,0.27455,0,0,0,0,0,0,3.4601,251.5704
237.375,1670,0.0001594,1,0.0001594,2.19E-05,2.02E-05,1.71E-06,3.78E-06,5.72E-06,7.90E-06,7.90E-06,-9.73E-06,3.7117,0.28269,0,0,0,0,0,0,3.4617,250.3988
238.75,1680,0.0001717,1,0.0001717,2.36E-05,2.00E-05,3.61E-06,3.91E-06,5.90E-06,8.14E-06,8.14E-06,-9.98E-06,3.7456,0.23495,0,0,0,0,0,0,3.4637,249.281
240.125,1690,0.000167,1,0.000167,2.30E-05,1.98E-05,3.19E-06,4.06E-06,6.12E-06,8.42E-06,8.42E-06,-1.02E-05,3.8184,0.19512,0,0,0,0,0,0,3.4662,248.2163
241.5,1700,0.0001574,1,0.0001574,2.36E-05,1.95E-05,4.07E-06,4.23E-06,6.36E-06,8.74E-06,8.74E-06,-1.05E-05,3.9297,0.24079,0,0,0,0,0,0,3.4694,247.2027
243,1710,0.0001731,1,0.0001731,2.60E-05,1.93E-05,6.67E-06,4.43E-06,6.63E-06,9.09E-06,9.09E-06,-1.08E-05,4.078,0.40637,0,0,0,0,0,0,3.4735,246.2372
244.5,1720,0.0001803,1,0.0001803,2.98E-05,1.91E-05,1.07E-05,4.65E-06,6.92E-06,9.46E-06,9.46E-06,-1.11E-05,4.2609,0.35031,0,0,0,0,0,0,3.4785,245.3159
246.15,1730,0.0001934,1,0.0001934,3.05E-05,1.88E-05,1.16E-05,4.88E-06,7.23E-06,9.86E-06,9.86E-06,-1.14E-05,4.4756,0.30831,0,0,1,1,0,3.30E-05,3.4846,244.4335
247.725,1740,0.0001786,1,0.0001786,2.87E-05,1.86E-05,1.01E-05,5.13E-06,7.56E-06,1.03E-05,1.03E-05,-1.17E-05,4.7191,0.29764,0,0,0,0,0,0,3.4918,243.5838
249.3333,1750,0.0001578,1,0.0001578,2.89E-05,1.84E-05,1.05E-05,5.39E-06,7.90E-06,1.07E-05,1.07E-05,-1.21E-05,4.9885,0.17698,0,0,0,0,0,0,3.5003,242.7597
251.1667,1760,0.0001854,1,0.0001854,3.40E-05,1.82E-05,1.58E-05,5.66E-06,8.25E-06,1.12E-05,1.12E-05,-1.24E-05,5.281,0.1406,0,0,0,0,0,0,3.5099,241.9554
253,1770,0.0001909,1,0.0001909,3.34E-05,1.80E-05,1.54E-05,5.93E-06,8.61E-06,1.16E-05,1.16E-05,-1.27E-05,5.5934,0.10927,0,0,1,1,0,9.28E-05,3.5207,241.1668
254.75,1780,0.0001521,1,0.0001521,2.92E-05,1.78E-05,1.13E-05,6.21E-06,8.98E-06,1.21E-05,1.21E-05,-1.30E-05,5.9216,0.059913,1,1,0,0,0,0,3.5327,240.3914
256.6667,1790,0.00012892,1,0.00012892,2.36E-05,1.77E-05,5.98E-06,6.49E-06,9.34E-06,1.25E-05,1.25E-05,-1.33E-05,6.2623,0.11826,0,0,0,0,0,0,3.5458,239.6286
258.5,1800,9.97E-05,1,9.97E-05,1.99E-05,1.75E-05,2.43E-06,6.77E-06,9.70E-06,1.30E-05,1.30E-05,-1.36E-05,6.6127,0.72637,0,0,0,0,0,0,3.56,238.878
260.5,1810,0.0001083,1,0.0001083,2.17E-05,1.74E-05,4.31E-06,7.04E-06,1.00E-05,1.34E-05,1.34E-05,-1.38E-05,6.9715,0.77367,0,0,0,0,0,0,3.5751,238.1384
262.5,1820,5.30E-05,1,5.30E-05,1.15E-05,1.72E-05,-5.71E-06,7.30E-06,1.04E-05,1.38E-05,1.38E-05,-1.41E-05,7.3384,0.35499,0,0,0,0,0,0,3.5911,237.4085
264.6667,1830,5.56E-05,1,5.56E-05,1.11E-05,1.70E-05,-5.91E-06,7.54E-06,1.07E-05,1.42E-05,1.42E-05,-1.43E-05,7.7143,0.1127,0,0,0,0,0,0,3.6077,236.6868
266.6667,1840,4.11E-05,1,4.11E-05,8.56E-06,1.69E-05,-8.33E-06,7.78E-06,1.10E-05,1.46E-05,1.46E-05,-1.45E-05,8.1007,0.093512,0,0,0,0,0,0,3.625,235.9717
268.75,1850,2.80E-05,1,2.80E-05,5.83E-06,1.67E-05,-1.09E-05,7.99E-06,1.13E-05,1.49E-05,1.49E-05,-1.47E-05,8.4994,0.88466,0,0,0,0,0,0,3.6428,235.2617
270.8333,1860,7.07E-05,1,7.07E-05,1.41E-05,1.66E-05,-2.44E-06,8.18E-06,1.15E-05,1.52E-05,1.52E-05,-1.49E-05,8.9127,0.92523,0,0,0,0,0,0,3.6609,234.5555
272.8333,1870,5.10E-05,1,5.10E-05,1.02E-05,1.64E-05,-6.18E-06,8.35E-06,1.17E-05,1.55E-05,1.55E-05,-1.51E-05,9.3423,0.86202,0,0,0,0,0,0,3.6793,233.852
274.8333,1880,6.48E-05,1,6.48E-05,1.30E-05,1.62E-05,-3.22E-06,8.50E-06,1.19E-05,1.57E-05,1.57E-05,-1.52E-05,9.7895,0.83926,0,0,0,0,0,0,3.6977,233.1502
276.8333,1890,6.15E-05,1,6.15E-05,1.23E-05,1.60E-05,-3.66E-06,8.62E-06,1.21E-05,1.59E-05,1.59E-05,-1.53E-05,10.2546,0.947,0,0,0,0,0,0,3.7161,232.4497
278.8333,1900,7.55E-05,1,7.55E-05,1.45E-05,1.58E-05,-1.29E-06,8.72E-06,1.22E-05,1.61E-05,1.61E-05,-1.54E-05,10.7371,0.91276,0,0,0,0,0,0,3.7344,231.7502
280.75,1910,6.68E-05,1,6.68E-05,1.17E-05,1.56E-05,-3.89E-06,8.79E-06,1.23E-05,1.62E-05,1.62E-05,-1.54E-05,11.2355,0.91295,0,0,0,0,0,0,3.7525,231.0518
282.5,1920,7.07E-05,1,7.07E-05,1.30E-05,1.54E-05,-2.44E-06,8.84E-06,1.23E-05,1.62E-05,1.62E-05,-1.54E-05,11.7467,0.89548,0,0,0,0,0,0,3.7703,230.3546
284.3333,1930,7.10E-05,1,7.10E-05,1.30E-05,1.53E-05,-2.25E-06,8.85E-06,1.23E-05,1.63E-05,1.63E-05,-1.54E-05,12.2656,0.73384,0,0,0,0,0,0,3.7879,229.6589
286.1667,1940,8.35E-05,1,8.35E-05,1.39E-05,1.52E-05,-1.23E-06,8.84E-06,1.23E-05,1.62E-05,1.62E-05,-1.54E-05,12.7856,0.5867,0,0,0,0,0,0,3.8053,228.9655
287.8333,1950,8.64E-05,1,8.64E-05,1.44E-05,1.51E-05,-6.74E-07,8.80E-06,1.23E-05,1.62E-05,1.62E-05,-1.53E-05,13.2998,0.41976,0,0,0,0,0,0,3.8225,228.2753
289.5,1960,7.44E-05,1,7.44E-05,1.12E-05,1.50E-05,-3.85E-06,8.73E-06,1.22E-05,1.60E-05,1.60E-05,-1.52E-05,13.8007,0.30182,0,0,0,0,0,0,3.8395,227.5895
291,1970,7.98E-05,1,7.98E-05,1.20E-05,1.50E-05,-2.98E-06,8.64E-06,1.21E-05,1.59E-05,1.59E-05,-1.51E-05,14.281,0.36621,0,0,0,0,0,0,3.8565,226.9097
292.5,1980,9.19E-05,1,9.19E-05,1.38E-05,1.49E-05,-1.12E-06,8.52E-06,1.19E-05,1.57E-05,1.57E-05,-1.49E-05,14.7339,0.30286,0,0,0,0,0,0,3.8734,226.2378
294,1990,0.00011223,1,0.00011223,1.68E-05,1.48E-05,1.99E-06,8.39E-06,1.17E-05,1.55E-05,1.55E-05,-1.48E-05,15.1537,0.38585,0,0,0,0,0,0,3.8904,225.5758
295.5,2000,0.00013401,1,0.00013401,1.84E-05,1.48E-05,3.63E-06,8.23E-06,1.15E-05,1.52E-05,1.52E-05,-1.46E-05,15.5355,0.36917,0,0,0,0,0,0,3.9076,224.9257
296.875,2010,0.0001368,1,0.0001368,2.00E-05,1.48E-05,5.20E-06,8.05E-06,1.13E-05,1.49E-05,1.49E-05,-1.44E-05,15.8762,0.45384,0,0,0,0,0,0,3.925,224.29
298.3333,2020,0.0001579,1,0.0001579,2.11E-05,1.47E-05,6.34E-06,7.85E-06,1.10E-05,1.46E-05,1.46E-05,-1.41E-05,16.1741,0.48182,0,0,0,0,0,0,3.9426,223.6709
299.6667,2030,0.0001116,1,0.0001116,1.49E-05,1.47E-05,2.06E-07,7.65E-06,1.07E-05,1.42E-05,1.42E-05,-1.39E-05,16.4296,0.39224,0,0,0,0,0,0,3.9606,223.0707
301,2040,0.00012241,1,0.00012241,1.68E-05,1.47E-05,2.13E-06,7.43E-06,1.05E-05,1.39E-05,1.39E-05,-1.36E-05,16.6454,0.53498,0,0,0,0,0,0,3.9791,222.4913
302.375,2050,0.000128,1,0.000128,1.60E-05,1.47E-05,1.32E-06,7.21E-06,1.02E-05,1.35E-05,1.35E-05,-1.34E-05,16.826,0.54549,0,0,0,0,0,0,3.9982,221.9345
303.625,2060,0.0001179,1,0.0001179,1.62E-05,1.47E-05,1.55E-06,6.98E-06,9.87E-06,1.31E-05,1.31E-05,-1.31E-05,16.9776,0.60725,0,0,0,0,0,0,4.0179,221.4015
305,2070,0.0001564,1,0.0001564,1.96E-05,1.46E-05,4.90E-06,6.74E-06,9.56E-06,1.27E-05,1.27E-05,-1.28E-05,17.1069,0.54646,0,0,0,0,0,0,4.0384,220.8932
306.25,2080,0.0001852,1,0.0001852,2.32E-05,1.46E-05,8.52E-06,6.51E-06,9.26E-06,1.23E-05,1.23E-05,-1.26E-05,17.2198,0.48553,0,0,0,0,0,0,4.0598,220.41
307.5,2090,0.0002296,1,0.0002296,2.87E-05,1.46E-05,1.41E-05,6.29E-06,8.96E-06,1.20E-05,1.20E-05,-1.23E-05,17.3215,0.39309,0,0,0,0,0,0,4.0821,219.9517
308.75,2100,0.0006252,1,0.0006252,7.82E-05,1.46E-05,6.35E-05,6.07E-06,8.67E-06,1.16E-05,1.16E-05,-1.20E-05,17.4156,0.2754,0,0,0,0,0,0,4.1054,219.5176
310,2110,0.0012116,1,0.0012116,0.00015145,1.46E-05,0.00013687,5.87E-06,8.40E-06,1.12E-05,1.12E-05,-1.18E-05,17.5036,0.17278,0,0,0,0,0,0,4.1297,219.1061
311.25,2120,0.0007544,1,0.0007544,9.43E-05,1.46E-05,7.97E-05,5.68E-06,8.15E-06,1.09E-05,1.09E-05,-1.15E-05,17.5861,0.15104,1,1,1,1,0,0.0032308,4.155,218.7149
312.5,2130,0.000135,1,0.000135,1.69E-05,1.45E-05,2.34E-06,5.50E-06,7.91E-06,1.06E-05,1.06E-05,-1.12E-05,17.6633,0.13119,0,0,0,0,0,0,4.1814,218.3407
313.75,2140,0.0001346,1,0.0001346,1.55E-05,1.45E-05,9.66E-07,5.34E-06,7.69E-06,1.03E-05,1.03E-05,-1.10E-05,17.7332,0.1198,0,0,0,0,0,0,4.2086,217.9794
314.9,2150,0.00010768,1,0.00010768,1.32E-05,1.45E-05,-1.29E-06,5.20E-06,7.50E-06,1.01E-05,1.01E-05,-1.08E-05,17.7901,0.12961,0,0,0,0,0,0,4.2367,217.6257
316.125,2160,7.72E-05,1,7.72E-05,9.65E-06,1.45E-05,-4.80E-06,5.08E-06,7.33E-06,9.85E-06,9.85E-06,-1.06E-05,17.8265,0.16602,0,0,0,0,0,0,4.2656,217.2736
317.375,2170,5.88E-05,1,5.88E-05,7.35E-06,1.44E-05,-7.06E-06,4.97E-06,7.18E-06,9.65E-06,9.65E-06,-1.04E-05,17.8342,0.20796,0,0,0,0,0,0,4.295,216.9164
318.625,2180,0.00010668,1,0.00010668,1.25E-05,1.44E-05,-1.82E-06,4.88E-06,7.05E-06,9.48E-06,9.48E-06,-1.02E-05,17.8056,0.23201,0,0,0,0,0,0,4.3249,216.5474
319.8,2190,0.0001102,1,0.0001102,1.32E-05,1.43E-05,-1.08E-06,4.81E-06,6.94E-06,9.33E-06,9.33E-06,-1.00E-05,17.7343,0.23709,0,0,0,0,0,0,4.3551,216.1592
321,2200,0.0001046,1,0.0001046,1.31E-05,1.42E-05,-1.17E-06,4.75E-06,6.85E-06,9.21E-06,9.21E-06,-9.88E-06,17.6157,0.2486,0,0,0,0,0,0,4.3854,215.745
322.25,2210,9.63E-05,1,9.63E-05,1.20E-05,1.42E-05,-2.16E-06,4.69E-06,6.77E-06,9.10E-06,9.10E-06,-9.76E-06,17.447,0.33849,0,0,0,0,0,0,4.4158,215.2979
323.5,2220,0.0001164,1,0.0001164,1.40E-05,1.41E-05,-1.75E-07,4.65E-06,6.70E-06,9.01E-06,9.01E-06,-9.64E-06,17.2275,0.34441,0,0,0,0,0,0,4.4459,214.8119
324.7,2230,0.00010182,1,0.00010182,1.20E-05,1.41E-05,-2.15E-06,4.61E-06,6.64E-06,8.93E-06,8.93E-06,-9.54E-06,16.9589,0.38583,0,0,0,0,0,0,4.4758,214.2819
325.875,2240,0.0001251,1,0.0001251,1.56E-05,1.41E-05,1.53E-06,4.57E-06,6.59E-06,8.85E-06,8.85E-06,-9.45E-06,16.6444,0.49712,0,0,0,0,0,0,4.5052,213.7043
327.125,2250,0.0001075,1,0.0001075,1.34E-05,1.41E-05,-6.98E-07,4.53E-06,6.54E-06,8.78E-06,8.78E-06,-9.37E-06,16.2889,0.37505,0,0,0,0,0,0,4.5341,213.077
328.375,2260,0.0001067,1,0.0001067,1.33E-05,1.42E-05,-8.62E-07,4.50E-06,6.48E-06,8.71E-06,8.71E-06,-9.30E-06,15.8988,0.47856,0,0,0,0,0,0,4.5625,212.4
329.625,2270,0.00010249,1,0.00010249,1.28E-05,1.43E-05,-1.49E-06,4.46E-06,6.43E-06,8.64E-06,8.64E-06,-9.23E-06,15.4817,0.51768,0,0,0,0,0,0,4.5902,211.6739
330.875,2280,8.37E-05,1,8.37E-05,1.08E-05,1.44E-05,-3.63E-06,4.42E-06,6.38E-06,8.58E-06,8.58E-06,-9.18E-06,15.0446,0.49711,0,0,0,0,0,0,4.6175,210.8993
332.1667,2290,8.88E-05,1,8.88E-05,1.18E-05,1.46E-05,-2.77E-06,4.39E-06,6.33E-06,8.51E-06,8.51E-06,-9.13E-06,14.5938,0.49939,0,0,0,0,0,0,4.6441,210.077
333.5,2300,0.00010152,1,0.00010152,1.27E-05,1.48E-05,-2.13E-06,4.35E-06,6.28E-06,8.45E-06,8.45E-06,-9.08E-06,14.1351,0.40598,0,0,0,0,0,0,4.6704,209.2078
334.75,2310,0.00011291,1,0.00011291,1.55E-05,1.50E-05,4.76E-07,4.31E-06,6.23E-06,8.39E-06,8.39E-06,-9.05E-06,13.6733,0.33004,0,0,0,0,0,0,4.6963,208.2927
336.125,2320,0.0001146,1,0.0001146,1.43E-05,1.53E-05,-9.80E-07,4.27E-06,6.19E-06,8.33E-06,8.33E-06,-9.02E-06,13.2127,0.24445,0,0,0,0,0,0,4.722,207.3329
337.375,2330,9.20E-05,1,9.20E-05,1.27E-05,1.56E-05,-2.93E-06,4.24E-06,6.14E-06,8.28E-06,8.28E-06,-8.99E-06,12.7567,0.28483,0,0,0,0,0,0,4.7476,206.3294
338.75,2340,9.81E-05,1,9.81E-05,1.39E-05,1.59E-05,-1.96E-06,4.20E-06,6.10E-06,8.22E-06,8.22E-06,-8.97E-06,12.3075,0.3181,0,0,0,0,0,0,4.7733,205.2836
340.1667,2350,0.00010916,1,0.00010916,1.46E-05,1.61E-05,-1.59E-06,4.17E-06,6.06E-06,8.18E-06,8.18E-06,-8.96E-06,11.866,0.28851,0,0,0,0,0,0,4.7993,204.1968
341.5,2360,0.00010544,1,0.00010544,1.58E-05,1.64E-05,-6.13E-07,4.14E-06,6.03E-06,8.14E-06,8.14E-06,-8.95E-06,11.4321,0.30606,0,0,0,0,0,0,4.8258,203.0705
343,2370,0.00011451,1,0.00011451,1.60E-05,1.67E-05,-6.79E-07,4.12E-06,6.00E-06,8.11E-06,8.11E-06,-8.95E-06,11.0043,0.039678,0,0,0,0,0,0,4.8529,201.9065
344.4,2380,0.0001298,1,0.0001298,1.95E-05,1.70E-05,2.49E-06,4.10E-06,5.98E-06,8.09E-06,8.09E-06,-8.95E-06,10.5801,0.10529,0,0,0,0,0,0,4.8808,200.7063
345.9,2390,0.0001446,1,0.0001446,2.39E-05,1.73E-05,6.59E-06,4.09E-06,5.97E-06,8.07E-06,8.07E-06,-8.95E-06,10.157,0.12943,0,0,0,0,0,0,4.9097,199.4717
347.55,2400,0.0002054,1,0.0002054,3.08E-05,1.76E-05,1.33E-05,4.08E-06,5.96E-06,8.06E-06,8.06E-06,-8.96E-06,9.7332,0.23676,0,0,0,0,0,0,4.9397,198.2045
349.05,2410,0.0002082,1,0.0002082,3.44E-05,1.78E-05,1.65E-05,4.07E-06,5.95E-06,8.05E-06,8.05E-06,-8.97E-06,9.3086,0.039379,1,1,1,1,0,0.00015023,4.9708,196.9062
350.7,2420,0.00011468,1,0.00011468,1.87E-05,1.81E-05,6.17E-07,4.07E-06,5.95E-06,8.06E-06,8.06E-06,-8.98E-06,8.8844,0.059574,0,0,0,0,0,0,5.0032,195.5782
352.3333,2430,8.87E-05,1,8.87E-05,1.48E-05,1.84E-05,-3.62E-06,4.07E-06,5.95E-06,8.06E-06,8.06E-06,-9.00E-06,8.4625,0.048755,0,0,0,0,0,0,5.0369,194.2216
354,2440,9.73E-05,1,9.73E-05,1.62E-05,1.87E-05,-2.44E-06,4.08E-06,5.96E-06,8.08E-06,8.08E-06,-9.01E-06,8.0454,0.075982,0,0,0,0,0,0,5.0718,192.8374
355.6667,2450,0.00010379,1,0.00010379,1.73E-05,1.89E-05,-1.64E-06,4.09E-06,5.98E-06,8.09E-06,8.09E-06,-9.02E-06,7.6361,0.060601,0,0,0,0,0,0,5.1081,191.4264
357.3333,2460,0.00012034,1,0.00012034,2.21E-05,1.92E-05,2.87E-06,4.11E-06,6.00E-06,8.12E-06,8.12E-06,-9.03E-06,7.2382,0.050734,0,0,0,0,0,0,5.1456,189.9896
359.1667,2470,0.00012178,1,0.00012178,2.23E-05,1.95E-05,2.88E-06,4.13E-06,6.02E-06,8.15E-06,8.15E-06,-9.04E-06,6.8554,0.093612,0,0,0,0,0,0,5.1842,188.5279
361,2480,0.00012032,1,0.00012032,2.21E-05,1.97E-05,2.36E-06,4.15E-06,6.05E-06,8.18E-06,8.18E-06,-9.05E-06,6.4918,0.10708,0,0,0,0,0,0,5.2241,187.0425
362.8333,2490,0.00011636,1,0.00011636,2.23E-05,1.99E-05,2.37E-06,4.18E-06,6.09E-06,8.23E-06,8.23E-06,-9.06E-06,6.1515,0.66963,0,0,0,0,0,0,5.2649,185.5347
364.75,2500,9.55E-05,1,9.55E-05,1.91E-05,2.02E-05,-1.07E-06,4.22E-06,6.13E-06,8.27E-06,8.27E-06,-9.06E-06,5.8381,0.046959,0,0,0,0,0,0,5.3068,184.0058
366.75,2510,0.00010188,1,0.00010188,2.04E-05,2.04E-05,1.09E-09,4.26E-06,6.17E-06,8.32E-06,8.32E-06,-9.07E-06,5.5552,0.034736,0,0,0,0,0,0,5.3495,182.4574
368.75,2520,0.00011536,1,0.00011536,2.40E-05,2.06E-05,3.45E-06,4.30E-06,6.22E-06,8.38E-06,8.38E-06,-9.07E-06,5.3055,0.02956,0,0,0,0,0,0,5.3931,180.8913
370.8333,2530,0.0001094,1,0.0001094,2.37E-05,2.08E-05,2.93E-06,4.34E-06,6.27E-06,8.44E-06,8.44E-06,-9.08E-06,5.0909,0.066048,0,0,0,0,0,0,5.4374,179.3093
373,2540,0.00012244,1,0.00012244,2.45E-05,2.10E-05,3.52E-06,4.39E-06,6.33E-06,8.50E-06,8.50E-06,-9.08E-06,4.9121,0.059909,0,0,0,0,0,0,5.4824,177.7134
375,2550,0.00011924,1,0.00011924,2.68E-05,2.11E-05,5.69E-06,4.44E-06,6.39E-06,8.57E-06,8.57E-06,-9.09E-06,4.7691,0.072394,0,0,0,0,0,0,5.5279,176.106
377.25,2560,0.00011614,1,0.00011614,2.61E-05,2.13E-05,4.83E-06,4.50E-06,6.45E-06,8.64E-06,8.64E-06,-9.10E-06,4.6605,0.11836,1,0,0,0,0,0,5.5739,174.4895
379.5,2570,7.89E-05,1,7.89E-05,1.97E-05,2.15E-05,-1.75E-06,4.55E-06,6.51E-06,8.72E-06,8.72E-06,-9.10E-06,4.5837,0.093921,0,0,0,0,0,0,5.6202,172.8663
382,2580,7.63E-05,1,7.63E-05,1.72E-05,2.16E-05,-4.44E-06,4.60E-06,6.57E-06,8.79E-06,8.79E-06,-9.11E-06,4.5341,0.084696,0,0,0,0,0,0,5.6668,171.239
384.25,2590,7.35E-05,1,7.35E-05,1.84E-05,2.17E-05,-3.37E-06,4.65E-06,6.63E-06,8.85E-06,8.85E-06,-9.12E-06,4.5058,0.15702,0,0,0,0,0,0,5.7137,169.6104
386.75,2600,7.66E-05,1,7.66E-05,1.91E-05,2.19E-05,-2.73E-06,4.69E-06,6.68E-06,8.90E-06,8.90E-06,-9.13E-06,4.4917,0.22944,0,0,0,0,0,0,5.7606,167.9829
389.25,2610,7.05E-05,1,7.05E-05,1.76E-05,2.20E-05,-4.37E-06,4.72E-06,6.71E-06,8.95E-06,8.95E-06,-9.13E-06,4.484,0.26212,0,0,0,0,0,0,5.8075,166.3592
391.75,2620,8.44E-05,1,8.44E-05,2.11E-05,2.21E-05,-1.02E-06,4.74E-06,6.74E-06,8.97E-06,8.97E-06,-9.12E-06,4.477,0.27277,0,0,0,0,0,0,5.8543,164.7418
394.25,2630,9.31E-05,1,9.31E-05,2.56E-05,2.22E-05,3.36E-06,4.75E-06,6.74E-06,8.98E-06,8.98E-06,-9.11E-06,4.4679,0.26377,0,0,0,0,0,0,5.9008,163.1331
397,2640,0.000115,1,0.000115,2.88E-05,2.24E-05,6.40E-06,4.74E-06,6.73E-06,8.96E-06,8.96E-06,-9.08E-06,4.4563,0.31514,0,0,0,0,0,0,5.947,161.5351
399.5,2650,0.0001552,1,0.0001552,3.88E-05,2.25E-05,1.63E-05,4.73E-06,6.71E-06,8.93E-06,8.93E-06,-9.05E-06,4.4424,0.40023,1,1,1,1,0,7.40E-05,5.9927,159.9498
402,2660,9.04E-05,1,9.04E-05,2.49E-05,2.26E-05,2.27E-06,4.69E-06,6.67E-06,8.87E-06,8.87E-06,-9.00E-06,4.4265,0.66639,0,0,0,0,0,0,6.0378,158.3792
404.75,2670,6.93E-05,1,6.93E-05,1.73E-05,2.27E-05,-5.40E-06,4.65E-06,6.61E-06,8.80E-06,8.80E-06,-8.94E-06,4.4096,0.49535,0,0,0,0,0,0,6.0822,156.8249
407.25,2680,6.94E-05,1,6.94E-05,1.73E-05,2.28E-05,-5.49E-06,4.60E-06,6.54E-06,8.71E-06,8.71E-06,-8.88E-06,4.3923,0.42733,0,0,0,0,0,0,6.1256,155.2882
409.75,2690,9.18E-05,1,9.18E-05,2.30E-05,2.30E-05,4.86E-09,4.54E-06,6.45E-06,8.61E-06,8.61E-06,-8.80E-06,4.3752,0.47323,0,0,0,0,0,0,6.168,153.7703
412.25,2700,7.97E-05,1,7.97E-05,1.99E-05,2.31E-05,-3.17E-06,4.46E-06,6.36E-06,8.49E-06,8.49E-06,-8.72E-06,4.3588,0.49768,0,0,0,0,0,0,6.2091,152.2724
414.75,2710,9.27E-05,1,9.27E-05,2.32E-05,2.32E-05,-3.69E-08,4.38E-06,6.25E-06,8.35E-06,8.35E-06,-8.62E-06,4.343,0.47382,0,0,0,0,0,0,6.2489,150.7949
417.25,2720,0.00010346,1,0.00010346,2.59E-05,2.33E-05,2.53E-06,4.30E-06,6.14E-06,8.21E-06,8.21E-06,-8.52E-06,4.3278,0.00091026,0,0,0,0,0,0,6.2873,149.3382
419.75,2730,0.00010504,1,0.00010504,2.36E-05,2.35E-05,1.74E-07,4.20E-06,6.01E-06,8.05E-06,8.05E-06,-8.41E-06,4.313,0.64622,0,0,0,0,0,0,6.3242,147.9025
422,2740,0.0001628,1,0.0001628,3.80E-05,2.36E-05,1.44E-05,4.10E-06,5.88E-06,7.88E-06,7.88E-06,-8.30E-06,4.2983,0.61583,0,1,1,1,0,6.52E-05,6.3595,146.488
424.3333,2750,0.0001332,1,0.0001332,2.89E-05,2.37E-05,5.14E-06,3.99E-06,5.74E-06,7.70E-06,7.70E-06,-8.18E-06,4.2837,0.60253,1,0,0,0,0,0,6.3932,145.096
426.5,2760,9.20E-05,1,9.20E-05,2.07E-05,2.38E-05,-3.14E-06,3.88E-06,5.59E-06,7.52E-06,7.52E-06,-8.05E-06,4.2693,0.12696,0,0,0,0,0,0,6.4254,143.7287
428.75,2770,0.0001087,1,0.0001087,2.26E-05,2.40E-05,-1.33E-06,3.76E-06,5.44E-06,7.33E-06,7.33E-06,-7.92E-06,4.2562,0.58032,0,0,0,0,0,0,6.456,142.3893
430.8333,2780,0.0001432,1,0.0001432,2.86E-05,2.41E-05,4.53E-06,3.65E-06,5.29E-06,7.14E-06,7.14E-06,-7.79E-06,4.245,0.035498,1,0,0,0,0,0,6.4851,141.0814
432.8333,2790,0.00011104,1,0.00011104,2.22E-05,2.42E-05,-2.03E-06,3.53E-06,5.15E-06,6.95E-06,6.95E-06,-7.67E-06,4.2358,0.048662,0,0,0,0,0,0,6.5128,139.8096
434.8333,2800,0.00012112,1,0.00012112,2.32E-05,2.44E-05,-1.15E-06,3.42E-06,5.00E-06,6.77E-06,6.77E-06,-7.54E-06,4.229,0.077494,0,0,0,0,0,0,6.539,138.5782
436.75,2810,0.00012738,1,0.00012738,2.44E-05,2.45E-05,-6.52E-08,3.31E-06,4.86E-06,6.59E-06,6.59E-06,-7.41E-06,4.2243,0.17111,0,0,0,0,0,0,6.5639,137.3913
438.6667,2820,0.0001408,1,0.0001408,2.35E-05,2.46E-05,-1.12E-06,3.21E-06,4.72E-06,6.41E-06,6.41E-06,-7.29E-06,4.2216,0.30039,0,0,0,0,0,0,6.5875,136.2525
440.3333,2830,0.00013166,1,0.00013166,2.41E-05,2.47E-05,-5.46E-07,3.11E-06,4.58E-06,6.24E-06,6.24E-06,-7.17E-06,4.2207,0.22779,0,0,0,0,0,0,6.6099,135.1651
442.1667,2840,0.0001573,1,0.0001573,2.57E-05,2.48E-05,9.22E-07,3.01E-06,4.45E-06,6.07E-06,6.07E-06,-7.04E-06,4.2212,0.38421,0,0,0,0,0,0,6.6313,134.1315
443.8,2850,0.0001641,1,0.0001641,2.58E-05,2.48E-05,9.99E-07,2.91E-06,4.33E-06,5.91E-06,5.91E-06,-6.92E-06,4.2225,0.66245,0,0,0,0,0,0,6.6516,133.154
445.375,2860,0.0001597,1,0.0001597,2.52E-05,2.49E-05,2.37E-07,2.82E-06,4.20E-06,5.76E-06,5.76E-06,-6.80E-06,4.2243,0.66412,0,0,0,0,0,0,6.6711,132.2343
446.95,2870,0.0001968,1,0.0001968,2.95E-05,2.50E-05,4.54E-06,2.73E-06,4.09E-06,5.61E-06,5.61E-06,-6.68E-06,4.2265,0.8895,0,0,0,0,0,0,6.6898,131.3738
448.45,2880,0.0001976,1,0.0001976,3.06E-05,2.50E-05,5.60E-06,2.65E-06,3.98E-06,5.46E-06,5.46E-06,-6.56E-06,4.2289,0.55607,0,0,1,1,0,1.33E-06,6.7077,130.5734
450,2890,0.0002146,1,0.0002146,2.95E-05,2.51E-05,4.43E-06,2.57E-06,3.87E-06,5.33E-06,5.33E-06,-6.44E-06,4.2316,0.74159,0,1,0,0,0,0,6.7249,129.8341
451.375,2900,0.0001979,1,0.0001979,2.89E-05,2.51E-05,3.74E-06,2.50E-06,3.77E-06,5.20E-06,5.20E-06,-6.33E-06,4.2349,0.28616,1,0,0,0,0,0,6.7414,129.1565
452.8333,2910,0.0002003,1,0.0002003,2.59E-05,2.52E-05,6.82E-07,2.43E-06,3.68E-06,5.07E-06,5.07E-06,-6.22E-06,4.2389,0.7382,0,0,0,0,0,0,6.7572,128.5409
454.125,2920,0.000179,1,0.000179,2.46E-05,2.52E-05,-5.90E-07,2.37E-06,3.59E-06,4.96E-06,4.96E-06,-6.11E-06,4.244,0.45031,0,0,0,0,0,0,6.7722,127.9873
455.5,2930,0.0001784,1,0.0001784,2.23E-05,2.52E-05,-2.91E-06,2.31E-06,3.51E-06,4.85E-06,4.85E-06,-6.00E-06,4.2504,0.76613,0,0,0,0,0,0,6.7865,127.4953
456.75,2940,0.0001968,1,0.0001968,2.46E-05,2.52E-05,-6.01E-07,2.26E-06,3.43E-06,4.75E-06,4.75E-06,-5.90E-06,4.2586,0.59583,0,0,0,0,0,0,6.8,127.0643
458,2950,0.0001928,1,0.0001928,2.41E-05,2.52E-05,-1.09E-06,2.21E-06,3.36E-06,4.65E-06,4.65E-06,-5.81E-06,4.269,0.35029,0,0,0,0,0,0,6.8126,126.6934
459.25,2960,0.000184,1,0.000184,2.30E-05,2.52E-05,-2.18E-06,2.16E-06,3.30E-06,4.57E-06,4.57E-06,-5.72E-06,4.282,0.45606,0,0,0,0,0,0,6.8243,126.3815
460.5,2970,0.000173,1,0.000173,2.16E-05,2.52E-05,-3.54E-06,2.12E-06,3.24E-06,4.49E-06,4.49E-06,-5.64E-06,4.2979,0.41196,0,0,0,0,0,0,6.835,126.1272
461.75,2980,0.0002206,1,0.0002206,2.54E-05,2.51E-05,2.23E-07,2.09E-06,3.19E-06,4.42E-06,4.42E-06,-5.57E-06,4.3167,0.49387,0,0,0,0,0,0,6.8446,125.9292
462.9,2990,0.0002179,1,0.0002179,2.61E-05,2.51E-05,1.02E-06,2.05E-06,3.14E-06,4.36E-06,4.36E-06,-5.51E-06,4.3385,0.29522,0,0,0,0,0,0,6.8531,125.7857
464.1,3000,0.0002348,1,0.0002348,2.70E-05,2.51E-05,1.87E-06,2.03E-06,3.11E-06,4.32E-06,4.32E-06,-5.46E-06,4.3633,0.29522,0,0,0,0,0,0,6.8603,125.6951
465.25,3010,0.0002762,1,0.0002762,3.11E-05,2.51E-05,5.95E-06,2.01E-06,3.08E-06,4.27E-06,4.27E-06,-5.42E-06,4.3908,0.46713,1,1,1,1,0,1.67E-05,6.8661,125.6556
466.375,3020,0.0002317,1,0.0002317,2.61E-05,2.51E-05,9.43E-07,1.99E-06,3.05E-06,4.24E-06,4.24E-06,-5.39E-06,4.4203,0.50826,0,0,0,0,0,0,6.8705,125.6655
467.5,3030,0.0002043,1,0.0002043,2.30E-05,2.51E-05,-2.14E-06,1.97E-06,3.03E-06,4.21E-06,4.21E-06,-5.36E-06,4.4514,0.1186,0,0,0,0,0,0,6.8732,125.723
468.625,3040,0.000218,1,0.000218,2.45E-05,2.51E-05,-6.00E-07,1.96E-06,3.01E-06,4.18E-06,4.18E-06,-5.34E-06,4.4834,0.34169,0,0,0,0,0,0,6.8742,125.8261
469.75,3050,0.00022,1,0.00022,2.31E-05,2.51E-05,-2.03E-06,1.94E-06,2.99E-06,4.16E-06,4.16E-06,-5.33E-06,4.5157,0.53825,0,0,0,0,0,0,6.8734,125.9723
470.8,3060,0.0002228,1,0.0002228,2.45E-05,2.51E-05,-6.31E-07,1.93E-06,2.97E-06,4.14E-06,4.14E-06,-5.32E-06,4.5481,0.59703,0,0,0,0,0,0,6.8705,126.1589
471.9,3070,0.0002352,1,0.0002352,2.59E-05,2.52E-05,7.18E-07,1.91E-06,2.95E-06,4.12E-06,4.12E-06,-5.31E-06,4.5803,0.56245,0,0,0,0,0,0,6.8655,126.383
473,3080,0.0002179,1,0.0002179,2.40E-05,2.52E-05,-1.21E-06,1.90E-06,2.94E-06,4.10E-06,4.10E-06,-5.31E-06,4.6125,0.66392,0,0,0,0,0,0,6.8584,126.6418
474.1,3090,0.0002353,1,0.0002353,2.35E-05,2.52E-05,-1.67E-06,1.88E-06,2.92E-06,4.08E-06,4.08E-06,-5.31E-06,4.6449,0.55337,0,0,0,0,0,0,6.8489,126.9322
475.1,3100,0.0002034,1,0.0002034,2.24E-05,2.52E-05,-2.85E-06,1.87E-06,2.90E-06,4.06E-06,4.06E-06,-5.31E-06,4.6774,0.56075,0,0,0,0,0,0,6.8371,127.2515
476.2,3110,0.0002339,1,0.0002339,2.34E-05,2.52E-05,-1.86E-06,1.85E-06,2.88E-06,4.04E-06,4.04E-06,-5.31E-06,4.7101,0.71373,0,0,0,0,0,0,6.8231,127.5971
477.2,3120,0.0002194,1,0.0002194,2.41E-05,2.53E-05,-1.13E-06,1.83E-06,2.86E-06,4.01E-06,4.01E-06,-5.32E-06,4.7431,0.74351,0,0,0,0,0,0,6.8068,127.9669
478.3,3130,0.0002504,1,0.0002504,2.50E-05,2.53E-05,-2.40E-07,1.81E-06,2.84E-06,3.99E-06,3.99E-06,-5.32E-06,4.7764,0.41247,0,0,0,0,0,0,6.7883,128.3596
479.3,3140,0.0002387,1,0.0002387,2.57E-05,2.53E-05,3.76E-07,1.79E-06,2.82E-06,3.97E-06,3.97E-06,-5.33E-06,4.8098,0.70865,0,0,0,0,0,0,6.7679,128.7751
480.375,3150,0.000244,1,0.000244,2.50E-05,2.53E-05,-2.68E-07,1.78E-06,2.80E-06,3.95E-06,3.95E-06,-5.33E-06,4.8432,0.52731,0,0,0,0,0,0,6.7456,129.2137
481.4,3160,0.000242,1,0.000242,2.42E-05,2.53E-05,-1.06E-06,1.76E-06,2.78E-06,3.92E-06,3.92E-06,-5.34E-06,4.8764,0.81835,0,0,0,0,0,0,6.7217,129.6759
482.4,3170,0.000243,1,0.000243,2.43E-05,2.52E-05,-9.29E-07,1.74E-06,2.76E-06,3.90E-06,3.90E-06,-5.35E-06,4.9098,0.72446,0,0,0,0,0,0,6.6965,130.1625
483.4,3180,0.0002559,1,0.0002559,2.81E-05,2.52E-05,2.96E-06,1.73E-06,2.75E-06,3.89E-06,3.89E-06,-5.36E-06,4.9435,0.75229,0,0,0,0,0,0,6.6703,130.6738
484.5,3190,0.00028,1,0.00028,2.80E-05,2.51E-05,2.87E-06,1.72E-06,2.74E-06,3.88E-06,3.88E-06,-5.37E-06,4.978,0.7086,0,1,0,0,0,0,6.6432,131.2098
485.5,3200,0.0002765,1,0.0002765,2.77E-05,2.51E-05,2.59E-06,1.71E-06,2.73E-06,3.88E-06,3.88E-06,-5.39E-06,5.0135,0.66526,1,0,0,0,0,0,6.6157,131.7704
486.5,3210,0.0002475,1,0.0002475,2.48E-05,2.50E-05,-2.42E-07,1.71E-06,2.74E-06,3.89E-06,3.89E-06,-5.41E-06,5.0513,0.73963,0,0,0,0,0,0,6.5881,132.355
487.5,3220,0.0002755,1,0.0002755,2.76E-05,2.49E-05,2.64E-06,1.72E-06,2.76E-06,3.91E-06,3.91E-06,-5.44E-06,5.095,0.79002,0,0,0,0,0,0,6.5606,132.9629
488.5,3230,0.0002712,1,0.0002712,2.98E-05,2.48E-05,5.00E-06,1.75E-06,2.79E-06,3.96E-06,3.96E-06,-5.48E-06,5.1502,0.81976,0,0,1,1,0,1.04E-05,6.5335,133.593
489.6,3240,0.0002807,1,0.0002807,2.81E-05,2.48E-05,3.32E-06,1.78E-06,2.84E-06,4.02E-06,4.02E-06,-5.54E-06,5.2221,0.81996,0,0,0,0,0,0,6.5072,134.2439
490.6,3250,0.0004603,1,0.0004603,4.60E-05,2.47E-05,2.14E-05,1.83E-06,2.90E-06,4.10E-06,4.10E-06,-5.60E-06,5.315,0.66275,1,1,1,1,0,0.00017252,6.4817,134.9139
491.6,3260,0.0002292,1,0.0002292,2.29E-05,2.46E-05,-1.68E-06,1.89E-06,2.98E-06,4.20E-06,4.20E-06,-5.67E-06,5.4322,0.75222,0,0,0,0,0,0,6.4572,135.6019
492.6,3270,0.000241,1,0.000241,2.47E-05,2.45E-05,1.74E-07,1.96E-06,3.07E-06,4.32E-06,4.32E-06,-5.76E-06,5.577,0.83258,0,0,0,0,0,0,6.4338,136.3072
493.625,3280,0.0002809,1,0.0002809,3.02E-05,2.45E-05,5.74E-06,2.04E-06,3.18E-06,4.45E-06,4.45E-06,-5.85E-06,5.7516,0.68705,0,0,0,0,0,0,6.4115,137.03
494.7,3290,0.0003239,1,0.0003239,3.24E-05,2.44E-05,8.01E-06,2.13E-06,3.29E-06,4.59E-06,4.59E-06,-5.95E-06,5.9576,0.68199,1,1,1,1,0,5.18E-05,6.3903,137.7708
495.7,3300,0.0002355,1,0.0002355,2.36E-05,2.43E-05,-7.58E-07,2.22E-06,3.41E-06,4.74E-06,4.74E-06,-6.05E-06,6.1952,0.52123,0,0,0,0,0,0,6.3702,138.5306
496.7,3310,0.0002398,1,0.0002398,2.40E-05,2.42E-05,-2.55E-07,2.31E-06,3.53E-06,4.90E-06,4.90E-06,-6.15E-06,6.4644,0.59941,0,0,0,0,0,0,6.3511,139.3105
497.7,3320,0.0002325,1,0.0002325,2.33E-05,2.42E-05,-9.10E-07,2.41E-06,3.65E-06,5.05E-06,5.05E-06,-6.26E-06,6.7646,0.83635,0,0,0,0,0,0,6.3328,140.1105
498.7,3330,0.0002138,1,0.0002138,2.14E-05,2.41E-05,-2.70E-06,2.50E-06,3.78E-06,5.21E-06,5.21E-06,-6.37E-06,7.0942,0.76645,0,0,0,0,0,0,6.3153,140.9291
499.7,3340,0.0002341,1,0.0002341,2.34E-05,2.40E-05,-5.95E-07,2.59E-06,3.90E-06,5.36E-06,5.36E-06,-6.48E-06,7.4504,0.91075,0,0,0,0,0,0,6.2985,141.7643
500.7,3350,0.0002171,1,0.0002171,2.17E-05,2.39E-05,-2.21E-06,2.68E-06,4.01E-06,5.51E-06,5.51E-06,-6.59E-06,7.8292,0.93845,0,0,0,0,0,0,6.2821,142.6128
501.7,3360,0.000222,1,0.000222,2.22E-05,2.38E-05,-1.64E-06,2.77E-06,4.13E-06,5.66E-06,5.66E-06,-6.69E-06,8.2261,0.96195,0,0,0,0,0,0,6.2661,143.4709
502.7,3370,0.000229,1,0.000229,2.40E-05,2.38E-05,2.79E-07,2.86E-06,4.25E-06,5.81E-06,5.81E-06,-6.80E-06,8.6364,0.78008,0,0,0,0,0,0,6.2503,144.3344
503.75,3380,0.0002591,1,0.0002591,2.46E-05,2.37E-05,9.20E-07,2.95E-06,4.37E-06,5.97E-06,5.97E-06,-6.92E-06,9.0557,0.77777,0,0,0,0,0,0,6.2346,145.1988
504.7,3390,0.0002084,1,0.0002084,2.08E-05,2.36E-05,-2.79E-06,3.05E-06,4.50E-06,6.13E-06,6.13E-06,-7.04E-06,9.4797,0.78374,0,0,0,0,0,0,6.2189,146.0592
505.7,3400,0.000188,1,0.000188,1.88E-05,2.36E-05,-4.78E-06,3.15E-06,4.63E-06,6.30E-06,6.30E-06,-7.16E-06,9.9048,0.76931,0,0,0,0,0,0,6.203,146.9111
506.7,3410,0.0001971,1,0.0001971,1.97E-05,2.35E-05,-3.84E-06,3.26E-06,4.78E-06,6.48E-06,6.48E-06,-7.29E-06,10.3277,0.62456,0,0,0,0,0,0,6.1871,147.7497
507.7,3420,0.0002163,1,0.0002163,2.16E-05,2.35E-05,-1.90E-06,3.37E-06,4.93E-06,6.67E-06,6.67E-06,-7.43E-06,10.7458,0.36743,0,0,0,0,0,0,6.1708,148.5707
508.7,3430,0.0002079,1,0.0002079,2.08E-05,2.35E-05,-2.75E-06,3.49E-06,5.09E-06,6.87E-06,6.87E-06,-7.58E-06,11.157,0.69744,0,0,0,0,0,0,6.1543,149.37
509.7,3440,0.0002202,1,0.0002202,2.20E-05,2.37E-05,-1.64E-06,3.63E-06,5.26E-06,7.09E-06,7.09E-06,-7.74E-06,11.5602,0.83,0,0,0,0,0,0,6.1375,150.1439
510.7,3450,0.0002373,1,0.0002373,2.14E-05,2.37E-05,-2.36E-06,3.78E-06,5.46E-06,7.34E-06,7.34E-06,-7.92E-06,11.9541,0.0010597,0,0,0,0,0,0,6.1203,150.8886
511.6,3460,0.0002399,1,0.0002399,2.40E-05,2.38E-05,2.02E-07,3.95E-06,5.69E-06,7.63E-06,7.63E-06,-8.13E-06,12.3386,0.39766,0,0,0,0,0,0,6.1028,151.6008
512.6,3470,0.000239,1,0.000239,2.39E-05,2.39E-05,1.19E-08,4.14E-06,5.95E-06,7.97E-06,7.97E-06,-8.37E-06,12.713,0.1608,0,0,0,0,0,0,6.0848,152.2772
513.6,3480,0.000276,1,0.000276,2.48E-05,2.40E-05,8.28E-07,4.36E-06,6.24E-06,8.33E-06,8.33E-06,-8.65E-06,13.0769,0.15593,0,0,0,0,0,0,6.0665,152.915
514.5,3490,0.000242,1,0.000242,2.42E-05,2.42E-05,4.30E-08,4.60E-06,6.55E-06,8.73E-06,8.73E-06,-8.94E-06,13.4292,0.18003,0,0,0,0,0,0,6.0478,153.5116
515.5,3500,0.0002295,1,0.0002295,2.30E-05,2.43E-05,-1.37E-06,4.85E-06,6.88E-06,9.16E-06,9.16E-06,-9.26E-06,13.7688,0.97963,0,0,0,0,0,0,6.0286,154.0648
516.5,3510,0.000269,1,0.000269,2.42E-05,2.45E-05,-3.23E-07,5.11E-06,7.22E-06,9.59E-06,9.59E-06,-9.59E-06,14.0944,0.95239,0,0,0,0,0,0,6.009,154.573
517.4,3520,0.0002436,1,0.0002436,2.27E-05,2.47E-05,-1.97E-06,5.36E-06,7.56E-06,1.00E-05,1.00E-05,-9.93E-06,14.4041,0.93956,0,0,0,0,0,0,5.9889,155.0346
518.3333,3530,0.0002691,1,0.0002691,2.60E-05,2.49E-05,1.14E-06,5.62E-06,7.90E-06,1.05E-05,1.05E-05,-1.03E-05,14.6961,0.13149,0,0,0,0,0,0,5.9684,155.4489
519.3,3540,0.0002822,1,0.0002822,2.54E-05,2.51E-05,3.45E-07,5.86E-06,8.23E-06,1.09E-05,1.09E-05,-1.06E-05,14.9679,0.99799,0,0,0,0,0,0,5.9475,155.8153
520.2,3550,0.0002335,1,0.0002335,2.26E-05,2.52E-05,-2.66E-06,6.10E-06,8.55E-06,1.13E-05,1.13E-05,-1.09E-05,15.2167,0.98755,0,0,0,0,0,0,5.9262,156.1342
521.1667,3560,0.0002625,1,0.0002625,2.41E-05,2.54E-05,-1.35E-06,6.32E-06,8.84E-06,1.17E-05,1.17E-05,-1.12E-05,15.4397,0.98305,0,0,0,0,0,0,5.9045,156.4061
522.0833,3570,0.0002885,1,0.0002885,2.64E-05,2.56E-05,8.55E-07,6.53E-06,9.12E-06,1.20E-05,1.20E-05,-1.15E-05,15.6339,0.16313,0,0,0,0,0,0,5.8825,156.6323
523,3580,0.0002526,1,0.0002526,2.27E-05,2.58E-05,-3.04E-06,6.71E-06,9.38E-06,1.24E-05,1.24E-05,-1.18E-05,15.7964,0.13587,0,0,0,0,0,0,5.8602,156.8151
523.9,3590,0.0002942,1,0.0002942,2.75E-05,2.60E-05,1.49E-06,6.89E-06,9.61E-06,1.27E-05,1.27E-05,-1.20E-05,15.9248,0.1276,0,0,0,0,0,0,5.8377,156.9573
524.8333,3600,0.000306,1,0.000306,2.65E-05,2.62E-05,3.60E-07,7.05E-06,9.82E-06,1.29E-05,1.29E-05,-1.22E-05,16.0178,0.094439,0,0,0,0,0,0,5.8152,157.0626
525.7,3610,0.0003091,1,0.0003091,2.78E-05,2.64E-05,1.46E-06,7.19E-06,1.00E-05,1.32E-05,1.32E-05,-1.25E-05,16.0744,0.083546,0,0,0,0,0,0,5.7927,157.1354
526.6,3620,0.0003268,1,0.0003268,2.94E-05,2.66E-05,2.86E-06,7.33E-06,1.02E-05,1.34E-05,1.34E-05,-1.26E-05,16.0947,0.082427,0,0,0,0,0,0,5.7704,157.1805
527.5,3630,0.000289,1,0.000289,2.65E-05,2.67E-05,-2.57E-07,7.46E-06,1.04E-05,1.36E-05,1.36E-05,-1.28E-05,16.0796,0.11212,0,0,0,0,0,0,5.7484,157.2028
528.4167,3640,0.0002918,1,0.0002918,2.58E-05,2.69E-05,-1.16E-06,7.58E-06,1.05E-05,1.38E-05,1.38E-05,-1.30E-05,16.0309,0.13657,0,0,0,0,0,0,5.7268,157.2074
529.3,3650,0.0003412,1,0.0003412,2.96E-05,2.71E-05,2.47E-06,7.69E-06,1.07E-05,1.40E-05,1.40E-05,-1.31E-05,15.9522,0.14447,0,0,0,0,0,0,5.7059,157.1996
530.1667,3660,0.0004163,1,0.0004163,3.82E-05,2.73E-05,1.09E-05,7.81E-06,1.08E-05,1.42E-05,1.42E-05,-1.33E-05,15.8479,0.13544,1,1,0,0,0,0,5.6858,157.1842
531.0833,3670,0.0003855,1,0.0003855,3.21E-05,2.74E-05,4.74E-06,7.93E-06,1.10E-05,1.44E-05,1.44E-05,-1.34E-05,15.7232,0.11782,0,0,0,0,0,0,5.6667,157.1657
531.9167,3680,0.0004544,1,0.0004544,3.79E-05,2.75E-05,1.04E-05,8.05E-06,1.12E-05,1.46E-05,1.46E-05,-1.35E-05,15.5841,8.64E-07,0,0,0,0,0,0,5.6487,157.1482
532.75,3690,0.000662,1,0.000662,6.07E-05,2.76E-05,3.31E-05,8.17E-06,1.13E-05,1.48E-05,1.48E-05,-1.37E-05,15.4357,0.13432,0,0,0,0,0,0,5.632,157.1351
533.6667,3700,0.00194,1,0.00194,0.00016167,2.77E-05,0.000134,8.30E-06,1.15E-05,1.51E-05,1.51E-05,-1.38E-05,15.282,0.17875,0,0,0,0,0,0,5.6168,157.1292
534.5,3710,0.0016004,1,0.0016004,0.00013337,2.77E-05,0.00010563,8.42E-06,1.16E-05,1.52E-05,1.52E-05,-1.40E-05,15.1247,0.19703,0,1,1,1,0,0.002731,5.6032,157.1325
535.3333,3720,0.0004458,1,0.0004458,3.72E-05,2.78E-05,9.37E-06,8.54E-06,1.18E-05,1.54E-05,1.54E-05,-1.41E-05,14.9657,0.2015,1,0,0,0,0,0,5.5912,157.1458
536.1667,3730,0.0002908,1,0.0002908,2.42E-05,2.78E-05,-3.59E-06,8.64E-06,1.19E-05,1.56E-05,1.56E-05,-1.42E-05,14.8068,0.21807,0,0,0,0,0,0,5.5809,157.1693
537,3740,0.0002502,1,0.0002502,2.25E-05,2.78E-05,-5.33E-06,8.75E-06,1.21E-05,1.58E-05,1.58E-05,-1.43E-05,14.6485,0.26027,0,0,0,0,0,0,5.5724,157.2027
537.9,3750,0.0002838,1,0.0002838,2.41E-05,2.79E-05,-3.75E-06,8.83E-06,1.22E-05,1.59E-05,1.59E-05,-1.44E-05,14.4898,0.29432,0,0,0,0,0,0,5.5657,157.2459
538.75,3760,0.0003181,1,0.0003181,2.65E-05,2.79E-05,-1.37E-06,8.91E-06,1.23E-05,1.60E-05,1.60E-05,-1.45E-05,14.3287,0.25778,0,0,0,0,0,0,5.5606,157.2989
539.5833,3770,0.0003525,1,0.0003525,2.94E-05,2.79E-05,1.48E-06,8.96E-06,1.23E-05,1.61E-05,1.61E-05,-1.45E-05,14.1631,0.26015,0,0,0,0,0,0,5.5573,157.3614
540.4167,3780,0.0007517,1,0.0007517,6.26E-05,2.79E-05,3.47E-05,9.00E-06,1.24E-05,1.62E-05,1.62E-05,-1.45E-05,13.9903,0.23547,0,0,0,0,0,0,5.5556,157.433
541.25,3790,0.0008236,1,0.0008236,6.18E-05,2.79E-05,3.39E-05,9.01E-06,1.24E-05,1.62E-05,1.62E-05,-1.46E-05,13.8084,0.23777,1,1,1,1,0,0.00039847,5.5553,157.5132
542,3800,0.0003172,1,0.0003172,2.85E-05,2.79E-05,6.43E-07,9.00E-06,1.24E-05,1.62E-05,1.62E-05,-1.45E-05,13.615,0.32519,0,0,0,0,0,0,5.5565,157.6015
542.9,3810,0.0004524,1,0.0004524,3.49E-05,2.79E-05,6.99E-06,8.97E-06,1.23E-05,1.61E-05,1.61E-05,-1.45E-05,13.4081,0.41606,0,0,0,0,0,0,5.5588,157.6971
543.6714,3820,0.0004205,1,0.0004205,3.60E-05,2.79E-05,8.14E-06,8.92E-06,1.23E-05,1.61E-05,1.61E-05,-1.44E-05,13.1865,0.47909,0,0,0,0,0,0,5.5621,157.7986
544.5286,3830,0.000443,1,0.000443,3.42E-05,2.79E-05,6.27E-06,8.86E-06,1.22E-05,1.59E-05,1.59E-05,-1.44E-05,12.9496,0.55552,0,0,0,0,0,0,5.5662,157.9039
545.3,3840,0.0003956,1,0.0003956,3.39E-05,2.79E-05,6.01E-06,8.78E-06,1.21E-05,1.58E-05,1.58E-05,-1.43E-05,12.6971,0.58755,0,0,0,0,0,0,5.5709,158.0109
546.1571,3850,0.0004198,1,0.0004198,3.54E-05,2.79E-05,7.48E-06,8.68E-06,1.20E-05,1.57E-05,1.57E-05,-1.42E-05,12.4288,0.45762,0,0,0,0,0,0,5.576,158.1169
547,3860,0.000328,1,0.000328,2.73E-05,2.79E-05,-5.76E-07,8.58E-06,1.18E-05,1.55E-05,1.55E-05,-1.40E-05,12.1451,0.61005,0,0,0,0,0,0,5.5815,158.2193
547.8333,3870,0.0003514,1,0.0003514,2.64E-05,2.79E-05,-1.57E-06,8.47E-06,1.17E-05,1.53E-05,1.53E-05,-1.39E-05,11.8467,0.45273,0,0,0,0,0,0,5.587,158.3156
548.5833,3880,0.0003075,1,0.0003075,2.56E-05,2.80E-05,-2.33E-06,8.35E-06,1.15E-05,1.51E-05,1.51E-05,-1.38E-05,11.5346,0.46787,0,0,0,0,0,0,5.5926,158.403
549.4167,3890,0.0003031,1,0.0003031,2.53E-05,2.80E-05,-2.74E-06,8.24E-06,1.14E-05,1.49E-05,1.49E-05,-1.37E-05,11.2103,0.45623,0,0,0,0,0,0,5.5981,158.4789
550.25,3900,0.0002684,1,0.0002684,2.24E-05,2.81E-05,-5.70E-06,8.12E-06,1.12E-05,1.47E-05,1.47E-05,-1.35E-05,10.8755,0.57165,0,0,0,0,0,0,5.6035,158.5408
551.0833,3910,0.0003015,1,0.0003015,2.51E-05,2.81E-05,-3.02E-06,8.01E-06,1.11E-05,1.46E-05,1.46E-05,-1.34E-05,10.5321,0.59549,0,0,0,0,0,0,5.6087,158.5865
551.9167,3920,0.0003184,1,0.0003184,2.65E-05,2.82E-05,-1.70E-06,7.91E-06,1.10E-05,1.44E-05,1.44E-05,-1.34E-05,10.1821,0.70078,0,0,0,0,0,0,5.6137,158.6136
552.75,3930,0.0003415,1,0.0003415,2.56E-05,2.83E-05,-2.72E-06,7.80E-06,1.08E-05,1.42E-05,1.42E-05,-1.33E-05,9.8281,0.59346,0,0,0,0,0,0,5.6184,158.6204
553.5,3940,0.0002842,1,0.0002842,2.37E-05,2.84E-05,-4.76E-06,7.68E-06,1.07E-05,1.40E-05,1.40E-05,-1.32E-05,9.4726,0.69585,0,0,0,0,0,0,5.6228,158.6053
554.3333,3950,0.0002426,1,0.0002426,2.02E-05,2.86E-05,-8.34E-06,7.55E-06,1.05E-05,1.38E-05,1.38E-05,-1.31E-05,9.1178,0.03592,0,0,0,0,0,0,5.6269,158.567
555.1667,3960,0.0002898,1,0.0002898,2.42E-05,2.87E-05,-4.51E-06,7.41E-06,1.03E-05,1.36E-05,1.36E-05,-1.30E-05,8.7653,0.026519,0,0,0,0,0,0,5.6307,158.5046
556,3970,0.0003354,1,0.0003354,2.80E-05,2.88E-05,-8.12E-07,7.26E-06,1.02E-05,1.34E-05,1.34E-05,-1.29E-05,8.4167,0.41564,0,0,0,0,0,0,5.6343,158.4176
556.8333,3980,0.0003236,1,0.0003236,2.70E-05,2.88E-05,-1.86E-06,7.10E-06,9.95E-06,1.32E-05,1.32E-05,-1.27E-05,8.0732,0.6454,0,0,0,0,0,0,5.6377,158.3058
557.6667,3990,0.0003178,1,0.0003178,2.65E-05,2.89E-05,-2.43E-06,6.93E-06,9.74E-06,1.29E-05,1.29E-05,-1.26E-05,7.7361,0.63164,0,0,0,0,0,0,5.641,158.1695
558.5,4000,0.0003362,1,0.0003362,2.80E-05,2.90E-05,-9.92E-07,6.75E-06,9.51E-06,1.26E-05,1.26E-05,-1.24E-05,7.4068,0.59647,0,0,0,0,0,0,5.6444,158.0093
559.3333,4010,0.0003474,1,0.0003474,2.90E-05,2.91E-05,-1.46E-07,6.56E-06,9.28E-06,1.23E-05,1.23E-05,-1.23E-05,7.0866,0.55324,0,0,0,0,0,0,5.6481,157.8265
560.1667,4020,0.0003448,1,0.0003448,2.87E-05,2.92E-05,-4.49E-07,6.37E-06,9.03E-06,1.20E-05,1.20E-05,-1.21E-05,6.7769,0.60016,0,0,0,0,0,0,5.6521,157.6229
561,4030,0.0003548,1,0.0003548,2.96E-05,2.93E-05,2.95E-07,6.17E-06,8.77E-06,1.17E-05,1.17E-05,-1.19E-05,6.4788,0.71334,0,0,0,0,0,0,5.6568,157.4006
561.8333,4040,0.0003596,1,0.0003596,3.00E-05,2.94E-05,6.01E-07,5.96E-06,8.51E-06,1.14E-05,1.14E-05,-1.17E-05,6.1932,0.77772,0,0,0,0,0,0,5.6623,157.1623
562.6667,4050,0.0004112,1,0.0004112,3.43E-05,2.95E-05,4.77E-06,5.75E-06,8.23E-06,1.10E-05,1.10E-05,-1.16E-05,5.921,0.48012,0,0,0,0,0,0,5.6688,156.9106
563.5,4060,0.0003942,1,0.0003942,3.29E-05,2.96E-05,3.23E-06,5.53E-06,7.96E-06,1.07E-05,1.07E-05,-1.13E-05,5.6625,0.07324,0,0,0,0,0,0,5.6765,156.6483
564.3333,4070,0.000422,1,0.000422,3.52E-05,2.98E-05,5.41E-06,5.32E-06,7.69E-06,1.03E-05,1.03E-05,-1.11E-05,5.4184,0.056424,1,0,0,0,0,0,5.6855,156.3783
565.1667,4080,0.000385,1,0.000385,3.21E-05,2.99E-05,2.18E-06,5.11E-06,7.42E-06,1.00E-05,1.00E-05,-1.09E-05,5.1892,0.058173,0,0,0,0,0,0,5.6961,156.1034
566,4090,0.0004342,1,0.0004342,3.62E-05,3.01E-05,6.13E-06,4.91E-06,7.16E-06,9.67E-06,9.67E-06,-1.07E-05,4.9757,0.34185,0,0,0,0,0,0,5.7082,155.826
566.8333,4100,0.0005171,1,0.0005171,4.74E-05,3.02E-05,1.72E-05,4.72E-06,6.91E-06,9.36E-06,9.36E-06,-1.05E-05,4.7789,0.4116,1,1,1,1,0,7.84E-05,5.722,155.5481
567.75,4110,0.0004039,1,0.0004039,3.37E-05,3.03E-05,3.31E-06,4.54E-06,6.68E-06,9.07E-06,9.07E-06,-1.03E-05,4.6002,0.33318,0,0,0,0,0,0,5.7375,155.2715
568.5833,4120,0.000338,1,0.000338,2.82E-05,3.05E-05,-2.32E-06,4.38E-06,6.46E-06,8.80E-06,8.80E-06,-1.01E-05,4.441,0.22575,0,0,0,0,0,0,5.7546,154.9973
569.4167,4130,0.0003588,1,0.0003588,3.29E-05,3.06E-05,2.28E-06,4.23E-06,6.27E-06,8.55E-06,8.55E-06,-9.90E-06,4.3021,0.2262,0,0,0,0,0,0,5.7734,154.7269
570.3333,4140,0.0004884,1,0.0004884,4.23E-05,3.07E-05,1.16E-05,4.11E-06,6.10E-06,8.33E-06,8.33E-06,-9.73E-06,4.1841,0.21304,0,0,0,0,0,0,5.7936,154.462
571.2,4150,0.0004713,1,0.0004713,4.16E-05,3.08E-05,1.08E-05,4.00E-06,5.95E-06,8.14E-06,8.14E-06,-9.58E-06,4.0874,0.095467,1,1,1,1,0,6.51E-05,5.8152,154.2048
572.0833,4160,0.000351,1,0.000351,3.22E-05,3.09E-05,1.24E-06,3.91E-06,5.83E-06,7.98E-06,7.98E-06,-9.44E-06,4.0117,0.2993,0,0,0,0,0,0,5.8379,153.9575
573,4170,0.0003844,1,0.0003844,3.20E-05,3.10E-05,1.02E-06,3.84E-06,5.73E-06,7.85E-06,7.85E-06,-9.31E-06,3.9566,0.3485,0,0,0,0,0,0,5.8615,153.7227
573.8333,4180,0.0003139,1,0.0003139,2.88E-05,3.11E-05,-2.31E-06,3.78E-06,5.65E-06,7.75E-06,7.75E-06,-9.20E-06,3.9207,0.36881,0,0,0,0,0,0,5.8857,153.5029
574.75,4190,0.0002779,1,0.0002779,2.55E-05,3.11E-05,-5.66E-06,3.74E-06,5.59E-06,7.67E-06,7.67E-06,-9.11E-06,3.9024,0.30826,0,0,0,0,0,0,5.9104,153.3004
575.6667,4200,0.0002997,1,0.0002997,2.75E-05,3.12E-05,-3.69E-06,3.72E-06,5.55E-06,7.61E-06,7.61E-06,-9.04E-06,3.8996,0.042855,0,0,0,0,0,0,5.935,153.1169
576.5833,4210,0.000356,1,0.000356,3.26E-05,3.12E-05,1.47E-06,3.70E-06,5.53E-06,7.57E-06,7.57E-06,-8.97E-06,3.91,0.13574,0,0,0,0,0,0,5.9595,152.9538
577.5,4220,0.0003656,1,0.0003656,3.29E-05,3.12E-05,1.75E-06,3.70E-06,5.51E-06,7.54E-06,7.54E-06,-8.91E-06,3.9326,0.16876,0,0,0,0,0,0,5.9834,152.8117
578.4,4230,0.0003121,1,0.0003121,2.91E-05,3.11E-05,-2.00E-06,3.69E-06,5.50E-06,7.52E-06,7.52E-06,-8.85E-06,3.967,0.138,0,0,0,0,0,0,6.0065,152.6905
579.3333,4240,0.0002986,1,0.0002986,2.74E-05,3.11E-05,-3.71E-06,3.70E-06,5.50E-06,7.51E-06,7.51E-06,-8.80E-06,4.0128,0.15618,0,0,0,0,0,0,6.0287,152.5892
580.25,4250,0.0002991,1,0.0002991,2.84E-05,3.10E-05,-2.60E-06,3.71E-06,5.50E-06,7.51E-06,7.51E-06,-8.76E-06,4.0691,0.2367,0,0,0,0,0,0,6.0497,152.5061
581.2,4260,0.0003356,1,0.0003356,3.02E-05,3.09E-05,-7.44E-07,3.72E-06,5.51E-06,7.52E-06,7.52E-06,-8.72E-06,4.1346,0.20533,0,0,0,0,0,0,6.0695,152.4393
582.1,4270,0.0003554,1,0.0003554,3.49E-05,3.09E-05,4.07E-06,3.74E-06,5.53E-06,7.53E-06,7.53E-06,-8.69E-06,4.2074,0.15339,1,0,0,0,0,0,6.088,152.3866
583.0833,4280,0.0003605,1,0.0003605,3.30E-05,3.08E-05,2.24E-06,3.76E-06,5.55E-06,7.55E-06,7.55E-06,-8.67E-06,4.2858,0.17738,0,0,0,0,0,0,6.105,152.3459
584,4290,0.000337,1,0.000337,3.37E-05,3.07E-05,2.96E-06,3.78E-06,5.57E-06,7.57E-06,7.57E-06,-8.65E-06,4.3679,0.17434,0,0,0,0,0,0,6.1206,152.3162
585,4300,0.0004648,1,0.0004648,4.18E-05,3.07E-05,1.11E-05,3.80E-06,5.59E-06,7.60E-06,7.60E-06,-8.63E-06,4.4525,0.5652,1,1,1,1,0,3.54E-05,6.1347,152.2972
585.9,4310,0.0002893,1,0.0002893,2.89E-05,3.07E-05,-1.73E-06,3.83E-06,5.62E-06,7.62E-06,7.62E-06,-8.62E-06,4.5391,0.079742,0,0,0,0,0,0,6.1473,152.2895
586.9,4320,0.0002802,1,0.0002802,2.62E-05,3.06E-05,-4.49E-06,3.85E-06,5.64E-06,7.65E-06,7.65E-06,-8.61E-06,4.6272,0.14653,0,0,0,0,0,0,6.1583,152.2939
587.8333,4330,0.0002821,1,0.0002821,2.73E-05,3.06E-05,-3.36E-06,3.87E-06,5.67E-06,7.68E-06,7.68E-06,-8.61E-06,4.7165,0.16035,0,0,0,0,0,0,6.1677,152.3109
588.8,4340,0.0003247,1,0.0003247,3.25E-05,3.06E-05,1.83E-06,3.89E-06,5.69E-06,7.71E-06,7.71E-06,-8.61E-06,4.8068,0.13258,0,0,0,0,0,0,6.1756,152.3406
589.8,4350,0.0003102,1,0.0003102,3.10E-05,3.07E-05,3.57E-07,3.92E-06,5.72E-06,7.75E-06,7.75E-06,-8.62E-06,4.8978,0.45881,0,0,0,0,0,0,6.1818,152.3831
590.8,4360,0.0004196,1,0.0004196,3.78E-05,3.07E-05,7.07E-06,3.94E-06,5.75E-06,7.78E-06,7.78E-06,-8.62E-06,4.9891,0.19584,0,1,0,0,0,0,6.1864,152.4379
591.7,4370,0.0003517,1,0.0003517,3.52E-05,3.07E-05,4.44E-06,3.97E-06,5.78E-06,7.81E-06,7.81E-06,-8.63E-06,5.0804,0.16671,1,0,0,0,0,0,6.1893,152.5047
592.7,4380,0.0003078,1,0.0003078,3.08E-05,3.08E-05,-2.38E-08,3.99E-06,5.81E-06,7.85E-06,7.85E-06,-8.64E-06,5.1714,0.49321,0,0,0,0,0,0,6.1906,152.583
593.7,4390,0.0003182,1,0.0003182,3.18E-05,3.09E-05,9.64E-07,4.01E-06,5.84E-06,7.88E-06,7.88E-06,-8.65E-06,5.2619,0.48279,0,0,0,0,0,0,6.1902,152.6722
594.7,4400,0.000306,1,0.000306,3.06E-05,3.09E-05,-3.11E-07,4.04E-06,5.86E-06,7.91E-06,7.91E-06,-8.66E-06,5.3517,0.36701,0,0,0,0,0,0,6.1882,152.7717
595.7,4410,0.0002772,1,0.0002772,2.77E-05,3.10E-05,-3.25E-06,4.06E-06,5.89E-06,7.94E-06,7.94E-06,-8.67E-06,5.441,0.43157,0,0,0,0,0,0,6.1847,152.881
596.7,4420,0.0002807,1,0.0002807,2.81E-05,3.10E-05,-2.95E-06,4.08E-06,5.91E-06,7.97E-06,7.97E-06,-8.68E-06,5.5296,0.51837,0,0,0,0,0,0,6.1796,152.9996
597.7,4430,0.0002919,1,0.0002919,2.92E-05,3.11E-05,-1.88E-06,4.10E-06,5.94E-06,8.00E-06,8.00E-06,-8.69E-06,5.6173,0.57734,0,0,0,0,0,0,6.1731,153.1271
598.7,4440,0.0002736,1,0.0002736,2.74E-05,3.11E-05,-3.76E-06,4.11E-06,5.95E-06,8.02E-06,8.02E-06,-8.70E-06,5.7039,0.56665,0,0,0,0,0,0,6.1653,153.2632
599.7,4450,0.0002846,1,0.0002846,2.85E-05,3.12E-05,-2.70E-06,4.12E-06,5.97E-06,8.04E-06,8.04E-06,-8.70E-06,5.7889,0.55084,0,0,0,0,0,0,6.1561,153.4076
600.7,4460,0.0002879,1,0.0002879,2.88E-05,3.12E-05,-2.40E-06,4.13E-06,5.98E-06,8.05E-06,8.05E-06,-8.71E-06,5.8721,0.52348,0,0,0,0,0,0,6.1458,153.5604
601.7,4470,0.0002864,1,0.0002864,2.86E-05,3.12E-05,-2.58E-06,4.14E-06,5.99E-06,8.06E-06,8.06E-06,-8.71E-06,5.9539,0.63271,0,0,0,0,0,0,6.1345,153.7215
602.7,4480,0.0003,1,0.0003,3.00E-05,3.12E-05,-1.25E-06,4.15E-06,6.00E-06,8.08E-06,8.08E-06,-8.72E-06,6.0348,0.56936,0,0,0,0,0,0,6.1222,153.8912
603.7,4490,0.0003208,1,0.0003208,3.21E-05,3.13E-05,8.11E-07,4.16E-06,6.02E-06,8.10E-06,8.10E-06,-8.73E-06,6.1155,0.5832,0,0,0,0,0,0,6.109,154.0698
604.7,4500,0.0003224,1,0.0003224,3.22E-05,3.13E-05,9.47E-07,4.18E-06,6.03E-06,8.12E-06,8.12E-06,-8.74E-06,6.1965,0.6253,0,0,0,0,0,0,6.0952,154.2577
605.7,4510,0.0003309,1,0.0003309,3.31E-05,3.13E-05,1.77E-06,4.19E-06,6.06E-06,8.15E-06,8.15E-06,-8.75E-06,6.2782,0.72792,0,0,0,0,0,0,6.0808,154.4552
606.7,4520,0.0003285,1,0.0003285,3.29E-05,3.14E-05,1.49E-06,4.22E-06,6.09E-06,8.18E-06,8.18E-06,-8.76E-06,6.3605,0.62501,0,0,0,0,0,0,6.066,154.6628
607.7,4530,0.0003154,1,0.0003154,3.47E-05,3.14E-05,3.28E-06,4.25E-06,6.12E-06,8.23E-06,8.23E-06,-8.78E-06,6.4432,0.49604,0,0,0,0,0,0,6.0507,154.8809
608.8,4540,0.0003472,1,0.0003472,3.47E-05,3.15E-05,3.25E-06,4.28E-06,6.17E-06,8.28E-06,8.28E-06,-8.81E-06,6.526,0.48028,0,0,0,0,0,0,6.0352,155.1099
609.8,4550,0.0004735,1,0.0004735,4.74E-05,3.16E-05,1.58E-05,4.32E-06,6.22E-06,8.34E-06,8.34E-06,-8.84E-06,6.6087,0.52079,1,1,1,1,0,7.45E-05,6.0194,155.3499
610.8,4560,0.0003492,1,0.0003492,3.49E-05,3.16E-05,3.27E-06,4.37E-06,6.27E-06,8.41E-06,8.41E-06,-8.87E-06,6.6909,0.60482,0,0,0,0,0,0,6.0035,155.6008
611.8,4570,0.0003253,1,0.0003253,3.25E-05,3.18E-05,7.73E-07,4.41E-06,6.33E-06,8.48E-06,8.48E-06,-8.91E-06,6.7726,0.53935,0,0,0,0,0,0,5.9874,155.8623
612.8,4580,0.0003007,1,0.0003007,3.01E-05,3.19E-05,-1.81E-06,4.46E-06,6.39E-06,8.56E-06,8.56E-06,-8.96E-06,6.8539,0.57988,0,0,0,0,0,0,5.9711,156.1345
613.8,4590,0.0002816,1,0.0002816,2.82E-05,3.20E-05,-3.86E-06,4.51E-06,6.46E-06,8.64E-06,8.64E-06,-9.01E-06,6.9349,0.68815,0,0,0,0,0,0,5.9546,156.418
614.8,4600,0.0003365,1,0.0003365,3.37E-05,3.22E-05,1.48E-06,4.56E-06,6.52E-06,8.72E-06,8.72E-06,-9.06E-06,7.0161,0.7503,0,0,0,0,0,0,5.9377,156.7137
615.8,4610,0.0003246,1,0.0003246,3.25E-05,3.23E-05,1.19E-07,4.61E-06,6.59E-06,8.80E-06,8.80E-06,-9.12E-06,7.0981,0.78679,0,0,0,0,0,0,5.9206,157.023
616.8,4620,0.0003466,1,0.0003466,3.47E-05,3.25E-05,2.14E-06,4.66E-06,6.65E-06,8.88E-06,8.88E-06,-9.18E-06,7.1814,0.78359,0,0,0,0,0,0,5.903,157.3472
617.8,4630,0.0005385,1,0.0005385,5.39E-05,3.27E-05,2.12E-05,4.70E-06,6.71E-06,8.96E-06,8.96E-06,-9.24E-06,7.2668,0.73547,0,0,0,0,0,0,5.8848,157.6878
618.8,4640,0.0005818,1,0.0005818,5.82E-05,3.29E-05,2.53E-05,4.75E-06,6.77E-06,9.04E-06,9.04E-06,-9.31E-06,7.3545,0.77491,1,1,1,1,0,0.00031305,5.8659,158.0465
619.8,4650,0.000322,1,0.000322,3.22E-05,3.30E-05,-8.48E-07,4.79E-06,6.82E-06,9.11E-06,9.11E-06,-9.38E-06,7.4447,0.76231,0,0,0,0,0,0,5.8462,158.4247
620.8,4660,0.0002915,1,0.0002915,2.92E-05,3.32E-05,-4.06E-06,4.82E-06,6.87E-06,9.17E-06,9.17E-06,-9.45E-06,7.5376,0.70254,0,0,0,0,0,0,5.8255,158.8243
621.8,4670,0.0003362,1,0.0003362,3.03E-05,3.34E-05,-3.11E-06,4.85E-06,6.92E-06,9.23E-06,9.23E-06,-9.52E-06,7.6335,0.67531,0,0,0,0,0,0,5.8037,159.2465
622.7,4680,0.0003106,1,0.0003106,3.11E-05,3.35E-05,-2.46E-06,4.87E-06,6.96E-06,9.29E-06,9.29E-06,-9.59E-06,7.7333,0.63103,0,0,0,0,0,0,5.7806,159.6927
623.7,4690,0.0003088,1,0.0003088,3.09E-05,3.37E-05,-2.78E-06,4.90E-06,6.99E-06,9.34E-06,9.34E-06,-9.66E-06,7.8376,0.85229,0,0,0,0,0,0,5.7561,160.1637
624.7,4700,0.0003422,1,0.0003422,3.31E-05,3.38E-05,-7.13E-07,4.92E-06,7.03E-06,9.39E-06,9.39E-06,-9.74E-06,7.9473,0.83876,0,0,0,0,0,0,5.73,160.6601
625.6667,4710,0.0003393,1,0.0003393,3.17E-05,3.39E-05,-2.25E-06,4.93E-06,7.06E-06,9.43E-06,9.43E-06,-9.81E-06,8.0629,0.90799,0,0,0,0,0,0,5.7022,161.1819
626.6,4720,0.0002823,1,0.0002823,2.78E-05,3.40E-05,-6.29E-06,4.95E-06,7.09E-06,9.48E-06,9.48E-06,-9.88E-06,8.1845,0.88865,0,0,0,0,0,0,5.6728,161.7286
627.5833,4730,0.000344,1,0.000344,3.15E-05,3.42E-05,-2.64E-06,4.97E-06,7.11E-06,9.52E-06,9.52E-06,-9.95E-06,8.312,0.89779,0,0,0,0,0,0,5.6417,162.2994
628.5,4740,0.000394,1,0.000394,3.61E-05,3.43E-05,1.82E-06,4.98E-06,7.15E-06,9.57E-06,9.57E-06,-1.00E-05,8.4442,0.83045,0,0,0,0,0,0,5.6088,162.8929
629.4167,4750,0.0003906,1,0.0003906,3.84E-05,3.44E-05,3.99E-06,5.00E-06,7.18E-06,9.61E-06,9.61E-06,-1.01E-05,8.5795,0.81824,0,0,0,0,0,0,5.5742,163.5078
630.4,4760,0.0004056,1,0.0004056,3.65E-05,3.45E-05,1.96E-06,5.03E-06,7.21E-06,9.66E-06,9.66E-06,-1.02E-05,8.7161,0.71276,0,0,0,0,0,0,5.5379,164.1423
631.3,4770,0.0003833,1,0.0003833,3.64E-05,3.47E-05,1.75E-06,5.06E-06,7.26E-06,9.73E-06,9.73E-06,-1.02E-05,8.8523,0.82817,0,0,0,0,0,0,5.4999,164.7946
632.25,4780,0.000391,1,0.000391,3.58E-05,3.48E-05,1.06E-06,5.10E-06,7.32E-06,9.81E-06,9.81E-06,-1.03E-05,8.9862,0.92751,0,0,0,0,0,0,5.4603,165.4629
633.1667,4790,0.0004023,1,0.0004023,3.69E-05,3.49E-05,1.98E-06,5.15E-06,7.39E-06,9.90E-06,9.90E-06,-1.04E-05,9.1159,0.86219,0,0,0,0,0,0,5.4191,166.1453
634.0833,4800,0.00042,1,0.00042,3.85E-05,3.50E-05,3.50E-06,5.22E-06,7.48E-06,1.00E-05,1.00E-05,-1.05E-05,9.2399,0.76907,0,0,0,0,0,0,5.3766,166.8405
635,4810,0.00043,1,0.00043,3.87E-05,3.51E-05,3.59E-06,5.29E-06,7.58E-06,1.02E-05,1.02E-05,-1.06E-05,9.3564,0.79341,0,0,0,0,0,0,5.3328,167.5471
635.9,4820,0.0006139,1,0.0006139,5.53E-05,3.52E-05,2.00E-05,5.38E-06,7.70E-06,1.03E-05,1.03E-05,-1.08E-05,9.4641,0.64359,0,1,1,1,0,9.74E-05,5.2878,168.2636
636.8,4830,0.0004798,1,0.0004798,4.16E-05,3.53E-05,6.27E-06,5.47E-06,7.82E-06,1.05E-05,1.05E-05,-1.09E-05,9.562,0.68858,0,0,0,0,0,0,5.2418,168.9888
637.6667,4840,0.0004603,1,0.0004603,4.22E-05,3.54E-05,6.78E-06,5.56E-06,7.94E-06,1.06E-05,1.06E-05,-1.10E-05,9.6497,0.8634,1,0,0,0,0,0,5.1949,169.7236
638.5833,4850,0.000414,1,0.000414,3.45E-05,3.55E-05,-1.02E-06,5.66E-06,8.07E-06,1.08E-05,1.08E-05,-1.11E-05,9.7273,0.78572,0,0,0,0,0,0,5.1472,170.4723
639.4167,4860,0.0003913,1,0.0003913,3.46E-05,3.56E-05,-1.07E-06,5.76E-06,8.20E-06,1.09E-05,1.09E-05,-1.12E-05,9.796,0.79807,0,0,0,0,0,0,5.0989,171.2424
640.3,4870,0.00035,1,0.00035,3.03E-05,3.57E-05,-5.41E-06,5.85E-06,8.32E-06,1.11E-05,1.11E-05,-1.13E-05,9.8573,0.73835,0,0,0,0,0,0,5.0502,172.0431
641.1667,4880,0.0004062,1,0.0004062,3.39E-05,3.59E-05,-2.02E-06,5.95E-06,8.44E-06,1.12E-05,1.12E-05,-1.14E-05,9.9131,0.7784,0,0,0,0,0,0,5.0012,172.8852
642,4890,0.0004162,1,0.0004162,3.47E-05,3.60E-05,-1.32E-06,6.03E-06,8.55E-06,1.14E-05,1.14E-05,-1.15E-05,9.9653,0.75221,0,0,0,0,0,0,4.952,173.7804
642.8333,4900,0.0004168,1,0.0004168,3.47E-05,3.61E-05,-1.41E-06,6.11E-06,8.65E-06,1.15E-05,1.15E-05,-1.15E-05,10.0161,0.69014,0,0,0,0,0,0,4.9029,174.7399
643.6667,4910,0.0004546,1,0.0004546,3.79E-05,3.63E-05,1.62E-06,6.19E-06,8.75E-06,1.16E-05,1.16E-05,-1.16E-05,10.0675,0.79461,0,0,0,0,0,0,4.854,175.7732
644.5,4920,0.0005108,1,0.0005108,4.26E-05,3.64E-05,6.17E-06,6.26E-06,8.83E-06,1.17E-05,1.17E-05,-1.16E-05,10.1215,0.81599,0,0,0,0,0,0,4.8055,176.8873
645.3333,4930,0.0005544,1,0.0005544,4.62E-05,3.65E-05,9.66E-06,6.33E-06,8.91E-06,1.18E-05,1.18E-05,-1.16E-05,10.1791,0.72718,0,0,0,0,0,0,4.7575,178.0874
646.1667,4940,0.0011572,1,0.0011572,9.64E-05,3.67E-05,5.98E-05,6.39E-06,8.99E-06,1.19E-05,1.19E-05,-1.16E-05,10.2406,0.64978,0,0,0,0,0,0,4.7102,179.3764
647,4950,0.0011344,1,0.0011344,9.45E-05,3.68E-05,5.77E-05,6.45E-06,9.06E-06,1.20E-05,1.20E-05,-1.16E-05,10.305,0.6804,1,1,1,1,0,0.0010295,4.6639,180.7548
647.8333,4960,0.0004504,1,0.0004504,3.75E-05,3.70E-05,5.51E-07,6.51E-06,9.12E-06,1.21E-05,1.21E-05,-1.16E-05,10.3704,0.67744,0,0,0,0,0,0,4.6185,182.2204
648.6667,4970,0.000466,1,0.000466,3.55E-05,3.71E-05,-1.64E-06,6.57E-06,9.19E-06,1.21E-05,1.21E-05,-1.16E-05,10.434,0.7381,0,0,0,0,0,0,4.5744,183.7694
649.4286,4980,0.0003879,1,0.0003879,3.19E-05,3.73E-05,-5.45E-06,6.64E-06,9.26E-06,1.22E-05,1.22E-05,-1.16E-05,10.4913,0.64314,0,0,0,0,0,0,4.5314,185.3962
650.25,4990,0.0003554,1,0.0003554,2.96E-05,3.75E-05,-7.88E-06,6.70E-06,9.33E-06,1.23E-05,1.23E-05,-1.16E-05,10.5371,0.7204,0,0,0,0,0,0,4.4898,187.0938
651.0833,5000,0.0004175,1,0.0004175,3.23E-05,3.77E-05,-5.39E-06,6.76E-06,9.39E-06,1.23E-05,1.23E-05,-1.16E-05,10.5667,9.39E-05,0,0,0,0,0,0,4.4496,188.8544
651.8571,5010,0.0004174,1,0.0004174,3.38E-05,3.79E-05,-4.13E-06,6.81E-06,9.45E-06,1.24E-05,1.24E-05,-1.15E-05,10.5756,0.75791,0,0,0,0,0,0,4.4108,190.6697
652.6667,5020,0.0004734,1,0.0004734,3.61E-05,3.82E-05,-2.09E-06,6.86E-06,9.50E-06,1.25E-05,1.25E-05,-1.15E-05,10.5607,0.79491,0,0,0,0,0,0,4.3733,192.5311
653.4286,5030,0.0004477,1,0.0004477,3.68E-05,3.84E-05,-1.65E-06,6.90E-06,9.54E-06,1.25E-05,1.25E-05,-1.15E-05,10.5194,0.85657,0,0,0,0,0,0,4.3372,194.4297
654.25,5040,0.0005017,1,0.0005017,3.76E-05,3.87E-05,-1.08E-06,6.93E-06,9.57E-06,1.25E-05,1.25E-05,-1.14E-05,10.4506,0.93355,0,0,0,0,0,0,4.3025,196.3571
655,5050,0.0004448,1,0.0004448,3.49E-05,3.90E-05,-4.05E-06,6.94E-06,9.59E-06,1.25E-05,1.25E-05,-1.14E-05,10.3543,0.83565,0,0,0,0,0,0,4.2691,198.3048
655.7857,5060,0.0004573,1,0.0004573,3.65E-05,3.93E-05,-2.84E-06,6.95E-06,9.58E-06,1.25E-05,1.25E-05,-1.13E-05,10.2312,0.67254,0,0,0,0,0,0,4.2369,200.2649
656.5833,5070,0.000484,1,0.000484,3.75E-05,3.96E-05,-2.18E-06,6.94E-06,9.56E-06,1.25E-05,1.25E-05,-1.13E-05,10.0826,0.54948,0,0,0,0,0,0,4.2058,202.2302
657.3571,5080,0.0005088,1,0.0005088,4.00E-05,4.00E-05,2.34E-08,6.92E-06,9.52E-06,1.24E-05,1.24E-05,-1.12E-05,9.9108,0.46603,0,0,0,0,0,0,4.1759,204.1936
658.1429,5090,0.0005145,1,0.0005145,3.98E-05,4.03E-05,-4.66E-07,6.88E-06,9.46E-06,1.24E-05,1.24E-05,-1.11E-05,9.7187,0.39606,0,0,0,0,0,0,4.147,206.1486
658.9167,5100,0.0005296,1,0.0005296,3.97E-05,4.06E-05,-8.81E-07,6.82E-06,9.39E-06,1.23E-05,1.23E-05,-1.10E-05,9.5097,0.39918,0,0,0,0,0,0,4.1191,208.0891
659.6667,5110,0.0005464,1,0.0005464,4.16E-05,4.09E-05,7.10E-07,6.75E-06,9.29E-06,1.21E-05,1.21E-05,-1.09E-05,9.2873,0.3655,0,0,0,0,0,0,4.0923,210.0091
660.4286,5120,0.000545,1,0.000545,4.28E-05,4.12E-05,1.59E-06,6.66E-06,9.17E-06,1.20E-05,1.20E-05,-1.08E-05,9.0554,0.47801,0,0,0,0,0,0,4.0665,211.9027
661.2143,5130,0.0005928,1,0.0005928,4.23E-05,4.15E-05,8.05E-07,6.57E-06,9.05E-06,1.18E-05,1.18E-05,-1.07E-05,8.8172,0.56072,0,0,0,0,0,0,4.0418,213.7645
661.9286,5140,0.0005507,1,0.0005507,4.33E-05,4.18E-05,1.43E-06,6.46E-06,8.91E-06,1.17E-05,1.17E-05,-1.06E-05,8.5756,0.52847,0,0,0,0,0,0,4.0182,215.5896
662.7143,5150,0.000636,1,0.000636,5.00E-05,4.21E-05,7.85E-06,6.34E-06,8.77E-06,1.15E-05,1.15E-05,-1.05E-05,8.3323,0.59151,1,0,0,0,0,0,3.9959,217.3734
663.5,5160,0.0005912,1,0.0005912,4.22E-05,4.24E-05,-1.76E-07,6.22E-06,8.62E-06,1.13E-05,1.13E-05,-1.04E-05,8.0881,0.55579,0,0,0,0,0,0,3.9748,219.1124
664.2143,5170,0.000598,1,0.000598,4.70E-05,4.27E-05,4.31E-06,6.11E-06,8.49E-06,1.12E-05,1.12E-05,-1.04E-05,7.8433,0.5308,0,0,0,0,0,0,3.9551,220.8032
665,5180,0.0005932,1,0.0005932,4.45E-05,4.29E-05,1.54E-06,5.99E-06,8.36E-06,1.10E-05,1.10E-05,-1.04E-05,7.5974,0.43422,0,0,0,0,0,0,3.9368,222.4429
665.75,5190,0.0005897,1,0.0005897,4.42E-05,4.32E-05,1.02E-06,5.88E-06,8.24E-06,1.09E-05,1.09E-05,-1.05E-05,7.3498,0.17149,0,0,0,0,0,0,3.92,224.0293
666.5,5200,0.0006681,1,0.0006681,4.77E-05,4.35E-05,4.27E-06,5.79E-06,8.14E-06,1.08E-05,1.08E-05,-1.06E-05,7.0994,0.205,0,0,0,0,0,0,3.9048,225.5606
667.2143,5210,0.000639,1,0.000639,5.02E-05,4.38E-05,6.41E-06,5.70E-06,8.06E-06,1.07E-05,1.07E-05,-1.07E-05,6.8453,0.01043,0,0,0,0,0,0,3.8911,227.0352
668,5220,0.0008554,1,0.0008554,6.11E-05,4.40E-05,1.71E-05,5.62E-06,7.99E-06,1.07E-05,1.07E-05,-1.09E-05,6.5867,3.76E-11,0,1,1,1,0,6.44E-05,3.879,228.4518
668.7143,5230,0.0006518,1,0.0006518,5.12E-05,4.42E-05,7.03E-06,5.55E-06,7.94E-06,1.06E-05,1.06E-05,-1.11E-05,6.324,0.27616,1,0,0,0,0,0,3.8685,229.8092
669.5,5240,0.000671,1,0.000671,4.79E-05,4.43E-05,3.60E-06,5.49E-06,7.91E-06,1.06E-05,1.06E-05,-1.13E-05,6.0576,1.31E-05,0,0,0,0,0,0,3.8596,231.1058
670.2143,5250,0.0006176,1,0.0006176,4.85E-05,4.44E-05,4.10E-06,5.44E-06,7.88E-06,1.06E-05,1.06E-05,-1.15E-05,5.7879,0.27874,0,0,0,0,0,0,3.8523,232.3385
671,5260,0.0006272,1,0.0006272,4.48E-05,4.45E-05,3.23E-07,5.39E-06,7.87E-06,1.06E-05,1.06E-05,-1.18E-05,5.515,0.19675,0,0,0,0,0,0,3.8466,233.503
671.7143,5270,0.0006138,1,0.0006138,4.38E-05,4.45E-05,-6.29E-07,5.35E-06,7.85E-06,1.07E-05,1.07E-05,-1.20E-05,5.2397,0.29575,0,0,0,0,0,0,3.8424,234.5943
672.4286,5280,0.0005941,1,0.0005941,4.67E-05,4.44E-05,2.27E-06,5.31E-06,7.85E-06,1.07E-05,1.07E-05,-1.23E-05,4.9633,0.29902,0,0,0,0,0,0,3.8399,235.607
673.2143,5290,0.0006512,1,0.0006512,4.65E-05,4.43E-05,2.24E-06,5.28E-06,7.84E-06,1.07E-05,1.07E-05,-1.25E-05,4.6876,0.28205,0,0,0,0,0,0,3.8389,236.5357
673.9286,5300,0.0006188,1,0.0006188,4.57E-05,4.41E-05,1.59E-06,5.25E-06,7.84E-06,1.08E-05,1.08E-05,-1.28E-05,4.4155,0.32122,0,0,0,0,0,0,3.8395,237.3753
674.6667,5310,0.0005896,1,0.0005896,4.49E-05,4.38E-05,1.08E-06,5.22E-06,7.85E-06,1.08E-05,1.08E-05,-1.31E-05,4.152,0.33671,0,0,0,0,0,0,3.8418,238.1215
675.4286,5320,0.0006115,1,0.0006115,4.37E-05,4.35E-05,1.42E-07,5.20E-06,7.86E-06,1.08E-05,1.08E-05,-1.33E-05,3.9061,0.48116,0,0,0,0,0,0,3.8458,238.7707
676.1429,5330,0.000554,1,0.000554,4.29E-05,4.32E-05,-3.19E-07,5.19E-06,7.88E-06,1.09E-05,1.09E-05,-1.36E-05,3.6881,3.19E-20,0,0,0,0,0,0,3.8516,239.3198
676.9167,5340,0.0006065,1,0.0006065,4.40E-05,4.28E-05,1.25E-06,5.19E-06,7.92E-06,1.10E-05,1.10E-05,-1.38E-05,3.5077,3.38E-14,0,0,0,0,0,0,3.8591,239.766
677.6429,5350,0.0006,1,0.0006,4.29E-05,4.24E-05,4.85E-07,5.20E-06,7.97E-06,1.11E-05,1.11E-05,-1.41E-05,3.3734,3.60E-14,0,0,0,0,0,0,3.8684,240.1062
678.3571,5360,0.0005502,1,0.0005502,4.32E-05,4.19E-05,1.32E-06,5.22E-06,8.03E-06,1.12E-05,1.12E-05,-1.43E-05,3.2912,4.27E-12,0,0,0,0,0,0,3.8795,240.3373
679.1429,5370,0.000605,1,0.000605,4.32E-05,4.14E-05,1.79E-06,5.26E-06,8.12E-06,1.13E-05,1.13E-05,-1.46E-05,3.2646,8.04E-09,0,0,0,0,0,0,3.8925,240.4558
679.8571,5380,0.0006067,1,0.0006067,4.33E-05,4.09E-05,2.44E-06,5.32E-06,8.22E-06,1.15E-05,1.15E-05,-1.49E-05,3.2939,2.03E-05,0,0,0,0,0,0,3.9074,240.4582
680.5714,5390,0.0006046,1,0.0006046,4.61E-05,4.04E-05,5.72E-06,5.39E-06,8.35E-06,1.17E-05,1.17E-05,-1.52E-05,3.3769,1.14E-05,1,0,0,0,0,0,3.9241,240.3407
681.3333,5400,0.000599,1,0.000599,4.42E-05,3.98E-05,4.44E-06,5.48E-06,8.50E-06,1.19E-05,1.19E-05,-1.55E-05,3.5094,0.00015827,0,0,0,0,0,0,3.9429,240.0996
682.0714,5410,0.0006528,1,0.0006528,4.66E-05,3.92E-05,7.46E-06,5.59E-06,8.67E-06,1.21E-05,1.21E-05,-1.58E-05,3.6854,3.50E-05,0,0,0,0,0,0,3.9635,239.7315
682.7857,5420,0.0006158,1,0.0006158,4.84E-05,3.86E-05,9.83E-06,5.72E-06,8.85E-06,1.24E-05,1.24E-05,-1.61E-05,3.8976,8.51E-08,0,0,0,0,0,0,3.986,239.2336
683.5714,5430,0.000675,1,0.000675,4.82E-05,3.79E-05,1.03E-05,5.85E-06,9.05E-06,1.26E-05,1.26E-05,-1.64E-05,4.1384,0.00075782,1,1,0,0,0,0,4.0105,238.6031
684.2857,5440,0.0006036,1,0.0006036,4.31E-05,3.73E-05,5.86E-06,6.00E-06,9.26E-06,1.29E-05,1.29E-05,-1.66E-05,4.4,3.12E-06,0,0,0,0,0,0,4.0368,237.8382
685,5450,0.0003782,1,0.0003782,2.97E-05,3.66E-05,-6.88E-06,6.15E-06,9.47E-06,1.32E-05,1.32E-05,-1.69E-05,4.675,0.011582,0,0,0,0,0,0,4.0649,236.9373
685.7857,5460,0.0004032,1,0.0004032,2.88E-05,3.59E-05,-7.13E-06,6.31E-06,9.69E-06,1.35E-05,1.35E-05,-1.72E-05,4.9576,0.0070558,0,0,0,0,0,0,4.0948,235.8997
686.5,5470,0.0003271,1,0.0003271,2.45E-05,3.53E-05,-1.07E-05,6.47E-06,9.91E-06,1.38E-05,1.38E-05,-1.74E-05,5.2441,0.40495,0,0,0,0,0,0,4.1264,234.7253
687.25,5480,0.0004223,1,0.0004223,3.17E-05,3.46E-05,-2.94E-06,6.63E-06,1.01E-05,1.40E-05,1.40E-05,-1.77E-05,5.5311,0.018857,0,0,0,0,0,0,4.1596,233.4146
688,5490,0.0005327,1,0.0005327,3.81E-05,3.39E-05,4.11E-06,6.79E-06,1.03E-05,1.43E-05,1.43E-05,-1.79E-05,5.8161,0.59922,0,0,0,0,0,0,4.1944,231.9687
688.7143,5500,0.00041,1,0.00041,3.22E-05,3.33E-05,-1.07E-06,6.94E-06,1.05E-05,1.46E-05,1.46E-05,-1.80E-05,6.0971,0.007427,0,0,0,0,0,0,4.2305,230.3893
689.5,5510,0.000414,1,0.000414,2.96E-05,3.26E-05,-3.07E-06,7.09E-06,1.07E-05,1.48E-05,1.48E-05,-1.82E-05,6.3729,0.72783,0,0,0,0,0,0,4.268,228.6784
690.2143,5520,0.000381,1,0.000381,2.99E-05,3.20E-05,-2.08E-06,7.23E-06,1.09E-05,1.50E-05,1.50E-05,-1.83E-05,6.6432,0.014316,0,0,0,0,0,0,4.3068,226.8389
691,5530,0.0004427,1,0.0004427,3.16E-05,3.14E-05,1.91E-07,7.37E-06,1.11E-05,1.52E-05,1.52E-05,-1.84E-05,6.9082,0.13351,0,0,0,0,0,0,4.3467,224.8736
691.7143,5540,0.000435,1,0.000435,3.11E-05,3.10E-05,3.44E-08,7.49E-06,1.12E-05,1.54E-05,1.54E-05,-1.84E-05,7.1689,0.95924,0,0,0,0,0,0,4.3876,222.7858
692.4286,5550,0.0004328,1,0.0004328,3.40E-05,3.07E-05,3.30E-06,7.60E-06,1.14E-05,1.56E-05,1.56E-05,-1.85E-05,7.4269,0.18961,0,0,0,0,0,0,4.4295,220.5792
693.2143,5560,0.0004358,1,0.0004358,3.11E-05,3.02E-05,9.06E-07,7.70E-06,1.15E-05,1.57E-05,1.57E-05,-1.86E-05,7.6839,0.96349,0,0,0,0,0,0,4.4724,218.2573
693.9286,5570,0.0003684,1,0.0003684,2.89E-05,2.98E-05,-8.16E-07,7.80E-06,1.16E-05,1.59E-05,1.59E-05,-1.87E-05,7.9406,0.95652,0,0,0,0,0,0,4.5161,215.8242
694.7143,5580,0.0002604,1,0.0002604,1.86E-05,2.93E-05,-1.07E-05,7.89E-06,1.17E-05,1.60E-05,1.60E-05,-1.87E-05,8.1968,0.98063,0,0,0,0,0,0,4.5606,213.284
695.4286,5590,0.0002548,1,0.0002548,2.00E-05,2.91E-05,-9.09E-06,7.98E-06,1.18E-05,1.62E-05,1.62E-05,-1.88E-05,8.4515,0.98717,0,0,0,0,0,0,4.6059,210.6417
696.2143,5600,0.0002488,1,0.0002488,1.95E-05,2.89E-05,-9.36E-06,8.06E-06,1.19E-05,1.63E-05,1.63E-05,-1.89E-05,8.7027,0.99004,0,0,0,0,0,0,4.6519,207.9028
697,5610,0.0002841,1,0.0002841,2.03E-05,2.86E-05,-8.29E-06,8.15E-06,1.21E-05,1.64E-05,1.64E-05,-1.90E-05,8.9476,0.98857,0,0,0,0,0,0,4.6986,205.0734
697.7143,5620,0.0002748,1,0.0002748,2.16E-05,2.83E-05,-6.70E-06,8.23E-06,1.22E-05,1.66E-05,1.66E-05,-1.92E-05,9.1834,0.98835,0,0,0,0,0,0,4.7458,202.1604
698.5,5630,0.0003081,1,0.0003081,2.31E-05,2.81E-05,-4.95E-06,8.32E-06,1.23E-05,1.67E-05,1.67E-05,-1.93E-05,9.4066,0.96715,0,0,0,0,0,0,4.7937,199.1713
699.25,5640,0.0003032,1,0.0003032,2.27E-05,2.79E-05,-5.13E-06,8.40E-06,1.24E-05,1.69E-05,1.69E-05,-1.94E-05,9.614,0.91173,0,0,0,0,0,0,4.8421,196.1143
700,5650,0.0003105,1,0.0003105,2.33E-05,2.77E-05,-4.46E-06,8.48E-06,1.25E-05,1.70E-05,1.70E-05,-1.95E-05,9.802,0.89137,0,0,0,0,0,0,4.8912,192.9982
700.75,5660,0.0002881,1,0.0002881,2.16E-05,2.77E-05,-6.07E-06,8.56E-06,1.26E-05,1.72E-05,1.72E-05,-1.97E-05,9.9674,0.82582,0,0,0,0,0,0,4.9408,189.8324
701.5,5670,0.000264,1,0.000264,2.07E-05,2.77E-05,-6.93E-06,8.64E-06,1.27E-05,1.73E-05,1.73E-05,-1.98E-05,10.1068,0.8683,0,0,0,0,0,0,4.9911,186.627
702.2857,5680,0.0002992,1,0.0002992,2.35E-05,2.77E-05,-4.20E-06,8.72E-06,1.28E-05,1.75E-05,1.75E-05,-1.99E-05,10.2175,0.95299,0,0,0,0,0,0,5.042,183.3924
703.0714,5690,0.0002744,1,0.0002744,2.09E-05,2.78E-05,-6.89E-06,8.79E-06,1.29E-05,1.76E-05,1.76E-05,-2.00E-05,10.2972,0.94477,0,0,0,0,0,0,5.0936,180.14
703.8333,5700,0.0003502,1,0.0003502,2.63E-05,2.79E-05,-1.66E-06,8.86E-06,1.30E-05,1.77E-05,1.77E-05,-2.01E-05,10.3444,0.95417,0,0,0,0,0,0,5.1459,176.8814
704.5833,5710,0.0003345,1,0.0003345,2.59E-05,2.81E-05,-2.18E-06,8.93E-06,1.31E-05,1.78E-05,1.78E-05,-2.02E-05,10.3587,0.95326,0,0,0,0,0,0,5.1989,173.6284
705.3571,5720,0.0003478,1,0.0003478,2.73E-05,2.82E-05,-9.00E-07,8.99E-06,1.32E-05,1.79E-05,1.79E-05,-2.03E-05,10.3411,0.9438,0,0,0,0,0,0,5.2528,170.393
706.1429,5730,0.0003735,1,0.0003735,2.89E-05,2.84E-05,5.10E-07,9.06E-06,1.33E-05,1.80E-05,1.80E-05,-2.04E-05,10.2945,0.92997,0,0,0,0,0,0,5.314,167.8039
706.9167,5740,0.0004248,1,0.0004248,3.19E-05,2.86E-05,3.30E-06,9.12E-06,1.34E-05,1.81E-05,1.81E-05,-2.04E-05,10.2235,0.90954,0,0,0,0,0,0,5.3772,165.32
707.6667,5750,0.0003286,1,0.0003286,2.74E-05,2.87E-05,-1.35E-06,9.19E-06,1.35E-05,1.82E-05,1.82E-05,-2.05E-05,10.1338,0.90469,0,0,0,0,0,0,5.4421,162.9137
708.5,5760,0.0003876,1,0.0003876,2.91E-05,2.89E-05,1.57E-07,9.26E-06,1.35E-05,1.83E-05,1.83E-05,-2.05E-05,10.0318,0.81875,0,0,0,0,0,0,5.5082,160.5581
709.25,5770,0.0004471,1,0.0004471,3.35E-05,2.91E-05,4.43E-06,9.34E-06,1.36E-05,1.85E-05,1.85E-05,-2.05E-05,9.9241,0.67134,0,0,0,0,0,0,5.5752,158.2328
710,5780,0.0004864,1,0.0004864,4.05E-05,2.93E-05,1.12E-05,9.43E-06,1.37E-05,1.86E-05,1.86E-05,-2.06E-05,9.8163,0.5984,0,0,0,0,0,0,5.6428,155.9239
710.8333,5790,0.0008688,1,0.0008688,6.52E-05,2.95E-05,3.56E-05,9.52E-06,1.39E-05,1.87E-05,1.87E-05,-2.06E-05,9.7123,0.53159,0,0,0,0,0,0,5.7108,153.6231
711.5833,5800,0.002445,1,0.002445,0.00020375,2.98E-05,0.00017396,9.63E-06,1.40E-05,1.89E-05,1.89E-05,-2.06E-05,9.6124,0.511,0,0,0,0,0,0,5.7791,151.3256
712.4167,5810,0.0011872,1,0.0011872,9.47E-05,3.01E-05,6.46E-05,9.74E-06,1.41E-05,1.90E-05,1.90E-05,-2.06E-05,9.5142,0.49269,0,1,1,1,0,0.0026117,5.8476,149.0291
713.2143,5820,0.0005626,1,0.0005626,4.42E-05,3.04E-05,1.38E-05,9.87E-06,1.43E-05,1.92E-05,1.92E-05,-2.07E-05,9.4155,0.41146,1,0,0,0,0,0,5.9163,146.7326
714,5830,0.0004162,1,0.0004162,3.47E-05,3.07E-05,4.00E-06,1.00E-05,1.44E-05,1.94E-05,1.94E-05,-2.07E-05,9.3142,0.32528,0,0,0,0,0,0,5.985,144.4364
714.8333,5840,0.0006092,1,0.0006092,4.57E-05,3.10E-05,1.47E-05,1.02E-05,1.46E-05,1.96E-05,1.96E-05,-2.07E-05,9.2085,0.34779,0,0,0,0,0,0,6.0539,142.1408
715.5833,5850,0.000852,1,0.000852,7.10E-05,3.14E-05,3.96E-05,1.03E-05,1.48E-05,1.98E-05,1.98E-05,-2.07E-05,9.0972,0.38959,0,0,0,0,0,0,6.1229,139.8466
716.4167,5860,0.0011152,1,0.0011152,9.29E-05,3.17E-05,6.12E-05,1.05E-05,1.50E-05,2.00E-05,2.00E-05,-2.08E-05,8.9799,0.50223,0,0,0,0,0,0,6.1919,137.5548
717.25,5870,0.0011636,1,0.0011636,9.56E-05,3.21E-05,6.35E-05,1.07E-05,1.52E-05,2.03E-05,2.03E-05,-2.08E-05,8.8564,0.42606,0,0,0,0,0,0,6.261,135.2663
718.0714,5880,0.0013892,1,0.0013892,0.00010584,3.23E-05,7.35E-05,1.08E-05,1.54E-05,2.05E-05,2.05E-05,-2.09E-05,8.7271,0.42635,1,1,1,1,0,0.0020439,6.3302,132.9821
718.8333,5890,0.0005044,1,0.0005044,4.20E-05,3.27E-05,9.38E-06,1.10E-05,1.56E-05,2.07E-05,2.07E-05,-2.09E-05,8.5926,0.59912,0,0,0,0,0,0,6.3994,130.7029
719.6667,5900,0.0003312,1,0.0003312,2.76E-05,3.30E-05,-5.35E-06,1.12E-05,1.58E-05,2.10E-05,2.10E-05,-2.09E-05,8.4534,0.60282,0,0,0,0,0,0,6.4687,128.4298
720.5,5910,0.0004812,1,0.0004812,4.01E-05,3.32E-05,6.86E-06,1.13E-05,1.60E-05,2.12E-05,2.12E-05,-2.10E-05,0,0.77119,0,0,0,0,0,0,6.5381,126.1636
721.3333,5920,0.000716,1,0.000716,5.97E-05,3.34E-05,2.62E-05,1.14E-05,1.61E-05,2.14E-05,2.14E-05,-2.11E-05,0,0.86933,1,1,1,1,0,4.87E-05,6.6076,123.905
722.1667,5930,0.0004666,1,0.0004666,3.89E-05,3.36E-05,5.27E-06,1.15E-05,1.62E-05,2.15E-05,2.15E-05,-2.12E-05,0,0.95351,0,0,0,0,0,0,6.6772,121.6549
723,5940,0.0002912,1,0.0002912,2.43E-05,3.38E-05,-9.52E-06,1.16E-05,1.63E-05,2.16E-05,2.16E-05,-2.14E-05,0,0.94298,0,0,0,0,0,0,6.7468,119.414
723.8333,5950,0.0002968,1,0.0002968,2.57E-05,3.39E-05,-8.22E-06,1.15E-05,1.63E-05,2.16E-05,2.16E-05,-2.16E-05,0,0.99439,0,0,0,0,0,0,6.8166,117.1829
724.7,5960,0.0003235,1,0.0003235,2.86E-05,3.41E-05,-5.53E-06,1.14E-05,1.62E-05,2.16E-05,2.16E-05,-2.19E-05,0,0.9479,0,0,0,0,0,0,6.8865,114.9623
725.5833,5970,0.0003375,1,0.0003375,2.81E-05,3.43E-05,-6.13E-06,1.12E-05,1.60E-05,2.14E-05,2.14E-05,-2.22E-05,0,0.7349,0,0,0,0,0,0,6.9565,112.7529
726.4167,5980,0.0003131,1,0.0003131,2.61E-05,3.44E-05,-8.31E-06,1.05E-05,1.53E-05,2.07E-05,2.07E-05,-2.29E-05,0,0.68106,0,0,0,0,0,0,7.0266,110.5553
727.25,5990,0.0002601,1,0.0002601,2.38E-05,3.45E-05,-1.07E-05,9.59E-06,1.44E-05,1.97E-05,1.97E-05,-2.35E-05,0,0.64286,0,0,0,0,0,0,7.0968,108.3699
728.1667,6000,0.0003016,1,0.0003016,2.51E-05,3.47E-05,-9.55E-06,8.57E-06,1.33E-05,1.86E-05,1.86E-05,-2.42E-05,0,0.63189,0,0,0,0,0,0,7.1672,106.1975
729,6010,0.000442,1,0.000442,3.98E-05,3.48E-05,4.95E-06,7.49E-06,1.21E-05,1.74E-05,1.74E-05,-2.48E-05,0,0.56416,0,0,0,0,0,0,7.2377,104.0384
729.9,6020,0.0004789,1,0.0004789,4.07E-05,3.50E-05,5.74E-06,6.38E-06,1.10E-05,1.61E-05,1.61E-05,-2.55E-05,0,0.51592,0,0,0,0,0,0,7.3083,101.8931
730.75,6030,0.0004346,1,0.0004346,3.69E-05,3.51E-05,1.84E-06,5.25E-06,9.77E-06,1.48E-05,1.48E-05,-2.61E-05,0,0.50666,0,0,0,0,0,0,7.3792,99.7621
731.6,6040,0.0004526,1,0.0004526,4.07E-05,3.52E-05,5.49E-06,4.12E-06,8.56E-06,1.35E-05,1.35E-05,-2.68E-05,0,0.52471,1,0,0,0,0,0,7.4502,97.6459
732.5,6050,0.0004026,1,0.0004026,3.62E-05,3.54E-05,8.58E-07,2.97E-06,7.35E-06,1.22E-05,1.22E-05,-2.74E-05,0,0.49829,0,0,0,0,0,0,7.5213,95.5447
733.4,6060,0.0004851,1,0.0004851,4.12E-05,3.55E-05,5.72E-06,1.83E-06,6.12E-06,1.09E-05,1.09E-05,-2.80E-05,0,0.53855,0,0,0,0,0,0,7.5927,93.459
734.25,6070,0.0004895,1,0.0004895,4.49E-05,3.56E-05,9.23E-06,6.71E-07,4.90E-06,9.63E-06,9.63E-06,-2.87E-05,0,0.55865,0,0,0,0,0,0,7.6642,91.389
735.1667,6080,0.000503,1,0.000503,4.61E-05,3.58E-05,1.03E-05,-4.90E-07,3.66E-06,8.31E-06,8.31E-06,-2.93E-05,0,0.56908,0,0,1,1,0,2.02E-05,7.736,89.3351
736.0833,6090,0.0004255,1,0.0004255,3.90E-05,3.59E-05,3.09E-06,-1.66E-06,2.41E-06,6.98E-06,6.98E-06,-3.00E-05,0,0.5191,0,0,0,0,0,0,7.8079,87.2974
737,6100,0.000475,1,0.000475,3.96E-05,3.60E-05,3.54E-06,-2.84E-06,1.16E-06,5.64E-06,5.64E-06,-3.06E-05,0,0.41892,0,1,0,0,0,0,7.8801,85.2763
737.8333,6110,0.0003653,1,0.0003653,3.35E-05,3.62E-05,-2.68E-06,-4.02E-06,-1.05E-07,4.29E-06,4.29E-06,-3.13E-05,0,0.50856,0,0,0,0,0,0,7.9525,83.2718
738.75,6120,0.0003475,1,0.0003475,3.19E-05,3.63E-05,-4.44E-06,-5.22E-06,-1.38E-06,2.92E-06,2.92E-06,-3.19E-05,0,0.49685,1,0,0,0,0,0,8.0251,81.2841
739.6667,6130,0.0003243,1,0.0003243,2.97E-05,3.64E-05,-6.70E-06,-6.44E-06,-2.68E-06,1.54E-06,1.54E-06,-3.26E-05,0,0.48436,0,0,0,0,0,0,8.0979,79.3133
740.5833,6140,0.0003905,1,0.0003905,3.58E-05,3.65E-05,-7.50E-07,-7.67E-06,-3.99E-06,1.44E-07,1.44E-07,-3.33E-05,0,4.43E-21,0,0,0,0,0,0,8.171,77.3594
741.5,6150,0.00035,1,0.00035,3.15E-05,3.67E-05,-5.17E-06,-8.92E-06,-5.32E-06,-1.28E-06,-1.28E-06,-3.40E-05,0,NaN                            ,0,0,0,0,0,0,8.2444,75.4223
742.4,6160,0.0004053,1,0.0004053,3.78E-05,3.68E-05,1.04E-06,-1.02E-05,-6.67E-06,-2.72E-06,-2.72E-06,-3.47E-05,0,7.59E-20,0,0,0,0,0,0,8.3179,73.5022
743.3333,6170,0.000573,1,0.000573,5.25E-05,3.69E-05,1.56E-05,-1.15E-05,-8.05E-06,-4.19E-06,-4.19E-06,-3.54E-05,0,0.64357,0,0,0,0,0,0,8.3918,71.5988
744.25,6180,0.0006198,1,0.0006198,5.68E-05,3.70E-05,1.98E-05,-1.28E-05,-9.45E-06,-5.69E-06,-5.69E-06,-3.61E-05,0,NaN                            ,0,0,0,0,0,0,8.4659,69.712
745.1667,6190,0.0004494,1,0.0004494,4.19E-05,3.71E-05,4.82E-06,-1.42E-05,-1.09E-05,-7.22E-06,-7.22E-06,-3.68E-05,0,NaN                            ,0,0,0,0,0,0,8.5402,67.8416
746.1,6200,0.0003844,1,0.0003844,3.46E-05,3.72E-05,-2.64E-06,-1.55E-05,-1.23E-05,-8.79E-06,-8.79E-06,-3.76E-05,0,NaN                            ,0,0,0,0,0,0,8.6148,65.9873
747,6210,0.0006115,1,0.0006115,3.06E-05,3.73E-05,-6.76E-06,-1.69E-05,-1.38E-05,-1.04E-05,-1.04E-05,-3.84E-05,0,NaN                            ,1,1,1,1,0,0.0010633,8.6896,64.1489
NaN                             ,6220,0,0,0,0,3.74E-05,-3.74E-05,-1.84E-05,-1.54E-05,-1.20E-05,-1.20E-05,-3.91E-05,0,NaN                            ,0,0,0,0,0,0,8.7647,NaN                            
